NCESSCH,NAME,CITY,NMCNTY,LOCALE,LAT,LON,SCHOOLYEAR,IPR_EST,tiles2km,tests2km,dl2km,tower_km,rural,cell,claim_env,claimed_at_school,claim_frac_2km,vehicle_frac_2km,tribal_area,on_tribal_land,unverifiable
40000100120,Black Mountain Elementary School,SCOTTSDALE,Maricopa County,12,33.7908,-111.954,2024-2025,528.0,22,80.0,353.3491000000001,3.532079857795354,False,8929b6c885bffff,1.0,True,1.0,1.0,,False,False
40000100616,Desert Sun Academy,Scottsdale,Maricopa County,12,33.737316,-111.944769,2024-2025,676.0,11,17.0,308.8317647058824,2.830159703403823,False,8929b6c850fffff,1.0,True,1.0,1.0,,False,False
40000101203,Desert Arroyo Middle School,CAVE CREEK,Maricopa County,12,33.788518,-111.958556,2024-2025,559.0,25,141.0,326.8512765957446,3.045771704645768,False,8929b6c88cbffff,1.0,True,1.0,1.0,,False,False
40000101204,Cactus Shadows High School,Scottsdale,Maricopa County,12,33.7855,-111.956,2024-2025,540.0,25,99.0,343.5347373737373,3.0377253212349085,False,8929b6c8e37ffff,1.0,True,1.0,1.0,,False,False
40000101871,Sonoran Trails Middle School,Phoenix,Maricopa County,41,33.732355,-111.96185,2024-2025,669.0,13,25.0,220.41884,4.208361767225323,True,8929b6cae6bffff,1.0,True,1.0,1.0,,False,False
40000101872,Desert Willow Elementary School,Cave Creek,Maricopa County,11,33.7691,-111.9875,2024-2025,728.0,22,106.0,342.2567924528301,0.3981178074634723,False,8929b6cab6bffff,1.0,True,1.0,1.0,,False,False
40000102344,Lone Mountain Elementary School,Cave Creek,Maricopa County,11,33.7638,-111.9673,2024-2025,651.0,24,122.0,235.7327950819672,1.7113273333065062,False,8929b6c8cc7ffff,1.0,True,1.0,1.0,,False,False
40000102484,Horseshoe Trails Elementary School,Phoenix,Maricopa County,41,33.733,-111.9663,2024-2025,667.0,17,38.0,211.7314210526316,4.508497704639246,True,8929b6cae6fffff,1.0,True,1.0,1.0,,False,False
40000103687,Cave Creek Academy of Excellence,SCOTTSDALE,Maricopa County,12,33.785837,-111.953594,2024-2025,536.0,22,80.0,360.0889875000001,3.246733399611298,False,8929b6c8e37ffff,1.0,True,1.0,1.0,,False,False
40000300147,Del Rio Elementary School,CHINO VALLEY,Yavapai County,31,34.761005,-112.465966,2024-2025,334.0,19,101.0,543.0487128712872,11.919006673463649,False,8929b28124bffff,1.0,True,1.0,1.0,,False,False
40000301198,Heritage Middle School,CHINO VALLEY,Yavapai County,31,34.7626,-112.4668,2024-2025,332.0,18,63.0,635.1275396825397,11.751373946930377,False,8929b28124bffff,1.0,True,1.0,1.0,,False,False
40000301458,Chino Valley High School,CHINO VALLEY,Yavapai County,41,34.746849,-112.451857,2024-2025,372.0,24,111.0,303.7279009009008,13.905970227201538,True,8929b28a50bffff,1.0,True,1.0,1.0,,False,False
40000301969,Territorial Early Childhood Center,CHINO VALLEY,Yavapai County,31,34.7655,-112.4458,2024-2025,320.0,20,234.0,475.2215982905984,13.169554376004289,False,8929b28a1cbffff,1.0,True,1.0,1.0,,False,False
40000400912,Clarkdale-Jerome Elementary School,CLARKDALE,Yavapai County,41,34.767775,-112.066434,2024-2025,163.0,17,39.0,338.2676153846154,4.827197982161156,True,8929b2c22afffff,1.0,True,1.0,0.9940828402366864,,False,False
40000403787,Clarkdale-Jerome Online Learning Academy,CLARKDALE,Yavapai County,41,34.767775,-112.066434,2024-2025,163.0,17,39.0,338.2676153846154,4.827197982161156,True,8929b2c22afffff,1.0,True,1.0,0.9940828402366864,,False,False
40000500629,Salome Elementary School,Salome,La Paz County,43,33.781733,-113.620207,2024-2025,260.0,4,64.0,60.252671875,2.5936374774754185,True,8929b474277ffff,1.0,True,1.0,1.0,,False,False
40001600476,Center for Academic Success #1 - Sierra Vista 9-12,SIERRA VISTA,Cochise County,13,31.5574,-110.2897,2024-2025,254.0,35,483.0,297.9622691511387,1.4581767351122608,False,8948ee1404bffff,1.0,True,1.0,1.0,,False,False
40001600481,Center for Academic Success #2 - Douglas 9-12,DOUGLAS,Cochise County,33,31.3396,-109.5548,2024-2025,169.0,22,136.0,224.74619117647052,4.328589227927169,False,8948eec94d3ffff,1.0,True,0.6272189349112426,0.6272189349112426,,False,False
40001601942,Center for Academic Success #3 - Douglas K-4,DOUGLAS,Cochise County,33,31.336993,-109.547415,2024-2025,169.0,20,109.0,217.86103669724767,3.879601742955388,False,8948e3349afffff,1.0,True,0.621301775147929,0.621301775147929,,False,False
40001602442,Center for Academic Success #4 - Douglas 5-8,DOUGLAS,Cochise County,33,31.3489,-109.5526,2024-2025,163.0,26,159.0,207.04396855345917,3.7629892759712114,False,8948eec9457ffff,1.0,True,0.8875739644970414,0.8875739644970414,,False,False
40001602443,Center for Academic Success #5 - Sierra Vista K-8,SIERRA VISTA,Cochise County,13,31.558156,-110.289873,2024-2025,253.0,35,483.0,297.9622691511387,1.4466413026647216,False,8948ee1404fffff,1.0,True,1.0,1.0,,False,False
40001800496,Pine Forest School,FLAGSTAFF,Coconino County,13,35.217552,-111.614165,2024-2025,311.0,36,247.0,269.5651862348178,2.725362565471673,False,8948c996977ffff,1.0,True,1.0,1.0,,False,False
40001900498,Flagstaff Arts And Leadership Academy,FLAGSTAFF,Coconino County,13,35.238057,-111.66878,2024-2025,504.0,13,45.0,349.7678666666667,5.290357046632815,False,8929b24b533ffff,1.0,True,1.0,0.9704142011834319,,False,False
40002001179,Montessori Charter School of Flagstaff - Campus,FLAGSTAFF,Coconino County,13,35.2005,-111.6314,2024-2025,318.0,48,564.0,397.7109592198582,4.9765072643447965,False,8929b259a57ffff,1.0,True,1.0,1.0,,False,False
40002101276,El Capitan Public School,Colorado City,Mohave County,42,36.995444,-113.004115,2024-2025,247.0,2,3.0,230.788,43.1997447657058,True,89299541aa7ffff,1.0,True,0.6153846153846154,0.6153846153846154,,False,False
40002101277,Colorado City High School,Colorado City,Mohave County,42,36.995444,-113.004115,2024-2025,247.0,2,3.0,230.788,43.1997447657058,True,89299541aa7ffff,1.0,True,0.6153846153846154,0.6153846153846154,,False,False
40002101523,Colorado City Jr High School,Colorado City,Mohave County,42,36.995444,-113.004115,2024-2025,247.0,2,3.0,230.788,43.1997447657058,True,89299541aa7ffff,1.0,True,0.6153846153846154,0.6153846153846154,,False,False
40002103446,Cottonwood Elementary,Colorado City,Mohave County,43,36.991901,-112.970132,2024-2025,237.0,13,42.0,287.3387857142857,40.15605671859716,True,8929954ad23ffff,1.0,True,0.7751479289940828,0.6745562130177515,,False,False
40002201354,Vernon Elementary School,Vernon,Apache County,43,34.2498,-109.6944,2024-2025,211.0,2,4.0,51.531000000000006,18.39315558592867,True,8948cc7aa97ffff,1.0,True,1.0,0.8165680473372781,,False,False
40002301352,Pinon Elementary School,Pinon,Navajo County,43,36.11397,-110.216254,2024-2025,111.0,3,3.0,56.369,10.906111689853224,True,8948cbb9c23ffff,1.0,True,1.0,1.0,Navajo Nation,True,False
40002301355,Pinon Accelerated Middle School,Pinon,Navajo County,43,36.11397,-110.216254,2024-2025,111.0,3,3.0,56.369,10.906111689853224,True,8948cbb9c23ffff,1.0,True,1.0,1.0,Navajo Nation,True,False
40002301524,Pinon High School,Pinon,Navajo County,43,36.11397,-110.216254,2024-2025,111.0,3,3.0,56.369,10.906111689853224,True,8948cbb9c23ffff,1.0,True,1.0,1.0,Navajo Nation,True,False
40002303703,Pinon Eagles Online Academy,Pinon,Navajo County,43,36.11397,-110.216254,2024-2025,111.0,3,3.0,56.369,10.906111689853224,True,8948cbb9c23ffff,1.0,True,1.0,1.0,Navajo Nation,True,False
40002601389,Capps Elementary School,HEBER,Navajo County,33,34.427628,-110.596708,2024-2025,162.0,8,19.0,85.0298947368421,1.1433287885137866,False,8948cd53263ffff,1.0,True,0.9940828402366864,0.8520710059171598,,False,False
40002601459,Mogollon Jr High School,Heber,Navajo County,41,34.435623,-110.587504,2024-2025,155.0,10,27.0,60.79022222222221,0.4182444955990394,True,8948cd514cbffff,1.0,True,1.0,0.8994082840236687,,False,False
40002601460,Mogollon High School,Heber,Navajo County,41,34.435623,-110.587504,2024-2025,155.0,10,27.0,60.79022222222221,0.4182444955990394,True,8948cd514cbffff,1.0,True,1.0,0.8994082840236687,,False,False
40002601767,Mountain Meadows Primary,Heber-Overgaard,Navajo County,33,34.3985,-110.5545,2024-2025,156.0,22,116.0,130.18988793103446,4.709147637704092,False,8948cc24c3bffff,1.0,True,1.0,0.9467455621301775,,False,False
40002800528,Triumphant Learning Center,SAFFORD,Graham County,33,32.833,-109.7058,2024-2025,186.0,22,75.0,450.9090000000001,2.870421451046661,False,8948ea558b3ffff,1.0,True,1.0,1.0,,False,False
40003100689,Ridgeline Academy Inc.,PHOENIX,Maricopa County,11,33.790133,-112.120925,2024-2025,498.0,26,208.0,400.6795576923077,3.9101584047335214,False,8929b6ce38fffff,1.0,True,1.0,1.0,,False,False
40003300703,Mesa Arts Academy,MESA,Maricopa County,11,33.403803,-111.836464,2024-2025,150.0,48,761.0,308.95675952693824,4.660450713585663,False,8948eba569bffff,1.0,True,1.0,1.0,,False,False
40003400707,Reid Traditional Schools' Valley Academy,PHOENIX,Maricopa County,11,33.6779,-112.0919,2024-2025,322.0,43,571.0,338.01344833625217,10.198953250295045,False,8929b6c006fffff,1.0,True,1.0,1.0,,False,False
40003700712,Bennett Academy,PHOENIX,Maricopa County,11,33.5251,-112.1221,2024-2025,186.0,45,610.0,284.1796278688525,1.0267064804751835,False,8929b6d016fffff,1.0,True,1.0,1.0,,False,False
40003703168,Bennett Academy - Venture Site,PHOENIX,Maricopa County,11,33.5672,-112.0924,2024-2025,214.0,40,568.0,311.2705528169014,4.468603072367075,False,8929b6d19cfffff,1.0,True,1.0,1.0,,False,False
40004003343,STEP UP SCHOOL,MESA,Maricopa County,11,33.424138,-111.830049,2024-2025,153.0,42,608.0,290.1266381578947,6.958419873546667,False,8948eba5663ffff,1.0,True,1.0,1.0,,False,False
40004100718,Gateway Early College High School,PHOENIX,Maricopa County,11,33.4493,-111.9971,2024-2025,147.0,45,1371.0,315.3444157549235,8.051836176885551,False,8948eba4dcfffff,1.0,True,1.0,1.0,,False,False
40004300733,New School for the Arts,TEMPE,Maricopa County,12,33.415291,-111.919221,2024-2025,219.0,46,1087.0,308.7807690892364,7.716061416623338,False,8948eba405bffff,1.0,True,1.0,1.0,,False,False
40004703031,Salt River Accelerated Learning Academy,SCOTTSDALE,Maricopa County,41,33.506913,-111.838363,2024-2025,214.0,7,13.0,204.78607692307693,11.495342869789273,True,8948ebaebabffff,1.0,True,1.0,1.0,Salt River,True,False
40005200752,NFL YET College Prep Academy,PHOENIX,Maricopa County,11,33.37482,-112.070991,2024-2025,192.0,36,397.0,313.0450125944584,1.3138078267944069,False,8948e969c4fffff,1.0,True,1.0,1.0,,False,False
40005300754,Heritage Academy,MESA,Maricopa County,11,33.4142,-111.8321,2024-2025,164.0,46,746.0,297.01692091152813,5.87483776918945,False,8948eba560bffff,1.0,True,1.0,1.0,,False,False
40005303402,Heritage Academy Queen Creek,Queen Creek,Maricopa County,21,33.277389,-111.658482,2024-2025,371.0,29,79.0,353.64015189873413,4.416687547342362,False,8948ebb8dcbffff,1.0,True,1.0,1.0,,False,False
40005303851,Heritage Academy Pinnacle,MESA,Maricopa County,21,33.695769,-112.204912,2024-2025,,30,238.0,409.239743697479,6.340676240442073,False,8929b6c7637ffff,1.0,True,1.0,1.0,,False,False
40005400756,Villa Montessori - Phoenix Campus,PHOENIX,Maricopa County,11,33.504455,-112.021091,2024-2025,499.0,43,466.0,409.4085278969957,9.088951669291973,False,8929b6d10c3ffff,1.0,True,1.0,1.0,,False,False
40005501731,EduPreneurship Student Charter School,PHOENIX,Maricopa County,11,33.544468,-112.117626,2024-2025,194.0,44,498.0,233.74478915662647,1.5220431888887251,False,8929b6d0e7bffff,1.0,True,1.0,1.0,,False,False
40005600781,Arizona School For The Arts,PHOENIX,Maricopa County,11,33.464439,-112.069791,2024-2025,355.0,48,1649.0,391.9484972710733,6.5345543793201495,False,8929b6d3153ffff,1.0,True,1.0,1.0,,False,False
40005700784,City View High School,PHOENIX,Maricopa County,11,33.456125,-112.081191,2024-2025,162.0,49,1811.0,443.22292269464384,5.621611824494809,False,8929b6d319bffff,1.0,True,1.0,1.0,,False,False
40006101742,Intelli-School - Paradise Valley,Phoenix,Maricopa County,11,33.639642,-112.050794,2024-2025,292.0,42,418.0,211.1845119617225,9.25404581436849,False,8929b6c3317ffff,1.0,True,1.0,1.0,,False,False
40006103780,IntelliSchool Online,PHOENIX,Maricopa County,11,33.553719,-112.107124,2024-2025,193.0,41,552.0,209.8872608695652,2.581799257388915,False,8929b6d1d23ffff,1.0,True,1.0,1.0,,False,False
40006501599,Benjamin Franklin Charter School - Crismon,Queen Creek,Maricopa County,41,33.263792,-111.605612,2024-2025,343.0,28,81.0,224.9116172839506,5.184416099504239,True,8948ebb83b3ffff,1.0,True,1.0,1.0,,False,False
40006501600,Benjamin Franklin Charter School - Gilbert,GILBERT,Maricopa County,11,33.323604,-111.754265,2024-2025,476.0,39,428.0,297.8821098130841,3.4840393835539443,False,8948eba00dbffff,1.0,True,1.0,1.0,,False,False
40006502685,Benjamin Franklin Charter School - Power,Gilbert,Maricopa County,21,33.240518,-111.683653,2024-2025,522.0,28,145.0,448.2926344827587,4.768839153729689,False,8948ebba9cbffff,1.0,True,1.0,1.0,,False,False
40006503395,Benjamin Franklin High School,Queen Creek,Maricopa County,41,33.279764,-111.67649,2024-2025,411.0,36,254.0,352.3331850393701,2.766052595611008,True,8948ebb8da3ffff,1.0,True,1.0,1.0,,False,False
40006701901,Victory High School - West Campus,PHOENIX,Maricopa County,11,33.392729,-112.094458,2024-2025,201.0,40,347.0,361.40945821325647,2.32078146490028,False,8948e9698b7ffff,1.0,True,1.0,1.0,,False,False
40006800825,Montessori Day Public Schools Chartered - Tempe,CHANDLER,Maricopa County,11,33.335749,-111.871292,2024-2025,367.0,45,291.0,334.0335738831615,2.601705278594541,False,8948eba2933ffff,1.0,True,1.0,1.0,,False,False
40006801745,Montessori Day Public Schools Chartered - Mountainside,PHOENIX,Maricopa County,11,33.569888,-112.052069,2024-2025,262.0,29,315.0,260.1738063492063,7.156153280677371,False,8929b6d1a03ffff,1.0,True,1.0,1.0,,False,False
40006900826,Khalsa Montessori Elementary School - Phoenix,PHOENIX,Maricopa County,11,33.4761,-112.0702,2024-2025,534.0,44,911.0,282.4771361141603,7.334701649999729,False,8929b6d316bffff,1.0,True,1.0,1.0,,False,False
40007000831,Tempe Preparatory Academy,TEMPE,Maricopa County,12,33.392618,-111.918573,2024-2025,215.0,46,367.0,325.38492370572203,5.38848675128326,False,8948eba445bffff,1.0,True,1.0,1.0,,False,False
40007100832,Bright Beginnings School #1,CHANDLER,Maricopa County,11,33.3086,-111.8743,2024-2025,358.0,48,755.0,518.351557615894,3.6397009740522623,False,8948eba2da3ffff,1.0,True,1.0,1.0,,False,False
40007200834,Montessori Education Centre Charter School - Mesa,MESA,Maricopa County,11,33.394,-111.7697,2024-2025,289.0,43,297.0,372.5461952861953,0.7208364993445321,False,8948eba1987ffff,1.0,True,1.0,1.0,,False,False
40007202264,Montessori Education Centre Charter School - North Campus,MESA,Maricopa County,11,33.4304,-111.7875,2024-2025,216.0,41,553.0,519.9139005424954,5.0908542710887374,False,8948ebae08fffff,1.0,True,1.0,1.0,,False,False
40007401604,Kingman Academy of Learning - Primary School,KINGMAN,Mohave County,32,35.22248,-114.02735,2024-2025,159.0,43,690.0,211.04489420289855,17.799452920299018,False,8929b396843ffff,1.0,True,1.0,1.0,,False,False
40007401605,Kingman Academy of Learning - Intermediate School,KINGMAN,Mohave County,32,35.222455,-114.025257,2024-2025,157.0,43,682.0,213.5214560117302,17.65885423393469,False,8929b396843ffff,1.0,True,1.0,1.0,,False,False
40007401759,Kingman Academy of Learning - Middle School,KINGMAN,Mohave County,32,35.21854,-114.025639,2024-2025,164.0,42,682.0,212.8189824046921,17.38851536573371,False,8929b396853ffff,1.0,True,1.0,1.0,,False,False
40007402185,Kingman Academy of Learning - High School,KINGMAN,Mohave County,32,35.223572,-114.028214,2024-2025,158.0,42,670.0,206.94232835820895,17.93966533098613,False,8929b396847ffff,1.0,True,1.0,1.0,,False,False
40007500893,Young Scholars Academy,BULLHEAD CITY,Mohave County,23,35.0338,-114.5956,2024-2025,265.0,22,1120.0,78.13189285714286,8.536119213194514,False,8929b11b2abffff,1.0,True,1.0,1.0,,False,False
40007700943,Northern AZ Academy for Career Dev. - Taylor,Taylor,Navajo County,41,34.4809,-110.0974,2024-2025,197.0,13,44.0,66.5005909090909,10.4073102890443,True,8948c893077ffff,1.0,True,1.0,0.9940828402366864,,False,False
40007801006,Edge High School - Himmel Park,TUCSON,Pima County,11,32.235137,-110.934258,2024-2025,333.0,44,400.0,353.1006,3.387142002892984,False,8948e85462fffff,1.0,True,1.0,1.0,,False,False
40007802386,EDGE High School - Northwest,TUCSON,Pima County,21,32.334486,-110.975312,2024-2025,358.0,29,402.0,583.6951169154229,10.023418663894834,False,8948e846093ffff,1.0,True,1.0,1.0,,False,False
40007901008,Alternative Computerized Education (ACE) Charter High School,TUCSON,Pima County,11,32.245757,-110.972279,2024-2025,143.0,45,535.0,347.2072018691589,0.8863091358420558,False,8948e8541c7ffff,1.0,True,1.0,1.0,,False,False
40007903035,Youth Works Charter High School,TUCSON,Pima County,11,32.192698,-110.94251,2024-2025,184.0,32,302.0,266.80542715231786,3.631801963548852,False,8948e856243ffff,1.0,True,1.0,1.0,,False,False
40008101010,Presidio School,TUCSON,Pima County,11,32.265323,-110.946866,2024-2025,251.0,40,439.0,260.9574738041003,3.742844863801871,False,8948e854373ffff,1.0,True,1.0,1.0,,False,False
40008200006,River Valley High School,MOHAVE VALLEY,Mohave County,41,34.894401,-114.570219,2024-2025,270.0,3,17.0,40.05976470588236,2.537690768721128,True,8929b1c5693ffff,1.0,True,1.0,1.0,,False,False
40008201457,Mohave High School,BULLHEAD CITY,Mohave County,23,35.1064,-114.5999,2024-2025,207.0,35,557.0,298.22055834829445,1.542387212657352,False,8929b119edbffff,1.0,True,0.9230769230769231,0.9230769230769231,,False,False
40008203225,CRUHSD Academy,FORT MOHAVE,Mohave County,41,34.894401,-114.570219,2024-2025,270.0,3,17.0,40.05976470588236,2.537690768721128,True,8929b1c5693ffff,1.0,True,1.0,1.0,,False,False
40008301011,PPEP TEC - Celestino Fernandez Learning Center,TUCSON,Pima County,11,32.1693,-110.9449,2024-2025,154.0,36,254.0,974.1771574803148,1.5562504869899698,False,8948e856643ffff,1.0,True,1.0,1.0,,False,False
40008301014,PPEP TEC - Alice S. Paul Learning Center,CASA GRANDE,Pinal County,13,32.886636,-111.758136,2024-2025,179.0,33,275.0,304.77703636363634,4.512340904511692,False,8948e95988bffff,1.0,True,1.0,1.0,,False,False
40008301015,PPEP TEC - Raul H. Castro Learning Center,DOUGLAS,Cochise County,33,31.34605,-109.554896,2024-2025,163.0,23,140.0,225.51361428571423,4.061025608296232,False,8948eec941bffff,1.0,True,0.8520710059171598,0.8520710059171598,,False,False
40008301016,PPEP TEC - Cesar Chavez Learning Center,San Luis,Yuma County,32,32.500636,-114.785955,2024-2025,124.0,20,78.0,209.46753846153845,1.1305686380719222,False,89485b8b27bffff,1.0,True,0.8520710059171598,0.8520710059171598,,False,False
40008301017,PPEP TEC - Jose Yepez Learning Center,Somerton,Yuma County,31,32.597762,-114.705995,2024-2025,147.0,21,134.0,457.4339850746268,2.894610222981536,False,89485bc4427ffff,1.0,True,1.0,1.0,,False,False
40008301018,PPEP TEC - Colin L. Powell Learning Center,Sierra Vista,Cochise County,13,31.5324,-110.2558,2024-2025,288.0,30,348.0,288.6706867816092,2.8622670780077395,False,8948ee1730fffff,1.0,True,1.0,1.0,,False,False
40008301021,PPEP TEC - Manuel Borjorquez Learning Center-CLOSED,BISBEE,Cochise County,32,31.4227,-109.8877,2024-2025,217.0,12,90.0,157.82451111111112,9.43125727465516,False,8948eecedd3ffff,1.0,True,1.0,0.9704142011834319,,False,False
40008901063,Sedona Charter School,SEDONA,Yavapai County,32,34.862352,-111.819878,2024-2025,285.0,20,131.0,321.1834580152672,29.6164762044286,False,8929b2cb3cfffff,1.0,True,1.0,0.9171597633136095,,False,False
40009001066,Mingus Springs Charter School,CHINO VALLEY,Yavapai County,31,34.799453,-112.493037,2024-2025,341.0,5,20.0,358.7351,7.605799423764639,False,8929b28ad4fffff,1.0,True,1.0,0.9289940828402367,,False,False
40009201075,Franklin Phonetic Primary School,Prescott Valley,Yavapai County,13,34.580772,-112.358072,2024-2025,221.0,25,286.0,422.4067307692309,19.39037831100056,False,8929b29b41bffff,1.0,True,1.0,0.9822485207100592,,False,False
40009301086,Skyview School,PRESCOTT,Yavapai County,13,34.5413,-112.4563,2024-2025,296.0,31,407.0,318.4943906633906,9.489658075673388,False,8929b664847ffff,1.0,True,1.0,0.9763313609467456,,False,False
40009401109,AZTEC High School,YUMA,Yuma County,12,32.677605,-114.64958,2024-2025,259.0,30,232.0,296.7944181034483,3.904805799579631,False,89485bc5a8fffff,1.0,True,1.0,1.0,,False,False
40009501114,Educational Opportunity Center Charter High School,YUMA,Yuma County,12,32.6993,-114.665249,2024-2025,283.0,39,237.0,341.99524894514764,2.3500349503593805,False,89485bc5b73ffff,1.0,True,1.0,1.0,,False,False
40009601174,Mountain School,FLAGSTAFF,Coconino County,13,35.1626,-111.6692,2024-2025,545.0,26,151.0,327.79447019867547,10.299076125972327,False,8929b259c17ffff,1.0,True,1.0,0.9289940828402367,,False,False
40009701178,Northland Preparatory Academy,Flagstaff,Coconino County,13,35.1996,-111.6062,2024-2025,236.0,38,336.0,370.1441726190477,4.7141972818263245,False,8948c9969d3ffff,1.0,True,1.0,1.0,,False,False
40009801180,Flagstaff Junior Academy,FLAGSTAFF,Coconino County,13,35.2135,-111.6459,2024-2025,510.0,29,289.0,401.0721903114188,4.495929899430857,False,8929b24b497ffff,1.0,True,1.0,1.0,,False,False
40009901182,Liberty High School,GLOBE,Gila County,33,33.401231,-110.775802,2024-2025,196.0,16,191.0,200.83292670157067,11.111147352065162,False,8948eb42503ffff,1.0,True,1.0,0.9881656804733728,,False,False
40010001714,Hearn Academy The - A Ball Charter School,PHOENIX,Maricopa County,11,33.6449,-112.0832,2024-2025,349.0,47,637.0,286.7058791208792,10.09827480649814,False,8929b6c044bffff,1.0,True,1.0,1.0,,False,False
40010201582,Friendly House Academia Del Pueblo Elem,PHOENIX,Maricopa County,11,33.429,-112.0705,2024-2025,130.0,35,337.0,448.5614183976262,2.609653840845224,False,8929b6d34a7ffff,1.0,True,1.0,1.0,,False,False
40010301583,Ombudsman - Charter East,PHOENIX,Maricopa County,11,33.479939,-111.996269,2024-2025,338.0,46,620.0,322.73909999999995,11.01200692551114,False,8948eba4947ffff,1.0,True,1.0,1.0,,False,False
40010301724,Ombudsman - Charter West,Phoenix,Maricopa County,11,33.638585,-112.122838,2024-2025,275.0,45,520.0,349.17211153846154,6.414233799208915,False,8929b6c2377ffff,1.0,True,1.0,1.0,,False,False
40010302008,Ombudsman - Charter Metro,Glendale,Maricopa County,21,33.55126,-112.152221,2024-2025,210.0,45,483.0,301.2483022774327,4.207688884449343,False,8929b6d0807ffff,1.0,True,1.0,1.0,,False,False
40010302139,Ombudsman - Charter Northeast,Tempe,Maricopa County,12,33.44295,-111.927461,2024-2025,260.0,38,445.0,361.277991011236,9.759897667874348,False,8948eba4373ffff,1.0,True,1.0,1.0,,False,False
40010302329,Ombudsman - Charter Northwest,Peoria,Maricopa County,21,33.581325,-112.264203,2024-2025,261.0,40,321.0,276.33397507788163,9.315337706808345,False,8929b6d40cfffff,1.0,True,1.0,1.0,,False,False
40010302855,Ombudsman Hiaki Charter,Tucson,Pima County,41,32.115707,-111.074764,2024-2025,393.0,8,23.0,320.61465217391304,11.447587562372702,True,8948e81b073ffff,1.0,True,1.0,1.0,Pascua Pueblo Yaqui,True,False
40010302950,Ombudsman - Charter Valencia,TUCSON,Pima County,11,32.136471,-111.002207,2024-2025,149.0,30,185.0,382.8972702702703,6.913277122115749,False,8948e8ccbd7ffff,1.0,True,1.0,1.0,,False,False
40010303753,Ombudsman Online Academy,Glendale,Maricopa County,11,33.640435,-112.136717,2024-2025,320.0,48,427.0,315.9140632318501,5.128594270592207,False,8929b6c2e53ffff,1.0,True,1.0,1.0,,False,False
40010601892,AAEC - Paradise Valley,PHOENIX,Maricopa County,11,33.654305,-112.00138,2024-2025,310.0,39,302.0,286.5955960264901,4.658907712387902,False,8929b6c1683ffff,1.0,True,1.0,1.0,,False,False
40010701590,Humanities and Sciences High School - Phoenix,PHOENIX,Maricopa County,11,33.513177,-112.06435,2024-2025,504.0,47,537.0,387.831104283054,4.997220414608978,False,8929b6d025bffff,1.0,True,1.0,1.0,,False,False
40010702650,International Commerce High School - Phoenix,PHOENIX,Maricopa County,11,33.392608,-112.067763,2024-2025,504.0,35,330.0,404.92258484848486,1.6167810009219503,False,8948e969e27ffff,1.0,True,1.0,1.0,,False,False
40010802145,International Commerce High School - Tempe,TEMPE,Maricopa County,12,33.406869,-111.922185,2024-2025,242.0,47,850.0,308.7967776470588,6.98012470074828,False,8948eba40dbffff,1.0,True,1.0,1.0,,False,False
40010803162,Humanities and Sciences Academy Arizona,TEMPE,Maricopa County,12,33.40704,-111.922227,2024-2025,241.0,48,918.0,315.94148474945524,6.999255877923715,False,8948eba40dbffff,1.0,True,1.0,1.0,,False,False
40010803807,International Commerce High School MCG,Mesa,Maricopa County,11,33.381097,-111.839216,2024-2025,,43,1280.0,410.5983234375,2.496012737171053,False,8948eba0983ffff,1.0,True,1.0,1.0,,False,False
40010901592,Phoenix Advantage Charter School,PHOENIX,Maricopa County,11,33.4914,-112.0486,2024-2025,174.0,46,798.0,265.6070989974937,7.485750069172865,False,8929b6d15d7ffff,1.0,True,1.0,1.0,,False,False
40011101594,Center for Educational Excellence,TEMPE,Maricopa County,12,33.349994,-111.9136,2024-2025,520.0,41,398.0,316.35943969849245,1.749690296822612,False,8948eba7583ffff,1.0,True,1.0,1.0,,False,False
40011201595,American Leadership Academy Gilbert K-6,GILBERT,Maricopa County,11,33.293471,-111.737013,2024-2025,494.0,37,551.0,288.78323774954623,3.1477765996889646,False,8948eba311bffff,1.0,True,1.0,1.0,,False,False
40011203179,American Leadership Academy Queen Creek K-12,QUEEN CREEK,Maricopa County,21,33.231271,-111.65278,2024-2025,538.0,30,128.0,352.8504296875,6.396890950517361,False,8948ebbae2fffff,1.0,True,1.0,1.0,,False,False
40011203279,American Leadership Academy San Tan Valley K-6,San Tan Valley,Pinal County,21,33.194185,-111.590537,2024-2025,225.0,31,123.0,273.21117886178865,2.954966359150381,False,8948ebba2cfffff,1.0,True,1.0,1.0,,False,False
40011203340,American Leadership Academy Mesa K-6,MESA,Maricopa County,11,33.33329,-111.591057,2024-2025,434.0,27,113.0,316.55662831858405,6.955964157497476,False,8948ebaa68bffff,1.0,True,1.0,1.0,,False,False
40011203365,American Leadership Academy Anthem K-6,Florence,Pinal County,41,33.072358,-111.487777,2024-2025,310.0,15,63.0,266.77847619047617,11.582211400731532,True,8948eb80b23ffff,1.0,True,1.0,1.0,,False,False
40011203475,American Leadership Academy Ironwood K12,San Tan Valley,Pinal County,41,33.22115,-111.570586,2024-2025,447.0,34,306.0,274.5513790849673,1.3666955880900622,True,8948ebb869bffff,1.0,True,1.0,1.0,,False,False
40011203570,American Leadership Academy Signal Butte K-6,Queen Creek,Maricopa County,21,33.244415,-111.601208,2024-2025,411.0,39,192.0,203.60923437500003,3.0561959129955603,False,8948ebb80abffff,1.0,True,1.0,1.0,,False,False
40011203573,American Leadership Academy Gilbert North K-12,GILBERT,Maricopa County,11,33.331584,-111.723786,2024-2025,435.0,39,175.0,288.8082,4.947915119487545,False,8948eba15afffff,1.0,True,1.0,1.0,,False,False
40011203576,American Leadership Academy Gilbert South K-6,GILBERT,Maricopa County,11,33.220019,-111.75193,2024-2025,494.0,29,334.0,435.0572395209582,4.924056172011351,False,8948ebb18bbffff,1.0,True,1.0,1.0,,False,False
40011203702,American Leadership Academy West Foothills K-12,Surprise,Maricopa County,41,33.567567,-112.439137,2024-2025,371.0,31,103.0,161.08444660194178,3.9048198395528817,True,8929b6999d3ffff,1.0,True,1.0,1.0,,False,False
40011203779,AMERICAN LEADERSHIP ACADEMY VIRTUAL,Mesa,Maricopa County,41,33.340839,-111.682632,2024-2025,371.0,30,162.0,333.2786419753087,5.863048758330652,True,8948eba1057ffff,1.0,True,1.0,1.0,,False,False
40011203808,American Leadership Academy of Applied Technologies,Mesa,Maricopa County,41,33.28311,-111.66672,2024-2025,,28,192.0,314.18938541666665,3.501067254330607,True,8948ebb8d03ffff,1.0,True,1.0,1.0,,False,False
40011203865,American Leadership Academy Mesa North K-12,MESA,Maricopa County,41,33.480278,-111.702236,2024-2025,,32,106.0,380.8594339622642,4.080272718101357,True,8948ebaf36bffff,1.0,True,1.0,1.0,,False,False
40011203866,American Leadership Academy - Sierra Vista K-12,Sierra Vista,Cochise County,41,31.514551,-110.250795,2024-2025,,23,213.0,234.61934272300468,0.9408897419478782,True,8948ee17063ffff,1.0,True,1.0,1.0,,False,False
40011301601,Fountain Hills Charter School,FOUNTAIN HLS,Maricopa County,21,33.622604,-111.717592,2024-2025,542.0,21,282.0,337.9248368794326,5.5874313185573214,False,8948eb37153ffff,1.0,True,1.0,1.0,,False,False
40011501617,Hermosa Montessori Charter,TUCSON,Pima County,41,32.266606,-110.734859,2024-2025,403.0,8,39.0,271.4810256410256,10.073227528972858,True,8948e843017ffff,1.0,True,1.0,0.9881656804733728,,False,False
40012101581,Accelerated Learning Center,PHOENIX,Maricopa County,11,33.5819,-111.9923,2024-2025,620.0,31,232.0,188.43393103448275,5.668796477089954,False,8929b6daaa7ffff,1.0,True,1.0,1.0,,False,False
40012201585,ACCLAIM Academy,PHOENIX,Maricopa County,11,33.495776,-112.224385,2024-2025,237.0,45,622.0,315.389615755627,5.072472936432775,False,8948e96da73ffff,1.0,True,1.0,1.0,,False,False
40012401589,Genesis Academy,PHOENIX,Maricopa County,11,33.4654,-112.0661,2024-2025,324.0,44,1061.0,344.64797455230905,6.674798670364789,False,8929b6d315bffff,1.0,True,1.0,1.0,,False,False
40012601620,Montessori Schoolhouse,TUCSON,Pima County,11,32.26515,-110.952058,2024-2025,222.0,40,518.0,275.8747895752896,3.463551124793367,False,8948e85430fffff,1.0,True,1.0,1.0,,False,False
40012601778,Montessori Schoolhouse,TUCSON,Pima County,11,32.26515,-110.952058,2024-2025,222.0,40,518.0,275.8747895752896,3.463551124793367,False,8948e85430fffff,1.0,True,1.0,1.0,,False,False
40013001803,American Heritage Academy - Cottonwood,COTTONWOOD,Yavapai County,32,34.732279,-112.004605,2024-2025,203.0,28,152.0,344.3575065789473,10.630601116104554,False,8929b2c34d7ffff,1.0,True,1.0,1.0,,False,False
40013002569,American Heritage Academy - Camp Verde,CAMP VERDE,Yavapai County,32,34.559042,-111.856816,2024-2025,362.0,20,143.0,396.8739860139861,10.094110427490026,False,8948cda467bffff,1.0,True,1.0,1.0,,False,False
40013101781,AmeriSchools Academy - Camelback,PHOENIX,Maricopa County,11,33.5089,-112.0902,2024-2025,236.0,47,408.0,239.6773308823529,3.3009677845406653,False,8929b6d02b7ffff,1.0,True,1.0,1.0,,False,False
40013101960,AmeriSchools Academy - Yuma,YUMA,Yuma County,12,32.6901,-114.6235,2024-2025,141.0,41,472.0,313.1262521186441,1.0965476721848617,False,89485bce98fffff,1.0,True,1.0,1.0,,False,False
40013102070,AmeriSchools Academy - Tucson,TUCSON,Pima County,11,32.237561,-110.926438,2024-2025,291.0,43,446.0,385.6919215246637,4.107890027162103,False,8948e85429bffff,1.0,True,1.0,1.0,,False,False
40013103274,Amerischools Academy - Yuma North,YUMA,Yuma County,12,32.7051,-114.6252,2024-2025,199.0,41,523.0,410.9742523900574,0.834828347350401,False,89485bce92bffff,1.0,True,1.0,1.0,,False,False
40013103759,AmeriSchools Academy Online Instruction,TUCSON,Pima County,11,32.237561,-110.926438,2024-2025,291.0,43,446.0,385.6919215246637,4.107890027162103,False,8948e85429bffff,1.0,True,1.0,1.0,,False,False
40013401786,BASIS Tucson Primary,TUCSON,Pima County,11,32.2349,-110.9109,2024-2025,219.0,41,409.0,485.4442640586797,5.579739320122478,False,8948e8555bbffff,1.0,True,1.0,1.0,,False,False
40013501748,Challenge Charter School,GLENDALE,Maricopa County,21,33.6425,-112.1838,2024-2025,315.0,42,589.0,349.3760373514431,0.8279192174028235,False,8929b6c2d5bffff,1.0,True,1.0,1.0,,False,False
40014101657,Discovery Plus Academy,PIMA,Graham County,42,32.9014,-109.845,2024-2025,228.0,7,43.0,80.58088372093022,2.909265415501159,True,8948ea09e97ffff,1.0,True,1.0,1.0,,False,False
40014401717,Girls Leadership Academy of Arizona,Phoenix,Maricopa County,11,33.508237,-112.083686,2024-2025,337.0,47,412.0,247.9383859223301,3.777331950278346,False,8929b6d02bbffff,1.0,True,1.0,1.0,,False,False
40014501750,Gem Charter School,MESA,Maricopa County,11,33.419995,-111.822326,2024-2025,154.0,43,594.0,292.33932828282826,6.234939933903511,False,8948eba564fffff,1.0,True,1.0,1.0,,False,False
40014701787,Ha:san Preparatory & Leadership School,TUCSON,Pima County,11,32.222799,-110.951447,2024-2025,287.0,44,483.0,284.36507453416147,2.4370126147190168,False,8948e854467ffff,1.0,True,1.0,1.0,,False,False
40014901897,Kaizen Education Foundation dba El Dorado High School,CHANDLER,Maricopa County,11,33.350193,-111.860226,2024-2025,340.0,44,296.0,348.02455743243246,1.8382780541730404,False,8948eba768bffff,1.0,True,1.0,1.0,,False,False
40014903386,Glenview College Preparatory High School,GLENDALE,Maricopa County,21,33.524649,-112.153241,2024-2025,155.0,43,463.0,368.16817062634993,3.731630091440669,False,8929b6d0c17ffff,1.0,True,1.0,1.0,,False,False
40015001793,Mexicayotl Charter School,NOGALES,Santa Cruz County,33,31.369541,-110.932776,2024-2025,157.0,20,95.0,235.93648421052632,3.0456830827772188,False,8948ec7b2b7ffff,1.0,True,1.0,1.0,,False,False
40015003403,Mexicayotl Academy,TUCSON,Pima County,11,32.23003,-110.970499,2024-2025,205.0,45,645.0,251.6249937984496,0.8869742227679864,False,8948e854547ffff,1.0,True,1.0,1.0,,False,False
40015101747,New Horizon School for the Performing Arts,MESA,Maricopa County,11,33.4081,-111.8212,2024-2025,161.0,46,709.0,325.0758095909732,5.4872888036241205,False,8948eba0b37ffff,1.0,True,1.0,1.0,,False,False
40015301902,Learning Institute The,PHOENIX,Maricopa County,11,33.5153,-112.0569,2024-2025,461.0,46,600.0,367.2256433333334,5.557424175967251,False,8929b6d1183ffff,1.0,True,1.0,1.0,,False,False
40015401770,Shonto Preparatory Technology High School,Shonto,Navajo County,43,36.598492,-110.655179,2024-2025,123.0,8,17.0,96.7269411764706,0.2699166324792447,True,892996c8db7ffff,1.0,True,1.0,0.9822485207100592,Navajo Nation,True,False
40015701728,Sequoia Choice School Arizona Distance Learning School,Mesa,Maricopa County,11,33.387587,-111.814937,2024-2025,198.0,42,468.0,387.5518269230769,4.422377353415657,False,8948eba082bffff,1.0,True,1.0,1.0,,False,False
40015703046,Sequoia Pathfinder Academy at Verrado Way and I-10,Buckeye,Maricopa County,41,33.458743,-112.49688,2024-2025,379.0,24,134.0,201.0656119402985,7.814104801819119,True,8929b69a103ffff,1.0,True,1.0,1.0,,False,False
40015901791,Tucson Preparatory School,TUCSON,Pima County,11,32.271717,-110.971049,2024-2025,136.0,43,1057.0,525.5553774834437,3.750196544277705,False,8948e854e1bffff,1.0,True,1.0,1.0,,False,False
40016302429,Ponderosa High School,Flagstaff,Coconino County,13,35.2093,-111.604,2024-2025,238.0,47,402.0,382.5154278606965,3.666048505125656,False,8948c996953ffff,1.0,True,1.0,1.0,,False,False
40016303138,Tse'yaato' High School,Page,Coconino County,33,36.906558,-111.470867,2024-2025,229.0,29,316.0,236.49669936708855,1.5008757096534326,False,89299632417ffff,1.0,True,1.0,0.9704142011834319,,False,False
40016303711,CCASD Online Instruction,Flagstaff,Coconino County,13,35.2093,-111.604,2024-2025,238.0,47,402.0,382.5154278606965,3.666048505125656,False,8948c996953ffff,1.0,True,1.0,1.0,,False,False
40016501755,Keystone Montessori Charter School,PHOENIX,Maricopa County,11,33.2957,-112.0606,2024-2025,465.0,25,129.0,353.84427131782945,1.1595101288449243,False,8948e96b077ffff,1.0,True,1.0,1.0,,False,False
40018101889,Benchmark School,PHOENIX,Maricopa County,11,33.6199,-111.993,2024-2025,334.0,43,368.0,334.4730108695652,7.560790641187191,False,8929b6d8d47ffff,1.0,True,1.0,1.0,,False,False
40018201890,Cambridge Academy East,MESA,Maricopa County,11,33.4374,-111.6276,2024-2025,314.0,34,192.0,281.13075520833337,1.1809938617075944,False,8948eba8c47ffff,1.0,True,1.0,1.0,,False,False
40018202964,Cambridge Academy East,Queen Creek,Maricopa County,21,33.24826,-111.643842,2024-2025,556.0,36,433.0,345.4599630484989,6.269095006806561,False,8948ebbaa0fffff,1.0,True,1.0,1.0,,False,False
40018401713,Dobson Academy The - A Ball Charter School,CHANDLER,Maricopa County,11,33.3394,-111.8752,2024-2025,349.0,46,280.0,363.1577857142857,2.081955349794653,False,8948eba74cbffff,1.0,True,1.0,1.0,,False,False
40018502147,Pioneer Technology & Arts Academy of Arizona,PHOENIX,Maricopa County,11,33.3992,-112.04,2024-2025,199.0,34,301.0,382.2348372093023,3.331658797225161,False,8948eba6d33ffff,1.0,True,1.0,1.0,,False,False
40018701906,Stepping Stones Academy,PHOENIX,Maricopa County,21,33.809572,-112.066225,2024-2025,552.0,27,53.0,195.59939622641517,6.73038650645203,False,8929b6cc68bffff,1.0,True,1.0,1.0,,False,False
40019001908,Liberty Traditional Charter School,PHOENIX,Maricopa County,11,33.494004,-112.155302,2024-2025,159.0,43,362.0,366.0142182320441,5.649436560564025,False,8929b6d2a83ffff,1.0,True,1.0,1.0,,False,False
40019003247,Liberty Traditional Charter School - Saddleback,DOUGLAS,Cochise County,41,31.373727,-109.527258,2024-2025,176.0,3,3.0,101.01466666666666,2.203362275912652,True,8948eec92d3ffff,1.0,True,1.0,1.0,,False,False
40019003789,Arizona Online Charter School,TUCSON,Pima County,11,32.1909,-110.8188,2024-2025,251.0,37,315.0,275.5522507936508,2.5320135815025835,False,8948e850e37ffff,1.0,True,1.0,1.0,,False,False
40019003824,La Paloma Academy Marana,Marana,Pima County,31,32.454384,-111.21658,2024-2025,,23,451.0,782.6578758314855,1.2134296780434497,False,8948e80d32fffff,1.0,True,1.0,1.0,,False,False
40019101909,Champion Schools,PHOENIX,Maricopa County,11,33.375347,-112.069951,2024-2025,191.0,36,397.0,313.0450125944584,1.406281915465913,False,8948e969c4bffff,1.0,True,1.0,1.0,,False,False
40019103434,Champion Chandler,Chandler,Maricopa County,11,33.300635,-111.82539,2024-2025,312.0,41,431.0,316.0609164733179,2.7165087204073908,False,8948eba2c4bffff,1.0,True,1.0,1.0,,False,False
40019103557,Champion San Tan,San Tan Valley,Pinal County,21,33.162482,-111.548098,2024-2025,282.0,23,170.0,367.5944470588236,7.009620378749113,False,8948ebbb49bffff,1.0,True,1.0,1.0,,False,False
40019701943,NAVIT - Snowflake High School,Snowflake,Navajo County,33,34.506962,-110.082748,2024-2025,156.0,13,126.0,171.2933253968254,7.669736321705241,False,8948c8914a3ffff,1.0,True,1.0,1.0,,False,False
40019701944,NAVIT - Show Low High School,SHOW LOW,Navajo County,41,34.261163,-110.049082,2024-2025,122.0,23,135.0,152.55825925925927,2.043094320965519,True,8948cc76843ffff,1.0,True,1.0,0.9940828402366864,,False,False
40019701945,NAVIT - Blue Ridge High School,LAKESIDE,Navajo County,33,34.149616,-109.966544,2024-2025,190.0,27,239.0,184.5879079497908,6.598116963376163,False,8948cc0dc67ffff,1.0,True,1.0,1.0,,False,False
40019701946,NAVIT - Round Valley High School,Eagar,Apache County,43,34.120618,-109.287906,2024-2025,226.0,23,113.0,148.55415929203542,26.384108428566417,True,8948cc49ddbffff,1.0,True,1.0,1.0,,False,False
40019701947,NAVIT - Mogollon High School (Heber-Overgaard),Heber,Navajo County,41,34.435623,-110.587504,2024-2025,155.0,10,27.0,60.79022222222221,0.4182444955990394,True,8948cd514cbffff,1.0,True,1.0,0.8994082840236687,,False,False
40019702238,NAVIT - NAVIT Courses,SHOW LOW,Navajo County,33,34.264751,-110.028565,2024-2025,123.0,16,151.0,210.52356953642385,3.0316837284204823,False,8948cc76ac3ffff,1.0,True,1.0,1.0,,False,False
40019703065,NAVIT - St. Johns High School,St Johns,Apache County,43,34.501976,-109.388748,2024-2025,156.0,14,126.0,96.98123809523813,12.623824026030912,True,8948cea554fffff,1.0,True,1.0,1.0,,False,False
40019703070,NAVIT - Holbrook High School,HOLBROOK,Navajo County,43,34.906373,-110.170141,2024-2025,198.0,18,72.0,110.992,3.518887557303964,True,8948c88c86bffff,1.0,True,1.0,1.0,,False,False
40019703071,NAVIT - Joseph City High School,Joseph City,Navajo County,43,34.95903,-110.322041,2024-2025,185.0,10,27.0,131.9698518518519,17.082832992293383,True,8948c8b8e9bffff,1.0,True,1.0,0.9940828402366864,,False,False
40019703072,NAVIT - Winslow High School,WINSLOW,Navajo County,33,35.027822,-110.689,2024-2025,156.0,21,175.0,247.81297714285716,5.569131328838534,False,8948c8a65d3ffff,1.0,True,1.0,1.0,,False,False
40019703169,NAVIT - Alchesay High School,Whiteriver,Navajo County,43,33.832438,-109.970594,2024-2025,72.0,11,64.0,24.7218125,7.772497933730054,True,8948cc11e27ffff,1.0,True,0.9585798816568047,0.8224852071005917,Fort Apache,True,False
40019703170,NAVIT - Payson High School,PAYSON,Gila County,33,34.237249,-111.331509,2024-2025,208.0,35,765.0,160.35683660130718,0.3815366143113459,False,8948cd8f403ffff,1.0,True,1.0,1.0,,False,False
40019703625,NAVIT - Northland Pioneer College WMC,SHOW LOW,Navajo County,33,34.243322,-110.053982,2024-2025,120.0,23,101.0,134.73236633663365,0.5401609414073507,False,8948cc76c7bffff,1.0,True,1.0,0.9585798816568047,,False,False
40019703626,NAVIT - Northland Pioneer College PDC,HOLBROOK,Navajo County,43,34.930334,-110.142208,2024-2025,181.0,14,95.0,116.24850526315792,6.48666693105802,True,8948c816457ffff,1.0,True,1.0,1.0,,False,False
40019703627,NAVIT - Northland Pioneer College SPE,Springerville,Apache County,43,34.124765,-109.275323,2024-2025,194.0,19,104.0,150.7171826923077,27.56418602394704,True,8948cc49c2bffff,1.0,True,1.0,1.0,,False,False
40019703629,NAVIT - Northland Pioneer College SCC,SNOWFLAKE,Navajo County,41,34.487847,-110.081395,2024-2025,208.0,16,84.0,129.44203571428574,9.780572205028498,True,8948c893233ffff,1.0,True,1.0,1.0,,False,False
40019703631,NAVIT - Gila Community College,PAYSON,Gila County,33,34.244285,-111.307258,2024-2025,228.0,30,685.0,137.95302189781015,2.566374823477567,False,8948cd8f613ffff,1.0,True,1.0,1.0,,False,False
40019703632,NAVIT - Northland Pioneer College LCC,WINSLOW,Navajo County,33,35.020782,-110.684119,2024-2025,155.0,19,149.0,217.85904697986575,5.114867196898373,False,8948c8b4b4fffff,1.0,True,1.0,1.0,,False,False
40019703633,NAVIT - Northland Pioneer College STJ,St. Johns,Apache County,43,34.505795,-109.369169,2024-2025,157.0,19,150.0,85.21816666666668,14.375760065079469,True,8948cea501bffff,1.0,True,1.0,0.9940828402366864,,False,False
40020102069,Pima Vocational High School,TUCSON,Pima County,11,32.162836,-110.970465,2024-2025,141.0,40,469.0,874.9431855010662,3.6997056856373343,False,8948e8566b7ffff,1.0,True,1.0,1.0,,False,False
40020201959,Academy of Tucson High School,TUCSON,Pima County,11,32.2059,-110.763712,2024-2025,419.0,21,118.0,348.0674406779661,3.192321302406212,False,8948e8518bbffff,1.0,True,1.0,1.0,,False,False
40020202312,Academy of Tucson Middle School,TUCSON,Pima County,11,32.205954,-110.836044,2024-2025,216.0,37,289.0,383.4409757785467,4.517666334341838,False,8948e850823ffff,1.0,True,1.0,1.0,,False,False
40020203141,Academy of Tucson Elementary School,TUCSON,Pima County,11,32.244018,-110.796204,2024-2025,401.0,24,235.0,417.8347446808511,6.026217481226667,False,8948e84246bffff,1.0,True,1.0,1.0,,False,False
40020401962,Mountain Rose Academy,TUCSON,Pima County,21,32.324859,-111.043512,2024-2025,214.0,30,376.0,251.14443085106387,10.89953899841572,False,8948e80909bffff,1.0,True,1.0,1.0,,False,False
40020501963,Great Expectations Academy,SAHUARITA,Pima County,32,31.9294,-110.996,2024-2025,343.0,13,40.0,146.48532499999996,8.399259926216622,False,8948e8c012fffff,1.0,True,1.0,0.9289940828402367,,False,False
40020801970,Mountain Oak Charter School,PRESCOTT,Yavapai County,13,34.569221,-112.480846,2024-2025,305.0,30,244.0,386.3190614754098,10.370270100805724,False,8929b2916cfffff,1.0,True,1.0,1.0,,False,False
40020901973,Park View Middle School,Prescott Valley,Yavapai County,41,34.5856,-112.307766,2024-2025,164.0,22,175.0,245.28860000000003,21.73561398918698,True,8929b66eb73ffff,1.0,True,1.0,0.9349112426035503,,False,False
40020903364,Canyon View Prep Academy,Prescott Valley,Yavapai County,41,34.5856,-112.307766,2024-2025,164.0,22,175.0,245.28860000000003,21.73561398918698,True,8929b66eb73ffff,1.0,True,1.0,0.9349112426035503,,False,False
40021001974,Willow Creek Charter School,PRESCOTT,Yavapai County,13,34.578948,-112.483146,2024-2025,278.0,28,184.0,401.378125,11.22255032736973,False,8929b291663ffff,1.0,True,1.0,0.9822485207100592,,False,False
40021101975,Tri-City College Prep,PRESCOTT,Yavapai County,41,34.635739,-112.40616,2024-2025,312.0,16,59.0,212.3621694915254,20.32000436345132,True,8929b298473ffff,1.0,True,1.0,0.9763313609467456,,False,False
40021200060,Benson Primary School,BENSON,Cochise County,32,31.962974,-110.299649,2024-2025,212.0,22,81.0,272.6267901234568,20.3493628809044,False,8948ee2a4c3ffff,1.0,True,1.0,1.0,,False,False
40021200061,Benson High School,BENSON,Cochise County,32,31.965419,-110.29961,2024-2025,214.0,23,86.0,273.6430465116279,20.2666197322121,False,8948ee2a4cfffff,1.0,True,1.0,1.0,,False,False
40021201120,Benson Middle School,BENSON,Cochise County,32,31.96403,-110.299,2024-2025,213.0,22,81.0,272.6267901234568,20.25619676389452,False,8948ee2a4c3ffff,1.0,True,1.0,1.0,,False,False
40021202444,Benson Digital Learning Center,BENSON,Cochise County,32,31.964691,-110.300253,2024-2025,214.0,23,82.0,271.69319512195125,20.34793962401173,False,8948ee2a4c7ffff,1.0,True,1.0,1.0,,False,False
40021203232,Benson Digital Learning Center Online,BENSON,Cochise County,32,31.964691,-110.300253,2024-2025,214.0,23,82.0,271.69319512195125,20.34793962401173,False,8948ee2a4c7ffff,1.0,True,1.0,1.0,,False,False
40021302100,STAR Charter School,FLAGSTAFF,Coconino County,42,35.305635,-111.298366,2024-2025,263.0,0,0.0,,29.194642912187767,True,8948c9811b7ffff,0.0,True,0.9230769230769231,0.005917159763313609,,False,True
40021702010,Mission Montessori Academy,SCOTTSDALE,Maricopa County,12,33.583533,-111.800844,2024-2025,848.0,24,163.0,305.0691901840491,3.678198878929692,False,8948eb365c7ffff,1.0,True,1.0,1.0,,False,False
40021801913,Burke Basic School,MESA,Maricopa County,11,33.3925,-111.8289,2024-2025,139.0,46,673.0,370.1100564635958,4.05963059836798,False,8948eba0947ffff,1.0,True,1.0,1.0,,False,False
40021902011,Tech Campus,PHOENIX,Maricopa County,11,33.491648,-112.117636,2024-2025,114.0,45,420.0,325.23215952380946,4.409019707075815,False,8929b6d0543ffff,1.0,True,1.0,1.0,,False,False
40021902328,Career Success Schools - STEM Academy 7-12,PHOENIX,Maricopa County,11,33.639017,-112.031657,2024-2025,254.0,46,486.0,197.7893230452675,7.868545785569244,False,8929b6c322fffff,1.0,True,1.0,1.0,,False,False
40021902338,Career Success School - Sage Campus,PHOENIX,Maricopa County,11,33.4845,-112.0133,2024-2025,242.0,43,447.0,224.25663310961968,10.454083097771411,False,8948eba4927ffff,1.0,True,1.0,1.0,,False,False
40021902367,Robert L. Duffy High School,PHOENIX,Maricopa County,11,33.447868,-112.027037,2024-2025,116.0,43,689.0,651.0003352685052,6.454353856624471,False,8929b6d3673ffff,1.0,True,1.0,1.0,,False,False
40022101921,Kaizen Education Foundation dba South Pointe Elementary Scho,PHOENIX,Maricopa County,11,33.392483,-112.037219,2024-2025,196.0,40,363.0,384.3341515151515,3.8085029466218474,False,8948eba6d17ffff,1.0,True,1.0,1.0,,False,False
40022302199,Sonoran Science Academy - Tucson,TUCSON,Pima County,21,32.308354,-111.01681,2024-2025,216.0,37,342.0,383.8287748538013,8.970824586392563,False,8948e854963ffff,1.0,True,1.0,1.0,,False,False
40022303734,Sonoran Virtual Academy,TUCSON,Pima County,21,32.308354,-111.01681,2024-2025,216.0,37,342.0,383.8287748538013,8.970824586392563,False,8948e854963ffff,1.0,True,1.0,1.0,,False,False
40022501887,Horizon Honors Secondary School,PHOENIX,Maricopa County,11,33.2986,-111.9789,2024-2025,438.0,44,447.0,368.0628903803132,1.040054877951436,False,8948ebb4857ffff,1.0,True,1.0,1.0,,False,False
40022702017,South Pointe Junior High School,PHOENIX,Maricopa County,11,33.37353,-112.071697,2024-2025,184.0,35,262.0,202.0006145038168,1.1562336913791644,False,8948e969c43ffff,1.0,True,1.0,1.0,,False,False
40022901918,Milestones Charter School,PHOENIX,Maricopa County,11,33.650574,-111.978762,2024-2025,279.0,38,375.0,354.10874666666666,3.95424454409954,False,8929b6d8b17ffff,1.0,True,1.0,1.0,,False,False
40023002171,Imagine Cortez Park Elementary,PHOENIX,Maricopa County,11,33.5661,-112.1348,2024-2025,220.0,43,659.0,304.21988012139605,4.346725649104026,False,8929b6d0a37ffff,1.0,True,1.0,1.0,,False,False
40023102021,James Madison Preparatory School,TEMPE,Maricopa County,12,33.3698,-111.9106,2024-2025,360.0,43,553.0,379.57752441229655,2.793730609532957,False,8948eba719bffff,1.0,True,1.0,1.0,,False,False
40023202022,Self Development Charter School,MESA,Maricopa County,11,33.44658,-111.734991,2024-2025,341.0,33,154.0,329.28470779220777,0.7840582619925406,False,8948ebaf567ffff,1.0,True,1.0,1.0,,False,False
40023203738,Self Development Online Academy,MESA,Maricopa County,11,33.44658,-111.734991,2024-2025,341.0,33,154.0,329.28470779220777,0.7840582619925406,False,8948ebaf567ffff,1.0,True,1.0,1.0,,False,False
40023503157,Avalon Elementary,Apache Junction,Pinal County,21,33.405071,-111.554107,2024-2025,274.0,44,800.0,242.97442875,2.3081137757522487,False,8948eba95b7ffff,1.0,True,1.0,1.0,,False,False
40023701925,Paramount Academy,PEORIA,Maricopa County,21,33.56484,-112.297026,2024-2025,250.0,34,212.0,296.0709433962264,12.798233389979115,False,8929b6d459bffff,1.0,True,1.0,1.0,,False,False
40023801854,Metropolitan Arts Institute,Phoenix,Maricopa County,11,33.4666,-112.083,2024-2025,607.0,48,1064.0,391.06553383458646,6.797600356187268,False,8929b6d3107ffff,1.0,True,1.0,1.0,,False,False
40023902533,Arts Academy at Estrella Mountain,TOLLESON,Maricopa County,11,33.424,-112.2573,2024-2025,233.0,33,327.0,216.99028440366973,0.9263208901132644,False,8948e96c283ffff,1.0,True,1.0,1.0,,False,False
40024102029,Paradise Honors Elementary School,SURPRISE,Maricopa County,21,33.6301,-112.3956,2024-2025,341.0,40,225.0,277.3042666666667,4.777383482659649,False,8929b68b077ffff,1.0,True,1.0,1.0,,False,False
40024102957,Paradise Honors High School,SURPRISE,Maricopa County,41,33.599874,-112.434419,2024-2025,396.0,27,148.0,144.6382027027027,0.3031023697654366,True,8929b68a653ffff,1.0,True,1.0,1.0,,False,False
40024103874,Paradise Honors Middle School,SURPRISE,Maricopa County,41,33.601022,-112.432788,2024-2025,,28,186.0,154.12267741935486,0.2767062040405078,True,8929b68a643ffff,1.0,True,1.0,1.0,,False,False
40024302030,Skyline Prep High School,Phoenix,Maricopa County,11,33.379666,-111.997217,2024-2025,221.0,25,164.0,204.30833536585368,0.3125894764955147,False,8948eba6c53ffff,1.0,True,1.0,1.0,,False,False
40024401855,Sequoia Secondary School,MESA,Maricopa County,11,33.3876,-111.8149,2024-2025,198.0,42,468.0,387.5518269230769,4.418933138225733,False,8948eba082bffff,1.0,True,1.0,1.0,,False,False
40024402153,Sequoia Charter School,MESA,Maricopa County,11,33.3872,-111.815,2024-2025,199.0,42,468.0,387.5518269230769,4.428711509722343,False,8948eba082bffff,1.0,True,1.0,1.0,,False,False
40024601856,Sequoia Village School,SHOW LOW,Navajo County,41,34.28394,-110.121698,2024-2025,169.0,11,18.0,148.9010555555556,8.161962746220754,True,8948cc2b4a3ffff,1.0,True,1.0,0.9763313609467456,,False,False
40024603028,Sequoia Village High School,SHOW LOW,Navajo County,41,34.28394,-110.121698,2024-2025,169.0,11,18.0,148.9010555555556,8.161962746220754,True,8948cc2b4a3ffff,1.0,True,1.0,0.9763313609467456,,False,False
40024603494,George Washington Academy,SNOWFLAKE,Navajo County,33,34.481587,-110.082195,2024-2025,220.0,13,45.0,75.35191111111111,10.455175773709747,False,8948c8932bbffff,1.0,True,1.0,0.9940828402366864,,False,False
40024801923,Telesis Preparatory Academy,Lake Havasu City,Mohave County,13,34.491,-114.3173,2024-2025,259.0,32,236.0,192.3376101694915,5.386377242586748,False,8929b0b5947ffff,1.0,True,1.0,1.0,,False,False
40024803089,Telesis Preparatory,Lake Havasu City,Mohave County,13,34.491,-114.3173,2024-2025,259.0,32,236.0,192.3376101694915,5.386377242586748,False,8929b0b5947ffff,1.0,True,1.0,1.0,,False,False
40025402074,Southern Arizona Community Academy,TUCSON,Pima County,11,32.251762,-110.934988,2024-2025,246.0,40,481.0,287.0985738045738,3.64043240135668,False,8948e854233ffff,1.0,True,1.0,1.0,,False,False
40025403420,SACA Online,TUCSON,Pima County,11,32.251762,-110.934988,2024-2025,246.0,40,481.0,287.0985738045738,3.64043240135668,False,8948e854233ffff,1.0,True,1.0,1.0,,False,False
40025502075,Tucson Country Day School,TUCSON,Pima County,11,32.243856,-110.795108,2024-2025,408.0,25,191.0,220.29707853403144,6.002204634054752,False,8948e8426a7ffff,1.0,True,1.0,1.0,,False,False
40025802079,Carden of Tucson,TUCSON,Pima County,21,32.303077,-111.023559,2024-2025,178.0,35,241.0,355.8826514522821,8.809940385241491,False,8948e85490fffff,1.0,True,1.0,1.0,,False,False
40025902080,Southgate Academy,TUCSON,Pima County,11,32.1353,-110.9827,2024-2025,147.0,34,366.0,307.7629945355192,5.655302074234922,False,8948e8cca0fffff,1.0,True,1.0,1.0,,False,False
40025903752,Southgate Academy Online School,TUCSON,Pima County,11,32.1353,-110.9827,2024-2025,147.0,34,366.0,307.7629945355192,5.655302074234922,False,8948e8cca0fffff,1.0,True,1.0,1.0,,False,False
40026101916,Eastpointe High School,TUCSON,Pima County,11,32.2215,-110.8111,2024-2025,227.0,33,371.0,211.8808355795148,3.945812559235018,False,8948e842493ffff,1.0,True,1.0,1.0,,False,False
40026302083,Patagonia Montessori School,PATAGONIA,Santa Cruz County,42,31.545215,-110.75743,2024-2025,243.0,7,24.0,30.37683333333333,5.234582577148351,True,8948eeb5ad3ffff,1.0,True,1.0,0.9408284023668639,,False,False
40026402084,Montessori De Santa Cruz Charter School,AMADO,Santa Cruz County,42,31.70682,-111.06369,2024-2025,176.0,1,1.0,25.376,11.977849646312288,True,8948e8d2ca7ffff,1.0,True,1.0,0.9940828402366864,,False,False
40026602089,PACE Preparatory Academy,Prescott Valley,Yavapai County,41,34.57999,-112.348932,2024-2025,258.0,28,347.0,376.1012536023055,20.06188802820035,True,8929b66e927ffff,1.0,True,1.0,0.9881656804733728,,False,False
40026702091,Valley Preparatory Academy,Tempe,Maricopa County,12,33.394063,-111.893133,2024-2025,298.0,46,561.0,381.5811960784314,4.334357773738107,False,8948eba7333ffff,1.0,True,1.0,1.0,,False,False
40026802092,Desert View Academy,YUMA,Yuma County,12,32.697521,-114.664915,2024-2025,282.0,37,223.0,338.8451704035874,2.508200563916405,False,89485bc5b0bffff,1.0,True,1.0,1.0,,False,False
40027302013,Student Choice High School,TEMPE,Maricopa County,12,33.4493,-111.9251,2024-2025,262.0,39,434.0,369.7507442396314,10.43977649211119,False,8948eba436bffff,1.0,True,1.0,1.0,,False,False
40027303184,Student Choice High School,Peoria,Maricopa County,21,33.683053,-112.235524,2024-2025,439.0,35,174.0,337.12775862068963,6.271233759298747,False,8929b6c75dbffff,1.0,True,1.0,1.0,,False,False
40027303853,Student Choice High School - Maricopa,MARICOPA,Pinal County,23,33.068348,-112.047521,2024-2025,,32,420.0,303.7043523809524,0.642613143348495,False,8948e94ed07ffff,1.0,True,1.0,1.0,,False,False
40027303854,Student Choice High School - Yuma,yuma,Yuma County,12,32.696154,-114.624942,2024-2025,,44,623.0,371.1061910112359,1.112898937319864,False,89485bce907ffff,1.0,True,1.0,1.0,,False,False
40027402020,Career and College Prep,Phoenix,Maricopa County,11,33.527797,-112.13398,2024-2025,205.0,46,639.0,368.33294209702666,1.9122331593100117,False,8929b6d0e97ffff,1.0,True,1.0,1.0,,False,False
40027502077,Highland Free School,TUCSON,Pima County,11,32.2153,-110.9521,2024-2025,232.0,41,465.0,268.2647591397849,3.0399934021659862,False,8948e854403ffff,1.0,True,1.0,1.0,,False,False
40027601841,Academy with Community Partners,MESA,Maricopa County,11,33.42362,-111.793099,2024-2025,179.0,44,489.0,477.5329263803681,4.644062937527812,False,8948ebae42fffff,1.0,True,1.0,1.0,,False,False
40027802168,Deer Valley Academy,GLENDALE,Maricopa County,21,33.6532,-112.1697,2024-2025,306.0,41,309.0,264.090145631068,2.55741593635521,False,8929b6c281bffff,1.0,True,1.0,1.0,,False,False
40027902170,Imagine Schools at Buckeye,BUCKEYE,Maricopa County,41,33.424889,-112.583164,2024-2025,321.0,28,147.0,195.6541768707483,1.0966414538371938,True,8929b6915a3ffff,1.0,True,1.0,1.0,,False,False
40028002186,Mohave Accelerated Learning Center,BULLHEAD CITY,Mohave County,23,35.101183,-114.625291,2024-2025,176.0,14,103.0,203.4483009708738,1.140922380390633,False,8929b119c53ffff,1.0,True,0.6331360946745562,0.6331360946745562,,False,False
40028102187,Masada Charter School,Colorado City,Mohave County,43,36.957392,-112.982073,2024-2025,246.0,6,10.0,71.25210000000001,40.89787821285778,True,8929954117bffff,1.0,True,1.0,0.9940828402366864,,False,False
40028202232,Harvest Preparatory Academy,YUMA,Yuma County,12,32.6955,-114.6176,2024-2025,183.0,42,503.0,388.1820377733599,0.4231565912288428,False,89485bce91bffff,1.0,True,1.0,1.0,,False,False
40028202993,Harvest Preparatory Academy San Luis AZ,San Luis,Yuma County,32,32.495806,-114.752837,2024-2025,166.0,15,38.0,214.1077105263158,2.614433268022164,False,89485bd48abffff,1.0,True,0.9467455621301775,0.9467455621301775,,False,False
40028402095,Omega Alpha Academy School,DOUGLAS,Cochise County,33,31.348645,-109.534417,2024-2025,175.0,26,132.0,201.99998484848484,2.1472660604598204,False,8948eec969bffff,1.0,True,0.9112426035502958,0.9112426035502958,,False,False
40028802176,Premier Charter High School,PHOENIX,Maricopa County,11,33.496048,-112.222435,2024-2025,209.0,43,625.0,303.4950896,5.120238036375587,False,8948e96da73ffff,1.0,True,1.0,1.0,,False,False
40029002177,Pan-American Charter School,Phoenix,Maricopa County,11,33.478901,-112.241696,2024-2025,201.0,43,524.0,286.120106870229,3.3979780273335565,False,8948e96d853ffff,1.0,True,1.0,1.0,,False,False
40029500149,Mt Tipton Elementary School,Dolan Springs,Mohave County,43,35.6021,-114.2555,2024-2025,244.0,9,12.0,122.95666666666666,0.708976248644957,True,8929b3b5e03ffff,1.0,True,1.0,0.9289940828402367,,False,False
40029500326,Kingman Middle School,KINGMAN,Mohave County,32,35.2145,-114.0323,2024-2025,174.0,41,563.0,205.5026714031972,17.550114236460036,False,8929b3968c3ffff,1.0,True,1.0,1.0,,False,False
40029500327,La Senita Elementary,KINGMAN,Mohave County,32,35.24,-114.0045,2024-2025,157.0,30,111.0,300.1264774774775,17.835495141597253,False,8929b396a7bffff,1.0,True,1.0,1.0,,False,False
40029500328,Manzanita Elementary,KINGMAN,Mohave County,32,35.2147,-114.0172,2024-2025,176.0,39,527.0,223.9613055028463,16.535124350483162,False,8929b396e3bffff,1.0,True,1.0,1.0,,False,False
40029500881,Kingman High School,KINGMAN,Mohave County,32,35.244,-114.0104,2024-2025,157.0,32,115.0,281.1455478260869,18.51615538873785,False,8929b396a6fffff,1.0,True,1.0,1.0,,False,False
40029501126,Hualapai Elementary,KINGMAN,Mohave County,32,35.1931,-114.0096,2024-2025,276.0,20,72.0,149.3535138888889,14.450982260706324,False,8929b396163ffff,1.0,True,1.0,1.0,,False,False
40029501495,Cerbat Elementary,KINGMAN,Mohave County,41,35.2696,-114.0175,2024-2025,185.0,22,66.0,131.08422727272728,17.679814323113366,True,8929b394897ffff,1.0,True,1.0,1.0,,False,False
40029501544,Black Mountain Elementary School,GOLDEN VALLEY,Mohave County,42,35.224093,-114.221589,2024-2025,197.0,21,69.0,71.2426231884058,23.9871852183794,True,8929b14144bffff,1.0,True,1.0,1.0,,False,False
40029502661,White Cliffs Middle School,KINGMAN,Mohave County,41,35.226934,-113.974008,2024-2025,206.0,11,29.0,105.41948275862067,15.04433556554115,True,8929b3940b3ffff,1.0,True,1.0,1.0,,False,False
40029503234,Desert Willow Elementary School,KINGMAN,Mohave County,41,35.22926,-113.974341,2024-2025,201.0,10,28.0,98.20407142857142,15.278309692161288,True,8929b3940a3ffff,1.0,True,1.0,1.0,,False,False
40029503325,Lee Williams High School,KINGMAN,Mohave County,32,35.1919,-114.0598,2024-2025,303.0,19,158.0,304.3596898734178,18.205826606535474,False,8929b159373ffff,1.0,True,1.0,0.9940828402366864,,False,False
40029503741,Kingman Online Learning Academy (KOLA) High School,KINGMAN,Mohave County,32,35.214542,-114.015743,2024-2025,175.0,39,527.0,223.9613055028463,16.426434248985156,False,8929b396e3bffff,1.0,True,1.0,1.0,,False,False
40029503745,Kingman Online Learning Academy (KOLA) Elementary School,Kingman,Mohave County,32,35.214542,-114.015743,2024-2025,175.0,39,527.0,223.9613055028463,16.426434248985156,False,8929b396e3bffff,1.0,True,1.0,1.0,,False,False
40029503747,Kingman Online Learning Academy (KOLA) Middle School,KINGMAN,Mohave County,32,35.214542,-114.015743,2024-2025,175.0,39,527.0,223.9613055028463,16.426434248985156,False,8929b396e3bffff,1.0,True,1.0,1.0,,False,False
40030302181,Arizona Preparatory Academy,Phoenix,Maricopa County,11,33.495297,-112.273302,2024-2025,304.0,38,496.0,280.30364112903226,6.487147727724123,False,8948e96d90fffff,1.0,True,1.0,1.0,,False,False
40031002370,Calibre Academy Surprise,SURPRISE,Maricopa County,21,33.617905,-112.397831,2024-2025,315.0,36,251.0,273.332844621514,3.8571897645415767,False,8929b68b08fffff,1.0,True,1.0,1.0,,False,False
40031102151,Thrivepoint High School at Union Hills,GLENDALE,Maricopa County,11,33.654054,-112.136054,2024-2025,304.0,43,443.0,265.8514176072234,5.427288071569642,False,8929b6c05a7ffff,1.0,True,1.0,1.0,,False,False
40031102919,ThrivePoint High School at Metro,PHOENIX,Maricopa County,11,33.575218,-112.125915,2024-2025,232.0,44,750.0,343.04589066666665,5.026328831043182,False,8929b6c2483ffff,1.0,True,1.0,1.0,,False,False
40031103001,ThrivePoint High School at Grovers,GLENDALE,Maricopa County,11,33.648551,-112.162028,2024-2025,294.0,38,276.0,281.14718840579707,2.9517192348254784,False,8929b6c28cbffff,1.0,True,1.0,1.0,,False,False
40031103144,ThrivePoint High School at Surprise,SURPRISE,Maricopa County,21,33.625804,-112.414901,2024-2025,286.0,37,237.0,258.97974683544305,3.19695241064012,False,8929b68b1d7ffff,1.0,True,1.0,1.0,,False,False
40031103186,ThrivePoint High School at Buckeye,Buckeye,Maricopa County,31,33.389568,-112.589774,2024-2025,226.0,30,138.0,235.28060869565212,4.891111953653871,False,8929b693153ffff,1.0,True,1.0,1.0,,False,False
40031103189,ThrivePoint Online High School,GLENDALE,Maricopa County,11,33.648551,-112.162028,2024-2025,294.0,38,276.0,281.14718840579707,2.9517192348254784,False,8929b6c28cbffff,1.0,True,1.0,1.0,,False,False
40031103292,ThrivePoint High School at Avondale,Avondale,Maricopa County,21,33.44862,-112.335868,2024-2025,226.0,44,410.0,275.3528390243903,3.3733521326559908,False,8948e96ccafffff,1.0,True,1.0,1.0,,False,False
40031502217,Yavapai County High School,Prescott Valley,Yavapai County,13,34.634236,-112.33499,2024-2025,315.0,24,138.0,440.3316231884058,21.312701784787357,False,8929b29948bffff,1.0,True,1.0,1.0,,False,False
40031503318,Aspire  High School,PRESCOTT,Yavapai County,41,34.628179,-112.410917,2024-2025,315.0,17,54.0,239.93090740740735,19.38571727883682,True,8929b298403ffff,1.0,True,1.0,0.9644970414201184,,False,False
40031602101,CVIT - Miami High School,Miami,Gila County,41,33.410774,-110.833222,2024-2025,190.0,16,46.0,250.27315217391305,8.569704420648884,True,8948eb55027ffff,1.0,True,1.0,1.0,,False,False
40031602102,CVIT - Hayden High School,Winkelman,Gila County,43,32.993072,-110.771434,2024-2025,228.0,5,8.0,226.056375,8.843096210445337,True,8948ebd813bffff,1.0,True,1.0,0.9704142011834319,,False,False
40031602103,CVIT - Superior High School,SUPERIOR,Pinal County,42,33.27869,-111.111254,2024-2025,230.0,16,113.0,292.7476371681416,21.187349868600595,True,8948eb1a3a3ffff,1.0,True,1.0,0.9349112426035503,,False,False
40031602677,CVIT - San Carlos High School,PERIDOT,Gila County,43,33.298194,-110.473998,2024-2025,118.0,4,17.0,270.6253529411765,26.64155728788866,True,8948ea2e953ffff,1.0,True,1.0,0.9112426035502958,San Carlos,True,False
40031602940,CVIT - Globe High School,GLOBE,Gila County,33,33.393803,-110.781309,2024-2025,194.0,19,231.0,184.60552813852811,10.208390599325416,False,8948eb42587ffff,1.0,True,1.0,0.9940828402366864,,False,False
40031602979,CVIT - Central Campus EAC Gila Pueblo,SUPERIOR,Gila County,33,33.364953,-110.767613,2024-2025,187.0,7,23.0,143.93499999999997,9.955557207966995,False,8948eb5086bffff,1.0,True,1.0,0.9585798816568047,,False,False
40031603563,CVIT - Ray High School,Kearny,Pinal County,43,33.06486,-110.912203,2024-2025,255.0,5,14.0,209.30850000000007,12.885027373392733,True,8948ebc0003ffff,1.0,True,1.0,0.9881656804733728,,False,False
40031603670,CVIT - Central Campus CAC Aravaipa,WINKELMAN,Pinal County,42,32.849579,-110.70317,2024-2025,241.0,2,3.0,14.620666666666668,8.48688334391786,True,8948eaa5e8bffff,1.0,True,0.9940828402366864,0.5088757396449705,,False,False
40031603860,CVIT- Central Campus CAC Superior Enterprise Center,SUPERIOR,Pinal County,42,33.295095,-111.094749,2024-2025,,10,46.0,293.5937173913043,21.42044293872468,True,8948eb185d7ffff,1.0,True,0.9881656804733728,0.7455621301775148,,False,False
40031702202,Khalsa School,TUCSON,Pima County,21,32.2767,-110.9142,2024-2025,400.0,27,531.0,167.36191148775896,6.794050115565389,False,8948e855c4fffff,1.0,True,1.0,1.0,,False,False
40031802203,Southside Community School,TUCSON,Pima County,11,32.1913,-110.9424,2024-2025,183.0,31,300.0,265.37214666666665,3.48033466342976,False,8948e856243ffff,1.0,True,1.0,1.0,,False,False
40032002227,Acorn Montessori Charter School,Prescott Valley,Yavapai County,13,34.604575,-112.315762,2024-2025,204.0,39,316.0,298.175829113924,21.169047517728256,False,8929b66cd17ffff,1.0,True,1.0,0.9763313609467456,,False,False
40032002576,Acorn Montessori Charter School Inc. - West,Prescott Valley,Yavapai County,13,34.5996,-112.3322,2024-2025,299.0,43,454.0,314.1987378854626,22.513044861487373,False,8929b29b673ffff,1.0,True,1.0,1.0,,False,False
40032102155,Pinnacle Charter High School-Tempe East,TEMPE,Maricopa County,12,33.364424,-111.913534,2024-2025,154.0,45,589.0,360.13266893039054,2.487354041574776,False,8948eba752bffff,1.0,True,1.0,1.0,,False,False
40032103565,Pinnacle Online - WMCB,TEMPE,Maricopa County,12,33.364424,-111.913534,2024-2025,154.0,45,589.0,360.13266893039054,2.487354041574776,False,8948eba752bffff,1.0,True,1.0,1.0,,False,False
40032202205,Desert Rose Academy Charter School,TUCSON,Pima County,11,32.2657,-110.9763,2024-2025,122.0,42,408.0,381.4843284313726,3.134602236799255,False,8948e854e83ffff,1.0,True,1.0,1.0,,False,False
40032302159,Crown Charter School,Litchfield Park,Maricopa County,21,33.529857,-112.327691,2024-2025,358.0,21,75.0,367.6964533333333,10.73186686525426,False,8929b6d6193ffff,1.0,True,1.0,1.0,,False,False
40032602162,Arizona Charter Academy,SURPRISE,Maricopa County,21,33.629724,-112.341472,2024-2025,227.0,41,336.0,261.0174047619048,9.18798563996054,False,8929b6d4d63ffff,1.0,True,1.0,1.0,,False,False
40032702163,North Pointe Preparatory,PHOENIX,Maricopa County,11,33.578947,-112.151106,2024-2025,223.0,45,435.0,355.860967816092,6.341121692126015,False,8929b6d0b77ffff,1.0,True,1.0,1.0,,False,False
40032702291,Canyon Pointe Academy,GLENDALE,Maricopa County,11,33.653817,-112.166673,2024-2025,298.0,39,235.0,226.81343829787232,2.8268938068386524,False,8929b6c281bffff,1.0,True,1.0,1.0,,False,False
40032702372,Pinnacle Pointe Academy,GLENDALE,Maricopa County,21,33.695769,-112.204912,2024-2025,559.0,30,238.0,409.239743697479,6.340676240442073,False,8929b6c7637ffff,1.0,True,1.0,1.0,,False,False
40032903159,Primavera - Online,Chandler,Maricopa County,11,33.34192,-111.840971,2024-2025,347.0,44,377.0,323.72357824933687,2.100752231684863,False,8948eba2b17ffff,1.0,True,1.0,1.0,,False,False
40033002206,Compass High School,TUCSON,Pima County,11,32.2056,-110.8161,2024-2025,250.0,35,361.0,290.6811135734072,2.8650400493332424,False,8948e850ab3ffff,1.0,True,1.0,1.0,,False,False
40033202165,Crown Point High School,Glendale,Maricopa County,21,33.543439,-112.185882,2024-2025,169.0,40,533.0,197.86967354596624,6.823324851760766,False,8929b6d0d37ffff,1.0,True,1.0,1.0,,False,False
40033901939,Destiny School,GLOBE,Gila County,33,33.391126,-110.766543,2024-2025,196.0,14,62.0,126.61341935483873,11.198288958980328,False,8948eb425d3ffff,1.0,True,1.0,0.9881656804733728,,False,False
40034001940,Noah Webster Schools- Mesa,MESA,Maricopa County,11,33.378478,-111.675007,2024-2025,323.0,43,422.0,325.14116113744086,2.96735721900801,False,8948ebaacafffff,1.0,True,1.0,1.0,,False,False
40034102243,VACTE - Mingus Union High School,COTTONWOOD,Yavapai County,32,34.7163,-112.0051,2024-2025,217.0,29,137.0,318.99794890510947,10.357217064207257,False,8929b2d1a1bffff,1.0,True,1.0,0.9940828402366864,,False,False
40034102248,VACTE - Camp Verde Unified School District,CAMP VERDE,Yavapai County,32,34.588988,-111.856893,2024-2025,263.0,13,44.0,109.45013636363636,12.74507712685861,False,8948cda5cd3ffff,1.0,True,1.0,0.9822485207100592,,False,False
40034102249,VACTE - Sedona-Oak Creek Joint Unified School District,SEDONA,Yavapai County,41,34.84663,-111.831097,2024-2025,312.0,5,28.0,151.3409642857143,28.00728128343593,True,8929b2cb03bffff,1.0,True,1.0,0.8520710059171598,,False,False
40034102565,VACTE - Valley Academy for Career and Technology Education,COTTONWOOD,Yavapai County,32,34.720755,-111.989567,2024-2025,221.0,21,115.0,338.0744086956521,11.838431602436758,False,8929b2da987ffff,1.0,True,1.0,0.9940828402366864,,False,False
40034102853,VACTE - Cottonwood-Oak Creek Unified School District,COTTONWOOD,Yavapai County,32,34.724412,-112.00711,2024-2025,216.0,32,165.0,360.27339393939394,10.352077345274164,False,8929b2d1a77ffff,1.0,True,1.0,1.0,,False,False
40034102858,VACTE - Clarkdale Jerome School District,COTTONWOOD,Yavapai County,41,34.767775,-112.066434,2024-2025,163.0,17,39.0,338.2676153846154,4.827197982161156,True,8929b2c22afffff,1.0,True,1.0,0.9940828402366864,,False,False
40034103622,VACTE - Yavapai College Sedona Center,SEDONA,Yavapai County,41,34.85049,-111.830321,2024-2025,308.0,8,37.0,183.4897837837838,28.22970497950838,True,8929b2cb02bffff,1.0,True,1.0,0.893491124260355,,False,False
40034302246,Children Reaching for the Sky Preparatory,TUCSON,Pima County,11,32.2006,-110.9103,2024-2025,189.0,31,250.0,320.54884400000003,4.774552285650422,False,8948e85702fffff,1.0,True,1.0,1.0,,False,False
40034303003,Future Investment Middle School,TUCSON,Pima County,11,32.2001,-110.9101,2024-2025,189.0,32,251.0,320.47886055776894,4.731812960288879,False,8948e85702fffff,1.0,True,1.0,1.0,,False,False
40034502256,CTD - Willcox High School,WILLCOX,Cochise County,43,32.256228,-109.842064,2024-2025,195.0,18,64.0,196.300140625,10.918352203345052,True,8948ead2dc3ffff,1.0,True,1.0,1.0,,False,False
40034502257,CTD - Valley Union High School,ELFRIDA,Cochise County,43,31.685904,-109.681695,2024-2025,209.0,5,10.0,208.19169999999997,32.12261404575144,True,8948ee4281bffff,1.0,True,1.0,1.0,,False,False
40034502258,CTD - St. David High School,SAINT DAVID,Cochise County,42,31.906143,-110.21944,2024-2025,216.0,13,46.0,211.9259782608696,17.134881655878136,True,8948ee3902fffff,1.0,True,1.0,0.9940828402366864,,False,False
40034502259,CTD - San Simon High School,San Simon,Cochise County,43,32.266465,-109.223201,2024-2025,198.0,7,45.0,193.54246666666663,34.64834127553976,True,8948c5a9b37ffff,1.0,True,1.0,1.0,,False,False
40034502260,CTD - Tombstone High School,Tombstone,Cochise County,42,31.727668,-110.069974,2024-2025,242.0,10,79.0,282.69606329113924,2.467551361948913,True,8948ee0f40bffff,1.0,True,1.0,1.0,,False,False
40034502261,CTD - Benson High School,BENSON,Cochise County,32,31.965419,-110.29961,2024-2025,214.0,23,86.0,273.6430465116279,20.2666197322121,False,8948ee2a4cfffff,1.0,True,1.0,1.0,,False,False
40034502262,CTD - Bowie High School,Bowie,Cochise County,43,32.325282,-109.48983,2024-2025,193.0,3,7.0,265.63342857142857,15.084520786837189,True,8948c5ac9b3ffff,1.0,True,1.0,1.0,,False,False
40034502421,CTD - Douglas High School,DOUGLAS,Cochise County,33,31.350296,-109.538416,2024-2025,168.0,27,148.0,191.52502702702705,2.4269845574458118,False,8948eec9683ffff,1.0,True,0.9408284023668639,0.9408284023668639,,False,False
40034502577,CTD - Cochise Technology School,WILLCOX,Cochise County,43,32.146539,-109.637014,2024-2025,203.0,1,3.0,89.611,9.171834499015782,True,8948c5a6103ffff,1.0,True,1.0,0.8698224852071006,,False,False
40034503384,CTD - Bisbee High School,Bisbee,Cochise County,32,31.414811,-109.88829,2024-2025,214.0,11,89.0,156.20934831460673,10.023458146056107,False,8948eec537bffff,1.0,True,1.0,0.9763313609467456,,False,False
40034503390,CTD - Buena High School,SIERRA VISTA,Cochise County,13,31.570175,-110.23789,2024-2025,222.0,13,73.0,257.8802876712328,6.455004054126399,False,8948ee15037ffff,1.0,True,1.0,1.0,,False,False
40034503589,CTD - Cochise College,SIERRA VISTA,Cochise County,13,31.564577,-110.246914,2024-2025,227.0,22,224.0,458.8242991071429,5.574962037553188,False,8948ee151d3ffff,1.0,True,1.0,1.0,,False,False
40034503671,CTD - Patagonia High School,PATAGONIA,Santa Cruz County,42,31.54629,-110.746147,2024-2025,245.0,7,24.0,30.37683333333333,4.816412512373407,True,8948eea2d33ffff,1.0,True,1.0,0.9763313609467456,,False,False
40034702240,CAVIAT - Grand Canyon High School,GRAND CANYON,Coconino County,43,36.052395,-112.137976,2024-2025,228.0,14,131.0,68.27442748091603,0.2624022569106741,True,892994c5117ffff,1.0,True,1.0,0.834319526627219,,False,False
40034702269,CAVIAT - Page High School,Page,Coconino County,33,36.911924,-111.456617,2024-2025,229.0,31,303.0,240.5446303630364,0.4707660904776605,False,89299632447ffff,1.0,True,1.0,0.9822485207100592,,False,False
40034702270,CAVIAT - Fredonia High School,Fredonia,Coconino County,43,36.951899,-112.521088,2024-2025,245.0,2,4.0,119.388,0.8894225341392251,True,8929908204fffff,1.0,True,1.0,1.0,,False,False
40034702271,CAVIAT - Williams High School,WILLIAMS,Coconino County,43,35.245296,-112.192687,2024-2025,224.0,19,215.0,318.3384139534884,5.1270383167922455,True,8929b209c93ffff,1.0,True,1.0,0.9644970414201184,,False,False
40034702470,CAVIAT - Coconino High School,FLAGSTAFF,Coconino County,13,35.21601,-111.623479,2024-2025,336.0,34,216.0,274.63707407407406,3.1078543699318923,False,8948c996937ffff,1.0,True,1.0,1.0,,False,False
40034702471,CAVIAT - Flagstaff High School,FLAGSTAFF,Coconino County,13,35.204428,-111.651657,2024-2025,368.0,36,405.0,407.3849037037038,5.588276177548918,False,8929b259a37ffff,1.0,True,1.0,1.0,,False,False
40034702944,CAVIAT - CCC Central Campus,FLAGSTAFF,Coconino County,41,35.171143,-111.645491,2024-2025,323.0,22,203.0,496.60818226600975,8.482873205958743,True,8929b259e8fffff,1.0,True,1.0,0.9704142011834319,,False,False
40034703040,CAVIAT - Page Central Campus,Page,Coconino County,33,36.92189,-111.459436,2024-2025,229.0,25,261.0,237.3241187739464,1.594760235358425,False,892996320d3ffff,1.0,True,1.0,0.9644970414201184,,False,False
40034703268,CAVIAT - eCampus,Page,Coconino County,33,36.92189,-111.459436,2024-2025,229.0,25,261.0,237.3241187739464,1.594760235358425,False,892996320d3ffff,1.0,True,1.0,0.9644970414201184,,False,False
40034703270,CAVIAT-Williams Central Program,WILLIAMS,Coconino County,43,35.24358,-112.191977,2024-2025,228.0,20,216.0,317.13837037037035,4.955781458971922,True,8929b209c93ffff,1.0,True,1.0,0.9644970414201184,,False,False
40034703425,CAVIAT - Flagstaff Central Campus,FLAGSTAFF,Coconino County,13,35.195767,-111.603313,2024-2025,253.0,30,284.0,339.7398661971831,5.164954360540443,False,8948c9968b7ffff,1.0,True,1.0,1.0,,False,False
40034703568,CAVIAT - Flagstaff Arts and Leadership Academy,FLAGSTAFF,Coconino County,13,35.238075,-111.668772,2024-2025,503.0,13,45.0,349.7678666666667,5.289469167117323,False,8929b24b533ffff,1.0,True,1.0,0.9704142011834319,,False,False
40034703592,CAVIAT - Fredonia Central Campus,Fredonia,Coconino County,43,36.953547,-112.521242,2024-2025,245.0,2,4.0,119.388,1.0707259279650934,True,892990822b7ffff,1.0,True,1.0,0.9940828402366864,,False,False
40034802241,CAVIT - Central Arizona Valley Institute of Technology,COOLIDGE,Pinal County,41,32.972565,-111.548721,2024-2025,279.0,16,76.0,316.02163157894734,12.170217407680967,True,8948eb95e6bffff,1.0,True,1.0,1.0,,False,False
40034802275,CAVIT - Santa Cruz Valley Union High School,Eloy,Pinal County,42,32.75926,-111.555596,2024-2025,170.0,10,164.0,191.13132926829263,5.215440372693342,True,8948e82d0a7ffff,1.0,True,1.0,1.0,,False,False
40034802276,CAVIT - Maricopa Unified,MARICOPA,Pinal County,23,33.053827,-112.052503,2024-2025,205.0,35,472.0,269.902,1.037764681034358,False,8948e94ed97ffff,1.0,True,1.0,1.0,,False,False
40034802277,CAVIT - Florence Unified,Florence,Pinal County,41,33.022544,-111.388455,2024-2025,168.0,23,120.0,349.67294166666665,0.8835850001339421,True,8948eb81123ffff,1.0,True,1.0,1.0,,False,False
40034802278,CAVIT - Coolidge High School,Coolidge,Pinal County,32,32.9813,-111.528031,2024-2025,231.0,30,127.0,272.3351023622047,13.84022077002537,False,8948eb82d63ffff,1.0,True,1.0,1.0,,False,False
40034802279,CAVIT - Casa Grande Union High School,CASA GRANDE,Pinal County,13,32.93602,-111.73693,2024-2025,258.0,27,221.0,212.2628371040724,8.78136788065974,False,8948e94b423ffff,1.0,True,1.0,1.0,,False,False
40034802876,CAVIT - Casa Verde High School,CASA GRANDE,Pinal County,13,32.93602,-111.73693,2024-2025,258.0,27,221.0,212.2628371040724,8.78136788065974,False,8948e94b423ffff,1.0,True,1.0,1.0,,False,False
40034802917,CAVIT - San Tan Foothills High School,QUEEN CREEK,Pinal County,41,33.139065,-111.580257,2024-2025,321.0,14,35.0,180.83122857142857,9.054734967398664,True,8948eb858abffff,1.0,True,1.0,0.9763313609467456,,False,False
40034803019,CAVIT - Poston Butte High School,QUEEN CREEK,Pinal County,41,33.173213,-111.54423,2024-2025,331.0,15,76.0,120.11107894736844,5.796308629505458,True,8948ebbb40bffff,1.0,True,1.0,1.0,,False,False
40034803025,CAVIT - Vista Grande,CASA GRANDE,Pinal County,13,32.892858,-111.712709,2024-2025,271.0,37,227.0,195.41130837004405,4.044836145393614,False,8948eb96dabffff,1.0,True,1.0,1.0,,False,False
40034803825,CAVIT - Desert Sunrise High School,MARICOPA,Pinal County,41,33.026731,-111.948147,2024-2025,,9,13.0,235.311,4.248642624405679,True,8948e94e667ffff,1.0,True,1.0,1.0,,False,False
40034902242,GIFT - Gila Institute for Technology,THATCHER,Graham County,33,32.83528,-109.766993,2024-2025,337.0,9,137.0,299.57382481751824,3.644528122254596,False,8948ea54863ffff,1.0,True,1.0,1.0,,False,False
40034902252,GIFT - Safford High School,SAFFORD,Graham County,33,32.828803,-109.726496,2024-2025,222.0,25,110.0,358.8226090909091,1.113632567172071,False,8948ea55d33ffff,1.0,True,1.0,1.0,,False,False
40034902253,GIFT - Pima High School,PIMA,Graham County,41,32.893026,-109.826846,2024-2025,236.0,10,47.0,94.66725531914896,2.2685572758275017,True,8948ea0914bffff,1.0,True,1.0,1.0,,False,False
40034902254,GIFT - Ft. Thomas High School,Fort Thomas,Graham County,43,33.03641,-109.96205,2024-2025,185.0,1,1.0,97.117,5.103142107150339,True,8948ea72b97ffff,1.0,True,1.0,0.9644970414201184,,False,False
40034902263,GIFT - Thatcher High School,Thatcher,Graham County,33,32.843403,-109.753931,2024-2025,331.0,12,143.0,301.58513986013986,3.278492891177587,False,8948ea54a37ffff,1.0,True,1.0,1.0,,False,False
40034902399,GIFT - Duncan High School,Duncan,Greenlee County,43,32.724252,-109.109818,2024-2025,174.0,5,43.0,435.6339767441861,1.0375443499290158,True,8948c192c73ffff,1.0,True,1.0,0.9940828402366864,,False,False
40034903080,GIFT - Mt. Graham High School,Safford,Graham County,33,32.803152,-109.71104,2024-2025,200.0,10,23.0,278.7073043478261,2.7471997578252774,False,8948ea54343ffff,1.0,True,1.0,1.0,,False,False
40034903218,GIFT-Mt. Turnbull Academy,BYLAS,Graham County,43,33.121509,-110.109599,2024-2025,124.0,1,2.0,39.7725,8.240964207348352,True,8948ea76aa3ffff,1.0,True,1.0,0.8816568047337278,San Carlos,True,False
40034903239,GIFT-Morenci High School,MORENCI,Greenlee County,43,33.040195,-109.32031,2024-2025,247.0,16,41.0,106.98046341463416,8.64662496590206,True,8948c1b3087ffff,1.0,True,1.0,0.9881656804733728,,False,False
40035002286,The Peak School,Flagstaff,Coconino County,13,35.20844,-111.616721,2024-2025,198.0,46,390.0,307.3709230769231,3.761280007335562,False,8948c996917ffff,1.0,True,1.0,1.0,,False,False
40035102148,Vista Grove Preparatory Academy Middle School,MESA,Maricopa County,11,33.450671,-111.768875,2024-2025,375.0,33,285.0,516.0907824561403,3.4498179618367217,False,8948ebae2afffff,1.0,True,1.0,1.0,,False,False
40035201898,Estrella High School,AVONDALE,Maricopa County,21,33.440353,-112.350082,2024-2025,193.0,42,356.0,176.1758679775281,4.396083217612408,False,8948e96eb77ffff,1.0,True,1.0,1.0,,False,False
40035301896,Peoria Accelerated High School,PEORIA,Maricopa County,21,33.5798,-112.25,2024-2025,243.0,42,404.0,255.0509108910891,8.554310972633836,False,8929b6d463bffff,1.0,True,1.0,1.0,,False,False
40035401733,Sun Valley High School,MESA,Maricopa County,11,33.395,-111.7704,2024-2025,256.0,42,358.0,323.5754832402235,0.847100537178141,False,8948eba1987ffff,1.0,True,1.0,1.0,,False,False
40035501734,West Phoenix High School,PHOENIX,Maricopa County,11,33.47938,-112.141881,2024-2025,143.0,43,401.0,278.35191022443894,6.32157724504038,False,8929b6d2e43ffff,1.0,True,1.0,1.0,,False,False
40035602287,Nosotros Academy,TUCSON,Pima County,11,32.2277,-110.9883,2024-2025,158.0,37,444.0,225.7997725225225,2.058792679930524,False,8948e8545afffff,1.0,True,1.0,1.0,,False,False
40035701732,Apache Trail High School,Apache Junction,Pinal County,21,33.4145,-111.5562,2024-2025,268.0,42,776.0,226.7658608247423,1.5668563616616615,False,8948eba82c3ffff,1.0,True,1.0,1.0,,False,False
40035902292,Challenger Basic School,GILBERT,Maricopa County,11,33.3743,-111.7388,2024-2025,436.0,39,331.0,375.5737039274924,3.0446569328953768,False,8948eba1c67ffff,1.0,True,1.0,1.0,,False,False
40036102299,La Paloma Academy,TUCSON,Pima County,11,32.248491,-110.855246,2024-2025,303.0,32,240.0,414.7189208333333,6.708477999907641,False,8948e85529bffff,1.0,True,1.0,1.0,,False,False
40036103165,La Paloma Academy (Lakeside),TUCSON,Pima County,11,32.1909,-110.8188,2024-2025,251.0,37,315.0,275.5522507936508,2.5320135815025835,False,8948e850e37ffff,1.0,True,1.0,1.0,,False,False
40036103312,La Paloma Academy-South,TUCSON,Pima County,11,32.1498,-110.9789,2024-2025,139.0,40,414.0,550.8938115942029,4.674704093903385,False,8948e85648bffff,1.0,True,1.0,1.0,,False,False
40036302300,Intelli-School,CHANDLER,Maricopa County,11,33.333011,-111.840991,2024-2025,353.0,45,502.0,286.17289840637454,1.1726991445666062,False,8948eba2b93ffff,1.0,True,1.0,1.0,,False,False
40036303790,SC Jensen Online,PHOENIX,Maricopa County,11,33.553719,-112.107124,2024-2025,193.0,41,552.0,209.8872608695652,2.581799257388915,False,8929b6d1d23ffff,1.0,True,1.0,1.0,,False,False
40036400804,Intelli-School - Metro Center,PHOENIX,Maricopa County,11,33.5808,-112.132,2024-2025,241.0,45,625.0,330.2975632,5.77225732205033,False,8929b6c24bbffff,1.0,True,1.0,1.0,,False,False
40036402985,Intelli-School Glendale,GLENDALE,Maricopa County,11,33.637785,-112.168397,2024-2025,201.0,39,291.0,327.58436769759453,2.2061794521515994,False,8929b6c2c73ffff,1.0,True,1.0,1.0,,False,False
40036403791,PAS Charter Online,PHOENIX,Maricopa County,11,33.553719,-112.107124,2024-2025,193.0,41,552.0,209.8872608695652,2.581799257388915,False,8929b6d1d23ffff,1.0,True,1.0,1.0,,False,False
40036602302,Desert Marigold School,PHOENIX,Maricopa County,11,33.391037,-112.022252,2024-2025,224.0,38,232.0,278.9205344827586,2.8470908741015077,False,8948eba6d53ffff,1.0,True,1.0,1.0,,False,False
40036702303,Pima Partnership School The,TUCSON,Pima County,11,32.2393,-110.9709,2024-2025,174.0,43,568.0,292.3432957746479,0.1624834353634211,False,8948e85456fffff,1.0,True,1.0,1.0,,False,False
40036703531,Pima Prevention Partnership-Tucson,Tucson,Pima County,11,32.233271,-110.909141,2024-2025,228.0,39,370.0,525.8287378378378,5.758633596539898,False,8948e8555bbffff,1.0,True,1.0,1.0,,False,False
40036802037,Academy of Math and Science,TUCSON,Pima County,11,32.27182,-110.999684,2024-2025,139.0,39,410.0,303.73056097560976,4.6771388024810765,False,8948e854c67ffff,1.0,True,1.0,1.0,,False,False
40036803755,Academy of Math and Science Advanced Virtual Academy,TUCSON,Pima County,11,32.269519,-110.960699,2024-2025,161.0,42,533.0,342.36501500938084,3.614784510725389,False,8948e854327ffff,1.0,True,1.0,1.0,,False,False
40037001597,Midtown Primary School,PHOENIX,Maricopa County,11,33.5071,-112.0993,2024-2025,154.0,45,445.0,241.35370561797757,2.992640182338035,False,8929b6d0073ffff,1.0,True,1.0,1.0,,False,False
40037302311,Tucson International Academy,TUCSON,Pima County,11,32.221784,-111.024733,2024-2025,326.0,17,161.0,349.7430869565218,5.445038252267657,False,8948e85688bffff,1.0,True,1.0,1.0,,False,False
40037302397,Tucson International Academy Midvale,TUCSON,Pima County,41,32.132293,-110.999915,2024-2025,153.0,30,139.0,435.7990791366906,6.41308233653327,True,8948e8cc86fffff,1.0,True,1.0,1.0,,False,False
40037302889,TIA West,TUCSON,Pima County,11,32.221784,-111.024733,2024-2025,326.0,17,161.0,349.7430869565218,5.445038252267657,False,8948e85688bffff,1.0,True,1.0,1.0,,False,False
40037302936,TIA East,TUCSON,Pima County,11,32.22728,-110.823121,2024-2025,210.0,38,453.0,256.4200573951435,5.084697361318444,False,8948e850b47ffff,1.0,True,1.0,1.0,,False,False
40037402169,Imagine Bell Canyon,PHOENIX,Maricopa County,11,33.651525,-112.115995,2024-2025,256.0,48,745.0,314.2082979865772,7.16650498941605,False,8929b6c05cfffff,1.0,True,1.0,1.0,,False,False
40037602313,Imagine Cortez Park Middle,PHOENIX,Maricopa County,11,33.565712,-112.13477,2024-2025,219.0,43,659.0,304.21988012139605,4.306958120068728,False,8929b6d0a37ffff,1.0,True,1.0,1.0,,False,False
40037703792,Imagine Online Academy of Arizona,PHOENIX,Maricopa County,11,33.651525,-112.115995,2024-2025,256.0,48,745.0,314.2082979865772,7.16650498941605,False,8929b6c05cfffff,1.0,True,1.0,1.0,,False,False
40038102319,Desert View Middle & High School,YUMA,Yuma County,12,32.685742,-114.664339,2024-2025,301.0,36,189.0,350.1592751322751,3.5799813910267315,False,89485bc5bd3ffff,1.0,True,1.0,1.0,,False,False
40038102866,Desert View Online School,YUMA,Yuma County,12,32.68575,-114.664316,2024-2025,301.0,36,189.0,350.1592751322751,3.580324954080932,False,89485bc5bd3ffff,1.0,True,1.0,1.0,,False,False
40038202331,Toltecali High School,TUCSON,Pima County,11,32.163,-110.9725,2024-2025,143.0,42,522.0,981.8339521072796,3.8918600955595046,False,8948e85647bffff,1.0,True,1.0,1.0,,False,False
40038401899,Desert Hills High School,GILBERT,Maricopa County,11,33.323,-111.7547,2024-2025,477.0,39,438.0,299.21047488584475,3.475579753077588,False,8948eba00dbffff,1.0,True,1.0,1.0,,False,False
40038502016,Crestview College Preparatory High School,PHOENIX,Maricopa County,11,33.626948,-112.026168,2024-2025,202.0,41,356.0,275.875786516854,8.455990575454468,False,8929b6c3217ffff,1.0,True,1.0,1.0,,False,False
40038601894,Kaizen Education Foundation dba Summit High School,PHOENIX,Maricopa County,11,33.4662,-112.0637,2024-2025,299.0,43,1032.0,338.6521647286822,6.793870662917996,False,8929b6d315bffff,1.0,True,1.0,1.0,,False,False
40038701735,Kaizen Education Foundation dba Quest High School,PHOENIX,Maricopa County,11,33.37353,-112.071697,2024-2025,184.0,35,262.0,202.0006145038168,1.1562336913791644,False,8948e969c43ffff,1.0,True,1.0,1.0,,False,False
40038801736,Skyview High School,BUCKEYE,Maricopa County,31,33.407649,-112.592198,2024-2025,314.0,26,173.0,268.23320809248554,3.132576309053399,False,8929b6906c3ffff,1.0,True,1.0,1.0,,False,False
40038901737,Kaizen Education Foundation dba Maya High School,PHOENIX,Maricopa County,11,33.539862,-112.137905,2024-2025,202.0,46,593.0,286.7525851602024,2.438686548996917,False,8929b6d0eafffff,1.0,True,1.0,1.0,,False,False
40039002289,Camelback Academy,GLENDALE,Maricopa County,21,33.5093,-112.2237,2024-2025,183.0,39,355.0,250.49635211267605,6.5767658719177975,False,8929b6d74c7ffff,1.0,True,1.0,1.0,,False,False
40039103074,Midtown High School,PHOENIX,Maricopa County,11,33.464836,-112.217136,2024-2025,167.0,42,623.0,256.858709470305,1.9434308054904157,False,8948e96de53ffff,1.0,True,1.0,1.0,,False,False
40039402323,Precision Academy,PHOENIX,Maricopa County,11,33.464836,-112.217136,2024-2025,167.0,42,623.0,256.858709470305,1.9434308054904157,False,8948e96de53ffff,1.0,True,1.0,1.0,,False,False
40039502305,Leading Edge Academy Gilbert Elementary,GILBERT,Maricopa County,11,33.319689,-111.805396,2024-2025,428.0,38,395.0,412.7861873417721,2.437928579453632,False,8948eba05a7ffff,1.0,True,1.0,1.0,,False,False
40039502536,Leading Edge Academy Gilbert Early College,GILBERT,Maricopa County,11,33.319689,-111.805396,2024-2025,428.0,38,395.0,412.7861873417721,2.437928579453632,False,8948eba05a7ffff,1.0,True,1.0,1.0,,False,False
40039502826,Leading Edge Academy at East Mesa,MESA,Maricopa County,21,33.421879,-111.613392,2024-2025,269.0,40,314.0,392.9116528662421,0.6623949746313168,False,8948eba8103ffff,1.0,True,1.0,1.0,,False,False
40039503335,Leading Edge Academy Online,GILBERT,Maricopa County,11,33.320628,-111.775635,2024-2025,478.0,39,270.0,308.49624074074075,2.1249741849990684,False,8948eba055bffff,1.0,True,1.0,1.0,,False,False
40039503826,Leading Edge Academy Flagstaff,FLAGSTAFF,Coconino County,13,35.218781,-111.596504,2024-2025,,36,305.0,434.39872131147536,2.857296428209985,False,8948c996bbbffff,1.0,True,1.0,1.0,,False,False
40039703119,Learning Foundation,Mesa,Maricopa County,11,33.430857,-111.804978,2024-2025,199.0,41,311.0,257.6102057877813,5.925733266043788,False,8948ebae573ffff,1.0,True,1.0,1.0,,False,False
40039902325,Montessori Academy,Paradise Valley,Maricopa County,21,33.525414,-111.943851,2024-2025,822.0,28,161.0,147.13155900621115,5.631163668866756,False,8929b6da04fffff,1.0,True,1.0,1.0,,False,False
40040101866,New World Educational Center,PHOENIX,Maricopa County,11,33.522634,-112.065791,2024-2025,458.0,48,397.0,404.9880201511335,4.545681518339562,False,8929b6d11a7ffff,1.0,True,1.0,1.0,,False,False
40040201860,Westland School,PHOENIX,Maricopa County,11,33.4966,-112.2026,2024-2025,149.0,44,521.0,252.14807293666024,5.691600177105711,False,8929b6d298bffff,1.0,True,1.0,1.0,,False,False
40040203429,Westland School Brighton Campus,GLENDALE,Maricopa County,21,33.55381,-112.245561,2024-2025,236.0,41,487.0,471.39935934291583,10.762279356202283,False,8929b6d710bffff,1.0,True,1.0,1.0,,False,False
40040301989,Akimel O'Otham Pee Posh (K-2),COOLIDGE,Pinal County,42,33.031406,-111.579468,2024-2025,222.0,2,3.0,122.53533333333333,9.41699959651437,True,8948eb87567ffff,1.0,True,1.0,1.0,Gila River,True,False
40040401993,Akimel O'Otham Pee Posh (3-5),COOLIDGE,Pinal County,42,33.031406,-111.579468,2024-2025,222.0,2,3.0,122.53533333333333,9.41699959651437,True,8948eb87567ffff,1.0,True,1.0,1.0,Gila River,True,False
40040502053,Cornerstone Charter School,PHOENIX,Maricopa County,11,33.5411,-112.1118,2024-2025,192.0,45,575.0,233.7150086956522,1.1192255730592855,False,8929b6d0e4bffff,1.0,True,1.0,1.0,,False,False
40040602036,Happy Valley School,PEORIA,Maricopa County,21,33.711563,-112.214629,2024-2025,554.0,26,219.0,482.1782557077625,8.252628621517502,False,8929b6c7063ffff,1.0,True,1.0,1.0,,False,False
40040702404,City High School,TUCSON,Pima County,11,32.223311,-110.97056,2024-2025,223.0,42,539.0,245.21959740259737,1.6338879276945033,False,8948e8545cfffff,1.0,True,1.0,1.0,,False,False
40040702558,Paulo Freire Freedom School - University,Tucson,Pima County,11,32.231243,-110.966607,2024-2025,222.0,46,674.0,266.27124777448074,0.8204535479628235,False,8948e85454fffff,1.0,True,1.0,1.0,,False,False
40040703448,Paulo Freire Freedom School - Downtown,TUCSON,Pima County,11,32.223311,-110.97056,2024-2025,223.0,42,539.0,245.21959740259737,1.6338879276945033,False,8948e8545cfffff,1.0,True,1.0,1.0,,False,False
40040902406,Satori Charter School,TUCSON,Pima County,11,32.274528,-110.961486,2024-2025,159.0,44,673.0,359.62979940564634,4.141913426919067,False,8948e854e5bffff,1.0,True,1.0,1.0,,False,False
40041302411,Mohave Accelerated Elementary School,BULLHEAD CITY,Mohave County,23,35.101183,-114.625291,2024-2025,176.0,14,103.0,203.4483009708738,1.140922380390633,False,8929b119c53ffff,1.0,True,0.6331360946745562,0.6331360946745562,,False,False
40041302986,Mohave Accelerated Elementary School East,BULLHEAD CITY,Mohave County,41,35.158452,-114.546291,2024-2025,269.0,15,60.0,149.85856666666666,6.954394566786862,True,8929b156a27ffff,1.0,True,0.9704142011834319,0.9585798816568047,,False,False
40041402412,Academy of Building Industries,FORT MOHAVE,Mohave County,23,34.983194,-114.595492,2024-2025,324.0,20,134.0,175.47612686567163,9.159008919170123,False,8929b1ce9bbffff,1.0,True,1.0,0.9940828402366864,,False,False
40041502414,AMCS at Anthem dba Caurus Academy,ANTHEM,Maricopa County,11,33.864725,-112.149114,2024-2025,485.0,28,257.0,231.07724513618675,1.4530545172098066,False,8929b6ccd5bffff,1.0,True,1.0,1.0,,False,False
40041701588,AAEC - SMCC Campus,PHOENIX,Maricopa County,11,33.378982,-112.039907,2024-2025,361.0,34,354.0,259.4570593220339,3.778365379301768,False,8948e969323ffff,1.0,True,1.0,1.0,,False,False
40041902897,Biyaagozhoo Center,San Carlos,Gila County,43,33.359984,-110.480369,2024-2025,120.0,4,8.0,55.991,29.418793286594884,True,8948eb5949bffff,1.0,True,1.0,0.8461538461538461,San Carlos,True,False
40042002522,Pillar Academy of Business & Finance,MOHAVE VALLEY,Mohave County,41,34.852571,-114.593752,2024-2025,197.0,13,25.0,159.90144,5.374285930376086,True,8929b1c763bffff,1.0,True,0.7455621301775148,0.7455621301775148,Fort Mojave,True,False
40042003277,Pillar Academy Online,PHOENIX,Maricopa County,11,33.568423,-112.111264,2024-2025,195.0,47,969.0,313.2468596491228,4.149116055843193,False,8929b6d19b3ffff,1.0,True,1.0,1.0,,False,False
40042302525,East Valley High School,MESA,Maricopa County,11,33.417155,-111.670935,2024-2025,248.0,42,636.0,289.8232279874214,3.766769596314528,False,8948ebaabb3ffff,1.0,True,1.0,1.0,,False,False
40042402526,Imagine Rosefield,SURPRISE,Maricopa County,21,33.593412,-112.377883,2024-2025,440.0,30,132.0,439.4394318181818,5.401503646345128,False,8929b6d6923ffff,1.0,True,1.0,1.0,,False,False
40042502527,Imagine East Mesa Elementary,MESA,Maricopa County,11,33.3922,-111.6223,2024-2025,247.0,43,393.0,256.81912468193383,2.7404995372716496,False,8948eba8587ffff,1.0,True,1.0,1.0,,False,False
40042703160,Arizona Connections Academy,GILBERT,Maricopa County,11,33.277024,-111.78437,2024-2025,552.0,41,426.0,355.37183802816907,5.456031243236852,False,8948eba2047ffff,1.0,True,1.0,1.0,,False,False
40042901994,Country Gardens Charter School,LAVEEN,Maricopa County,21,33.3911,-112.1948,2024-2025,337.0,18,94.0,220.2903191489361,1.546841053958073,False,8948e96f24fffff,1.0,True,1.0,1.0,,False,False
40043202200,Arizona Virtual Academy,PHOENIX,Maricopa County,11,33.476391,-112.071066,2024-2025,535.0,45,914.0,281.8706050328228,7.263647124399461,False,8929b6d316bffff,1.0,True,1.0,1.0,,False,False
40043203324,Arizona Insight Academy,GLENDALE,Maricopa County,21,33.513325,-112.270208,2024-2025,270.0,35,850.0,500.0428470588236,7.991752695901644,False,8929b6d661bffff,1.0,True,1.0,1.0,,False,False
40043802653,Imagine Desert West Elementary,PHOENIX,Maricopa County,11,33.4672,-112.2048,2024-2025,145.0,43,423.0,219.4561134751773,2.9115076924506478,False,8929b6d2d93ffff,1.0,True,1.0,1.0,,False,False
40043902644,Desert Star Community School,CORNVILLE,Yavapai County,42,34.716988,-111.88822,2024-2025,304.0,5,8.0,58.61975,20.540815308429472,True,8929b2d8083ffff,0.0,True,0.9940828402366864,0.08284023668639054,,False,False
40044002681,Great Hearts Academies - Chandler Prep,CHANDLER,Maricopa County,11,33.333924,-111.857092,2024-2025,359.0,47,443.0,327.3621286681716,2.336841827102236,False,8948eba290bffff,1.0,True,1.0,1.0,,False,False
40044102658,Imagine Surprise Middle,SURPRISE,Maricopa County,21,33.61915,-112.39659,2024-2025,317.0,38,220.0,290.15129545454545,4.0222154050033545,False,8929b68b08fffff,1.0,True,1.0,1.0,,False,False
40044202683,Imagine East Mesa Middle,MESA,Maricopa County,11,33.3922,-111.6226,2024-2025,248.0,43,393.0,256.81912468193383,2.747125832256175,False,8948eba8587ffff,1.0,True,1.0,1.0,,False,False
40044402321,Prescott Valley School,Prescott Valley,Yavapai County,13,34.582181,-112.299812,2024-2025,189.0,16,59.0,195.6501525423729,21.39166573887868,False,8929b66eb43ffff,1.0,True,1.0,0.9171597633136095,,False,False
40044502676,Imagine Camelback Elementary,Phoenix,Maricopa County,11,33.5109,-112.1004,2024-2025,137.0,49,480.0,256.8147104166667,2.571002078311123,False,8929b6d0067ffff,1.0,True,1.0,1.0,,False,False
40044702671,South Ridge High School,PHOENIX,Maricopa County,11,33.4386,-112.2043,2024-2025,165.0,30,173.0,270.9749653179191,2.617668533393529,False,8948e96d077ffff,1.0,True,1.0,1.0,,False,False
40044802638,Desert Sky Community School,TUCSON,Pima County,11,32.239477,-110.888052,2024-2025,226.0,43,513.0,511.0345477582846,7.719595487458547,False,8948e85554bffff,1.0,True,1.0,1.0,,False,False
40045000001,Agua Fria High School,AVONDALE,Maricopa County,21,33.440107,-112.34324,2024-2025,185.0,39,307.0,189.1321042345277,3.7629203801421913,False,8948e96eb7bffff,1.0,True,1.0,1.0,,False,False
40045001884,Millennium High School,GOODYEAR,Maricopa County,21,33.4944,-112.3773,2024-2025,428.0,37,142.0,302.93818309859154,6.885624599260583,False,8929b699407ffff,1.0,True,1.0,1.0,,False,False
40045002273,Desert Edge High School,GOODYEAR,Maricopa County,21,33.4378,-112.3994,2024-2025,275.0,38,199.0,306.6879849246231,0.3076412069433147,False,8929b69b40fffff,1.0,True,1.0,1.0,,False,False
40045002592,Verrado High School,BUCKEYE,Maricopa County,41,33.4947,-112.4915,2024-2025,438.0,27,131.0,320.86248091603045,10.417362012832866,True,8929b69ae6bffff,1.0,True,1.0,1.0,,False,False
40045003559,Canyon View High School,WADDELL,Maricopa County,41,33.524385,-112.465461,2024-2025,412.0,19,56.0,219.1696785714286,9.131213916145692,True,8929b69817bffff,1.0,True,1.0,1.0,,False,False
40045003778,Coldwater Academy,AVONDALE,Maricopa County,21,33.439544,-112.341491,2024-2025,187.0,41,308.0,182.55312337662335,3.5939210805456203,False,8948e96eb4fffff,1.0,True,1.0,1.0,,False,False
40045502588,Nueva Vista School / Arizona State Hospital,PHOENIX,Maricopa County,11,33.452776,-112.026064,2024-2025,113.0,45,676.0,603.9954674556215,6.9187431363543945,False,8929b6d366fffff,1.0,True,1.0,1.0,,False,False
40046302884,ASDB - Phoenix Day School for the Deaf,PHOENIX,Maricopa County,11,33.550377,-112.100324,2024-2025,227.0,42,465.0,234.3346215053764,2.4720901349549904,False,8929b6d1d0fffff,1.0,True,1.0,1.0,,False,False
40046302892,ASDB - Distance Itinerant Service Program Region 1,HOLBROOK,Navajo County,43,34.919168,-110.152171,2024-2025,296.0,22,118.0,115.2398813559322,5.042191299437548,True,8948c816493ffff,1.0,True,1.0,0.9940828402366864,,False,False
40046302900,ASDB - Region 3,TUCSON,Pima County,11,32.235956,-110.990012,2024-2025,141.0,42,402.0,298.20503233830846,1.885509348858779,False,8948e856a53ffff,1.0,True,1.0,1.0,,False,False
40046302921,ASDB - Region 2,PHOENIX,Maricopa County,11,33.555076,-112.110034,2024-2025,193.0,47,632.0,234.49533386075944,2.6808096294141905,False,8929b6d1d27ffff,1.0,True,1.0,1.0,,False,False
40046302923,ASDB - Tucson Campus,TUCSON,Pima County,11,32.237033,-110.990434,2024-2025,141.0,42,431.0,327.55728306264496,1.9144621961674333,False,8948e856a53ffff,1.0,True,1.0,1.0,,False,False
40046302924,SOUTHWEST REGION,YUMA,Yuma County,12,32.7087,-114.6243,2024-2025,215.0,40,494.0,430.7830323886639,0.5492897670189731,False,89485b1b693ffff,1.0,True,0.9881656804733728,0.9881656804733728,,False,False
40046302927,ASDB - Region 1,FLAGSTAFF,Coconino County,13,35.19233,-111.637561,2024-2025,243.0,42,495.0,443.3526505050505,6.031611204523503,False,8929b259ad7ffff,1.0,True,1.0,1.0,,False,False
40046303236,ASDB - ELP Tucson Campus Preschool,TUCSON,Pima County,11,32.237033,-110.990434,2024-2025,141.0,42,431.0,327.55728306264496,1.9144621961674333,False,8948e856a53ffff,1.0,True,1.0,1.0,,False,False
40046303237,ASDB - ELP Phoenix Day School for the Deaf Preschool,PHOENIX,Maricopa County,11,33.548617,-112.101235,2024-2025,207.0,40,504.0,204.86662103174604,2.26063827713905,False,8929b6d1d03ffff,1.0,True,1.0,1.0,,False,False
40046303358,Tucson VIP - Inactivating in FY 21,TUCSON,Pima County,11,32.237033,-110.990434,2024-2025,141.0,42,431.0,327.55728306264496,1.9144621961674333,False,8948e856a53ffff,1.0,True,1.0,1.0,,False,False
40046303359,ASDB - ELP FBC Main Preschool,PHOENIX,Maricopa County,11,33.553365,-112.054936,2024-2025,281.0,33,300.0,313.54706,5.9836365248945445,False,8929b6d1e3bffff,1.0,True,1.0,1.0,,False,False
40046303761,ASDB - ELP FBC West Valley Preschool,PHOENIX,Maricopa County,11,33.425602,-112.221462,2024-2025,221.0,37,272.0,307.1717316176471,2.8295457549112157,False,8948e96d547ffff,1.0,True,1.0,1.0,,False,False
40046303764,ASDB - ELP FBC East Valley Preschool,CHANDLER,Maricopa County,21,33.335397,-111.885507,2024-2025,393.0,46,373.0,266.8133672922252,1.6858237810724903,False,8948eba749bffff,1.0,True,1.0,1.0,,False,False
40046303818,ASDB - ELP Distance Itinerant Service Program Preschool,PHOENIX,Maricopa County,11,33.550377,-112.100324,2024-2025,,42,465.0,234.3346215053764,2.4720901349549904,False,8929b6d1d0fffff,1.0,True,1.0,1.0,,False,False
40046303819,ASDB - ELP Region 1 Preschool,PHOENIX,Maricopa County,11,33.550377,-112.100324,2024-2025,,42,465.0,234.3346215053764,2.4720901349549904,False,8929b6d1d0fffff,1.0,True,1.0,1.0,,False,False
40046303820,ASDB - ELP Region 3 Preschool,PHOENIX,Pima County,11,32.237033,-110.990434,2024-2025,,42,431.0,327.55728306264496,1.9144621961674333,False,8948e856a53ffff,1.0,True,1.0,1.0,,False,False
40046303821,ASDB - ELP Region 2 Preschool,PHOENIX,Maricopa County,11,33.550377,-112.100324,2024-2025,,42,465.0,234.3346215053764,2.4720901349549904,False,8929b6d1d0fffff,1.0,True,1.0,1.0,,False,False
40046303822,ASDB - Distance Itinerant Service Program Region 3,TUCSON,Pima County,11,32.237033,-110.990434,2024-2025,,42,431.0,327.55728306264496,1.9144621961674333,False,8948e856a53ffff,1.0,True,1.0,1.0,,False,False
40046303823,ASDB - Distance Itinerant Service Program Region 2,PHOENIX,Maricopa County,11,33.552672,-112.103711,2024-2025,,39,466.0,236.8172253218885,2.565909280493964,False,8929b6d1d3bffff,1.0,True,1.0,1.0,,False,False
40048000002,Aguila Elementary School,Aguila,Maricopa County,43,33.93865,-113.172904,2024-2025,331.0,10,56.0,40.535178571428574,0.989041841065569,True,8929b6a650fffff,1.0,True,1.0,1.0,,False,False
40048003445,Aguila Pre-School,Aguila,Maricopa County,43,33.93865,-113.172904,2024-2025,331.0,10,56.0,40.535178571428574,0.989041841065569,True,8929b6a650fffff,1.0,True,1.0,1.0,,False,False
40052000003,Ajo Elementary School,AJO,Pima County,43,32.373754,-112.859541,2024-2025,173.0,10,60.0,125.93238333333332,1.9572927811159964,True,8948e994137ffff,1.0,True,1.0,0.9408284023668639,,False,False
40052003063,Ajo High School,AJO,Pima County,43,32.373754,-112.859541,2024-2025,173.0,10,60.0,125.93238333333332,1.9572927811159964,True,8948e994137ffff,1.0,True,1.0,0.9408284023668639,,False,False
40060000007,James W. Rice Elementary School,PHOENIX,Maricopa County,11,33.5038,-112.1595,2024-2025,158.0,43,835.0,187.15999640718564,5.219994828910022,False,8929b6d2aabffff,1.0,True,1.0,1.0,,False,False
40060000008,Barcelona Elementary School,GLENDALE,Maricopa County,21,33.532429,-112.154227,2024-2025,159.0,45,533.0,342.76483864915576,3.754429734401828,False,8929b6d0c2bffff,1.0,True,1.0,1.0,,False,False
40060000009,Catalina Ventura School,Phoenix,Maricopa County,11,33.5301,-112.1421,2024-2025,185.0,44,575.0,346.7093182608696,2.6304665419498834,False,8929b6d0c4fffff,1.0,True,1.0,1.0,,False,False
40060000010,Cordova Elementary School,PHOENIX,Maricopa County,11,33.5188,-112.1333,2024-2025,205.0,47,513.0,398.0636569200781,2.2748847786324085,False,8929b6d0123ffff,1.0,True,1.0,1.0,,False,False
40060000012,Granada Elementary School-East Campus,PHOENIX,Maricopa County,11,33.5028,-112.124,2024-2025,168.0,44,586.0,325.53941296928326,3.294253530334404,False,8929b6d056fffff,1.0,True,1.0,1.0,,False,False
40060000015,Choice Learning Academy,PHOENIX,Maricopa County,11,33.5161,-112.1089,2024-2025,150.0,47,508.0,291.19421850393707,1.734613231004322,False,8929b6d0397ffff,1.0,True,1.0,1.0,,False,False
40060000016,Sevilla Elementary School-East Campus,PHOENIX,Maricopa County,11,33.5156,-112.1415,2024-2025,181.0,45,487.0,402.6091149897331,3.1005378971375843,False,8929b6d0cdbffff,1.0,True,1.0,1.0,,False,False
40060000018,Westwood Elementary School,PHOENIX,Maricopa County,11,33.5065,-112.1076,2024-2025,119.0,43,463.0,241.2352634989201,2.8014357741442155,False,8929b6d003bffff,1.0,True,1.0,1.0,,False,False
40060001283,Alhambra Traditional School,Phoenix,Maricopa County,11,33.522302,-112.116018,2024-2025,177.0,48,624.0,286.749171474359,1.0078760166509524,False,8929b6d03b7ffff,1.0,True,1.0,1.0,,False,False
40060001486,Granada Elementary School-West Campus,PHOENIX,Maricopa County,11,33.503,-112.1279,2024-2025,164.0,46,560.0,327.4639625,3.395606100479435,False,8929b6d019bffff,1.0,True,1.0,1.0,,False,False
40060001707,Carol G. Peck Elementary School,GLENDALE,Maricopa County,21,33.5229,-112.1655,2024-2025,143.0,40,430.0,372.1676837209302,4.884238669118463,False,8929b6d0cb7ffff,1.0,True,1.0,1.0,,False,False
40060002002,Sevilla Elementary School-West Campus,PHOENIX,Maricopa County,11,33.5162,-112.1436,2024-2025,179.0,42,451.0,398.0202971175167,3.2289604787522665,False,8929b6d0cd3ffff,1.0,True,1.0,1.0,,False,False
40060003599,Valencia Newcomer School,Phoenix,Maricopa County,11,33.531942,-112.14075,2024-2025,194.0,42,525.0,354.3584438095238,2.504116128859192,False,8929b6d0c4fffff,1.0,True,1.0,1.0,,False,False
40060003614,Madrid Neighborhood School,Phoenix,Maricopa County,11,33.48808,-112.139416,2024-2025,146.0,43,387.0,317.9483591731266,5.349419688162591,False,8929b6d05a3ffff,1.0,True,1.0,1.0,,False,False
40060003659,Global Academy of Phoenix,PHOENIX,Maricopa County,11,33.5325,-112.141453,2024-2025,190.0,45,544.0,363.2844797794118,2.5720610037983285,False,8929b6d0eb7ffff,1.0,True,1.0,1.0,,False,False
40060003660,Alhambra Preschool Academy,PHOENIX,Maricopa County,11,33.502824,-112.162372,2024-2025,158.0,39,1020.0,193.35000686274503,5.500018525093148,False,8929b6d2aafffff,1.0,True,1.0,1.0,,False,False
40060003699,Arizona K-8 Online Academy,PHOENIX,Maricopa County,11,33.50269,-112.13899,2024-2025,163.0,44,437.0,360.9363501144165,3.937203616380127,False,8929b6d2a5bffff,1.0,True,1.0,1.0,,False,False
40060003700,Girls Innovation Academy,GLENDALE,Maricopa County,21,33.531751,-112.153982,2024-2025,158.0,45,533.0,342.76483864915576,3.729676566266407,False,8929b6d0c3bffff,1.0,True,1.0,1.0,,False,False
40060803115,BASIS Scottsdale,SCOTTSDALE,Maricopa County,12,33.5816,-111.806445,2024-2025,837.0,28,211.0,320.7536161137441,4.224393926769612,False,8948eb36583ffff,1.0,True,1.0,1.0,,False,False
40061002056,Desert Heights Charter School,GLENDALE,Maricopa County,21,33.6333,-112.1817,2024-2025,310.0,42,510.0,345.5794352941177,1.201399544764054,False,8929b6c2cafffff,1.0,True,1.0,1.0,,False,False
40061202545,NATIVE - Tuba City High School,Tuba City,Coconino County,33,36.126916,-111.223036,2024-2025,182.0,24,422.0,262.4630260663507,2.244839736227415,False,8948c929313ffff,1.0,True,1.0,1.0,Navajo Nation,True,False
40061203127,NATIVE - Monument Valley High School,Kayenta,Navajo County,43,36.725845,-110.245672,2024-2025,105.0,16,162.0,45.64607407407408,1.780301031819725,True,8948cb2ea7bffff,1.0,True,1.0,0.9763313609467456,Navajo Nation,True,False
40061203128,NATIVE - Pinon High School,Pinon,Navajo County,43,36.11475,-110.216061,2024-2025,111.0,3,3.0,56.369,10.95058306567993,True,8948cbb9c2bffff,1.0,True,1.0,1.0,Navajo Nation,True,False
40061203129,NATIVE - Chinle High School,Chinle,Apache County,43,36.158092,-109.581809,2024-2025,95.0,19,98.0,111.21864285714284,1.265973843935819,True,8948cb56197ffff,1.0,True,1.0,1.0,Navajo Nation,True,False
40061203130,NATIVE - Ganado High School,Ganado,Apache County,43,35.712211,-109.532861,2024-2025,137.0,4,10.0,41.8498,0.4372664625673727,True,8948cbd06abffff,1.0,True,1.0,0.9349112426035503,Navajo Nation,True,False
40061203131,NATIVE - Red Mesa High School,Teec Nos Pos,Apache County,43,36.961986,-109.381598,2024-2025,178.0,2,2.0,125.7195,12.829664225336618,True,89269a2724fffff,1.0,True,1.0,1.0,Navajo Nation,True,False
40061203132,NATIVE - Window Rock High School,FORT DEFIANCE,Apache County,43,35.750232,-109.048723,2024-2025,102.0,10,41.0,28.1319512195122,10.818793029590712,True,8948ca32317ffff,1.0,True,0.5266272189349113,0.5266272189349113,Navajo Nation,True,False
40061203133,NATIVE - Sanders Valley High School,Sanders,Apache County,43,35.199243,-109.313632,2024-2025,110.0,9,96.0,35.10194791666667,3.8113227481906113,True,8948c84ac23ffff,1.0,True,1.0,0.9822485207100592,Navajo Nation,True,False
40061203265,NATIVE - Red Valley/Cove High School,Red Valley,Apache County,43,36.576128,-109.055765,2024-2025,132.0,0,0.0,,2.6657186756515623,True,89269b452a3ffff,1.0,True,0.7041420118343196,0.6982248520710059,Navajo Nation,True,True
40061203311,NATIVE Central Campus,Kayenta,Navajo County,43,36.725845,-110.245672,2024-2025,105.0,16,162.0,45.64607407407408,1.780301031819725,True,8948cb2ea7bffff,1.0,True,1.0,0.9763313609467456,Navajo Nation,True,False
40061203829,NATIVE - Hopi HS,Keams Canyon,Navajo County,43,35.8162,-110.30779,2024-2025,,2,4.0,42.787,3.0895160403077893,True,8948cb94bbbffff,1.0,True,1.0,0.9822485207100592,Hopi,True,False
40061203830,NATIVE - Greyhills HS,Tuba City,Coconino County,33,36.126956,-111.221233,2024-2025,,25,424.0,262.668733490566,2.4027096465491784,False,8948c929313ffff,1.0,True,1.0,1.0,Navajo Nation,True,False
40061203848,NATIVE - Shonto High School,Shonto,Navajo County,43,36.598492,-110.655179,2024-2025,,8,17.0,96.7269411764706,0.2699166324792447,True,892996c8db7ffff,1.0,True,1.0,0.9822485207100592,Navajo Nation,True,False
40061302553,Adventure School,TUCSON,Pima County,11,32.2437,-110.8692,2024-2025,200.0,40,418.0,408.47191866028703,7.501510978712014,False,8948e8550cfffff,1.0,True,1.0,1.0,,False,False
40061302861,Academy Adventures Mid-town,TUCSON,Pima County,11,32.262261,-110.912281,2024-2025,186.0,40,679.0,228.19415316642124,6.0707071465294655,False,8948e8551afffff,1.0,True,1.0,1.0,,False,False
40061403158,Phoenix College Preparatory Academy,PHOENIX,Maricopa County,11,33.486324,-112.086478,2024-2025,403.0,46,557.0,243.35386894075407,5.590735235350924,False,8929b6d06bbffff,1.0,True,1.0,1.0,,False,False
40061502390,West-MEC - Ironwood High School,GLENDALE,Maricopa County,21,33.6032,-112.189,2024-2025,463.0,37,300.0,337.0652533333333,4.07437093954761,False,8929b6d507bffff,1.0,True,1.0,1.0,,False,False
40061502391,West-MEC - Cactus High School,GLENDALE,Maricopa County,21,33.6256,-112.1953,2024-2025,301.0,38,428.0,398.1038668224299,1.6008670857920333,False,8929b6d5373ffff,1.0,True,1.0,1.0,,False,False
40061502392,West-MEC - Sunrise Mountain High School,PEORIA,Maricopa County,21,33.6767,-112.2402,2024-2025,379.0,36,164.0,320.35047560975613,6.057295540981695,False,8929b6d5b63ffff,1.0,True,1.0,1.0,,False,False
40061502393,West-MEC - Willow Canyon High School,SURPRISE,Maricopa County,21,33.6344,-112.4444,2024-2025,357.0,41,246.0,413.5652398373984,3.645700199515601,False,8929b68a267ffff,1.0,True,1.0,1.0,,False,False
40061502394,West-MEC - Desert Edge High School,GOODYEAR,Maricopa County,21,33.4377,-112.3993,2024-2025,275.0,38,199.0,306.6879849246231,0.3076021320694577,False,8929b69b40fffff,1.0,True,1.0,1.0,,False,False
40061502395,West-MEC - Estrella Foothills High School,GOODYEAR,Maricopa County,41,33.327714,-112.422528,2024-2025,473.0,16,53.0,405.3858301886793,1.990443958877176,True,8948e9646cfffff,1.0,True,1.0,0.9940828402366864,,False,False
40061502440,West-MEC - Tonopah Valley High School,TONOPAH,Maricopa County,42,33.491661,-112.873252,2024-2025,297.0,5,11.0,97.95145454545454,15.058499230404102,True,8929b696887ffff,1.0,True,1.0,1.0,,False,False
40061502441,West-MEC - Raymond S. Kellis,GLENDALE,Maricopa County,21,33.5457,-112.2528,2024-2025,220.0,43,1197.0,592.4729281537176,10.83873421365882,False,8929b6d718fffff,1.0,True,1.0,1.0,,False,False
40061502506,West-MEC - Washington High School,PHOENIX,Maricopa County,11,33.5381,-112.1059,2024-2025,185.0,44,531.0,244.9623860640301,1.060073079538981,False,8929b6d1d93ffff,1.0,True,1.0,1.0,,False,False
40061502507,West-MEC - Thunderbird High School,PHOENIX,Maricopa County,11,33.6128,-112.0967,2024-2025,327.0,29,193.0,345.1824093264249,9.213631459593287,False,8929b6c22c7ffff,1.0,True,1.0,1.0,,False,False
40061502508,West-MEC - Sunnyslope High School,PHOENIX,Maricopa County,11,33.5669,-112.0758,2024-2025,252.0,39,514.0,247.2855992217899,5.306227606526428,False,8929b6d1877ffff,1.0,True,1.0,1.0,,False,False
40061502509,West-MEC - Moon Valley High School,PHOENIX,Maricopa County,11,33.5958,-112.1372,2024-2025,233.0,50,603.0,334.02048092868984,7.052405446738407,False,8929b6c2543ffff,1.0,True,1.0,1.0,,False,False
40061502510,West-MEC - Independence High School,GLENDALE,Maricopa County,21,33.531936,-112.221461,2024-2025,229.0,39,315.0,322.47960000000006,9.102215681755869,False,8929b6d70c7ffff,1.0,True,1.0,1.0,,False,False
40061502511,West-MEC - Greenway High School,PHOENIX,Maricopa County,11,33.626,-112.1437,2024-2025,278.0,41,289.0,396.2327474048443,4.735569884630096,False,8929b6c2173ffff,1.0,True,1.0,1.0,,False,False
40061502512,West-MEC - Glendale High School,GLENDALE,Maricopa County,21,33.5391,-112.1934,2024-2025,159.0,39,543.0,203.06387108655613,7.434975425843846,False,8929b6d72d3ffff,1.0,True,1.0,1.0,,False,False
40061502513,West-MEC - Cortez High School,PHOENIX,Maricopa County,11,33.5662,-112.126,2024-2025,212.0,46,761.0,291.1862194480946,4.057571767641309,False,8929b6d0a77ffff,1.0,True,1.0,1.0,,False,False
40061502514,West-MEC - Apollo High School,GLENDALE,Maricopa County,21,33.5536,-112.1589,2024-2025,209.0,44,415.0,270.12679759036143,4.871536175043657,False,8929b6d0837ffff,1.0,True,1.0,1.0,,False,False
40061502515,West-MEC - Boulder Creek High School,ANTHEM,Maricopa County,21,33.8525,-112.1403,2024-2025,501.0,30,172.0,195.78566860465116,1.0518020559705985,False,8929b6ccc03ffff,1.0,True,1.0,1.0,,False,False
40061502516,West-MEC - Barry Goldwater High School,PHOENIX,Maricopa County,11,33.677332,-112.118559,2024-2025,303.0,42,661.0,311.9125098335855,7.987850536420542,False,8929b6c011bffff,1.0,True,1.0,1.0,,False,False
40061502517,West-MEC - Deer Valley High School,GLENDALE,Maricopa County,21,33.6536,-112.17,2024-2025,305.0,40,281.0,267.97594661921704,2.561430714335686,False,8929b6c2803ffff,1.0,True,1.0,1.0,,False,False
40061502518,West-MEC - Mountain Ridge High School,GLENDALE,Maricopa County,21,33.6898,-112.2043,2024-2025,555.0,32,194.0,423.5621649484536,5.678478410687465,False,8929b6c76a3ffff,1.0,True,1.0,1.0,,False,False
40061502519,West-MEC - Sandra Day O'Connor High School,Glendale,Maricopa County,11,33.718103,-112.138076,2024-2025,483.0,24,128.0,196.8849296875,10.04522385866483,False,8929b6c0847ffff,1.0,True,1.0,1.0,,False,False
40061502520,West-MEC - Wickenburg High School,WICKENBURG,Maricopa County,41,33.9547,-112.777836,2024-2025,296.0,9,43.0,171.09704651162792,3.555560068483921,True,8929b6aa203ffff,1.0,True,1.0,0.9053254437869822,,False,False
40061502521,West-MEC - Central Campus,GLENDALE,Maricopa County,21,33.535947,-112.292835,2024-2025,251.0,17,166.0,212.6576144578313,11.203187508599504,False,8929b6d6063ffff,1.0,True,1.0,1.0,,False,False
40061502635,West-MEC - Horizon High School,SCOTTSDALE,Maricopa County,11,33.6251,-111.959,2024-2025,553.0,42,493.0,527.8578478701826,6.116267546446427,False,8929b6d8e27ffff,1.0,True,1.0,1.0,,False,False
40061502641,West-MEC - Shadow Mountain High School,PHOENIX,Maricopa County,11,33.582984,-112.020622,2024-2025,459.0,33,195.0,397.3370564102565,8.288099127169886,False,8929b6da90bffff,1.0,True,1.0,1.0,,False,False
40061502648,West-MEC - Liberty High School,PEORIA,Maricopa County,21,33.6851,-112.265,2024-2025,458.0,36,187.0,289.3571764705883,8.422289342584548,False,8929b6c6673ffff,1.0,True,1.0,1.0,,False,False
40061502654,West-MEC - Paradise Valley High School,PHOENIX,Maricopa County,11,33.6417,-111.9976,2024-2025,291.0,38,291.0,376.38942611683854,5.569752348823816,False,8929b6d8903ffff,1.0,True,1.0,1.0,,False,False
40061502664,West-MEC - Pinnacle High School,PHOENIX,Maricopa County,11,33.6805,-112.0083,2024-2025,543.0,27,150.0,370.29618,3.875269611985847,False,8929b6c104bffff,1.0,True,1.0,1.0,,False,False
40061502669,West-MEC - Valley Vista High School,SURPRISE,Maricopa County,21,33.625379,-112.386109,2024-2025,345.0,40,196.0,311.34694897959184,5.205150036707444,False,8929b68b047ffff,1.0,True,1.0,1.0,,False,False
40061502680,West-MEC - Verrado High School,BUCKEYE,Maricopa County,41,33.494518,-112.491462,2024-2025,437.0,27,131.0,320.86248091603045,10.406381120327715,True,8929b69ae6bffff,1.0,True,1.0,1.0,,False,False
40061502686,West-MEC - North Canyon High School,PHOENIX,Maricopa County,11,33.6566,-112.0438,2024-2025,288.0,46,522.0,279.5398007662836,7.786936154458751,False,8929b6c15d7ffff,1.0,True,1.0,1.0,,False,False
40061502804,West-MEC - Peoria Transition Center,Peoria,Maricopa County,21,33.587382,-112.239511,2024-2025,279.0,44,387.0,242.9438527131784,7.292061771252849,False,8929b6d42d3ffff,1.0,True,1.0,1.0,,False,False
40061502824,West-MEC - Youngker High School,BUCKEYE,Maricopa County,41,33.4185,-112.5749,2024-2025,321.0,28,183.0,214.850262295082,1.46740021356413,True,8929b69158bffff,1.0,True,1.0,1.0,,False,False
40061502863,West-MEC - Virtual Learning Academy,TONOPAH,Maricopa County,42,33.491661,-112.873252,2024-2025,297.0,5,11.0,97.95145454545454,15.058499230404102,True,8929b696887ffff,1.0,True,1.0,1.0,,False,False
40061502879,West-MEC - Metrocenter Academy,PHOENIX,Maricopa County,11,33.573982,-112.12193,2024-2025,225.0,45,779.0,338.911593068036,4.820816001938707,False,8929b6c24d7ffff,1.0,True,1.0,1.0,,False,False
40061503061,West-MEC - Shadow Ridge High School,SURPRISE,Maricopa County,41,33.583825,-112.459294,2024-2025,394.0,16,121.0,186.8305123966942,3.052728612521851,True,8929b68a4cbffff,1.0,True,1.0,1.0,,False,False
40061503148,West-MEC - Centennial High School,PEORIA,Maricopa County,21,33.6161,-112.2309,2024-2025,420.0,45,428.0,275.29156542056074,4.451213548802596,False,8929b6d5127ffff,1.0,True,1.0,1.0,,False,False
40061503149,West-MEC - Peoria High School,PEORIA,Maricopa County,21,33.587382,-112.239511,2024-2025,279.0,44,387.0,242.9438527131784,7.292061771252849,False,8929b6d42d3ffff,1.0,True,1.0,1.0,,False,False
40061503150,West-MEC - Dysart High School,EL MIRAGE,Maricopa County,21,33.5902,-112.3399,2024-2025,237.0,28,81.0,303.0753209876543,8.9294915416063,False,8929b6d6bd3ffff,1.0,True,1.0,1.0,,False,False
40061503151,West-MEC - Millennium High School,GOODYEAR,Maricopa County,21,33.494436,-112.377377,2024-2025,428.0,37,142.0,302.93818309859154,6.887040158845658,False,8929b699407ffff,1.0,True,1.0,1.0,,False,False
40061503152,West-MEC - Agua Fria High School,AVONDALE,Maricopa County,21,33.440107,-112.34324,2024-2025,185.0,39,307.0,189.1321042345277,3.7629203801421913,False,8948e96eb7bffff,1.0,True,1.0,1.0,,False,False
40061503153,West-MEC - Buckeye Union High School,BUCKEYE,Maricopa County,31,33.376089,-112.575478,2024-2025,161.0,23,268.0,325.019843283582,6.1835669380002845,False,8929b693013ffff,1.0,True,1.0,1.0,,False,False
40061503366,West-MEC - West View High School,AVONDALE,Maricopa County,21,33.49,-112.293,2024-2025,300.0,36,476.0,280.46360714285714,6.125386579659349,False,8948e96ca6bffff,1.0,True,1.0,1.0,,False,False
40061503371,West-MEC - La Joya High School,AVONDALE,Maricopa County,21,33.4257,-112.3092,2024-2025,250.0,43,306.0,309.5997352941177,1.235350099701972,False,8948e96c187ffff,1.0,True,1.0,1.0,,False,False
40061503372,West-MEC - Sierra Linda High School,TOLLESON,Maricopa County,11,33.418401,-112.206298,2024-2025,211.0,31,234.0,232.41025641025644,3.2145936639606267,False,8948e96d42bffff,1.0,True,1.0,1.0,,False,False
40061503373,West-MEC - Tolleson Union High School,TOLLESON,Maricopa County,21,33.4489,-112.2638,2024-2025,217.0,39,374.0,257.5943689839572,1.9761990294087952,False,8948e96c34bffff,1.0,True,1.0,1.0,,False,False
40061503391,West-MEC - Copper Canyon High School,GLENDALE,Maricopa County,21,33.5109,-112.2573,2024-2025,245.0,43,917.0,485.1568898582334,7.238466773131783,False,8948e96db23ffff,1.0,True,1.0,1.0,,False,False
40061503515,Start Campus,GLENDALE,Maricopa County,21,33.514201,-112.271797,2024-2025,272.0,32,842.0,502.48849168646086,8.14842291582389,False,8929b6d661bffff,1.0,True,1.0,1.0,,False,False
40061503525,Southwest Campus,BUCKEYE,Maricopa County,21,33.45285,-112.505521,2024-2025,362.0,19,124.0,166.03804032258068,6.8285552484335525,False,8929b69a187ffff,1.0,True,1.0,1.0,,False,False
40061503528,Northeast Campus,PHOENIX,Maricopa County,11,33.690217,-112.094459,2024-2025,321.0,38,477.0,334.15444025157234,10.637915004995408,False,8929b6c0303ffff,1.0,True,1.0,1.0,,False,False
40061503545,Northwest Campus,SURPRISE,Maricopa County,21,33.633322,-112.344453,2024-2025,241.0,42,335.0,266.76061492537315,9.070958461310385,False,8929b6d4d67ffff,1.0,True,1.0,1.0,,False,False
40061503587,West-MEC Canyon View High School,WADDELL,Maricopa County,41,33.524394,-112.464129,2024-2025,413.0,19,57.0,216.13210526315788,9.093077338148571,True,8929b69817bffff,1.0,True,1.0,1.0,,False,False
40061503595,West-MEC Gateway Community College,Phoenix,Maricopa County,11,33.63854,-112.122841,2024-2025,275.0,45,520.0,349.17211153846154,6.4140608192032,False,8929b6c2377ffff,1.0,True,1.0,1.0,,False,False
40061503603,West-MEC Glendale Community College,Glendale,Maricopa County,21,33.570428,-112.189379,2024-2025,266.0,43,324.0,215.69238271604937,7.712406349018358,False,8929b6d5453ffff,1.0,True,1.0,1.0,,False,False
40061503608,West-MEC Glendale Community College - North,Glendale,Maricopa County,11,33.710727,-112.187011,2024-2025,552.0,27,150.0,247.13757333333336,7.906380315777046,False,8929b6c72cfffff,1.0,True,1.0,1.0,,False,False
40061503616,West-MEC Western School Science Technology,PHOENIX,Maricopa County,11,33.493699,-112.200226,2024-2025,146.0,42,470.0,246.72465319148927,5.504117832119384,False,8929b6d299bffff,1.0,True,1.0,1.0,,False,False
40061503620,West-MEC Estrella Mountain Community College,Avondale,Maricopa County,21,33.480812,-112.343266,2024-2025,408.0,41,186.0,323.83318817204304,6.264089043656326,False,8948e96c957ffff,1.0,True,1.0,1.0,,False,False
40061503641,West-MEC West Point High School,Avondale,Maricopa County,21,33.472311,-112.310146,2024-2025,349.0,35,224.0,242.52096875,4.139616977201312,False,8948e96c84bffff,1.0,True,1.0,1.0,,False,False
40061503827,West-MEC Paradise Honors,SURPRISE,Maricopa County,41,33.599874,-112.434419,2024-2025,,27,148.0,144.6382027027027,0.3031023697654366,True,8929b68a653ffff,1.0,True,1.0,1.0,,False,False
40061503828,West-MEC Gila Bend,GILA BEND,Maricopa County,43,32.953213,-112.718666,2024-2025,,8,48.0,202.69895833333337,3.6063005756521487,True,8948e906b23ffff,1.0,True,1.0,1.0,,False,False
40061503845,West-MEC Ridgeline Academy,ANTHEM,Maricopa County,21,33.845183,-112.137423,2024-2025,,30,132.0,210.70524242424244,1.7286297243365345,False,8929b6cccd7ffff,1.0,True,1.0,1.0,,False,False
40061503870,West-MEC Paradise Valley Community College,PHOENIX,Maricopa County,11,33.653035,-112.010364,2024-2025,,43,325.0,212.65061230769237,5.357638082345745,False,8929b6c145bffff,1.0,True,1.0,1.0,,False,False
40061603094,New School for the Arts Middle School,TEMPE,Maricopa County,12,33.415291,-111.919221,2024-2025,219.0,46,1087.0,308.7807690892364,7.716061416623338,False,8948eba405bffff,1.0,True,1.0,1.0,,False,False
40061803095,South Pointe High School,PHOENIX,Maricopa County,11,33.370974,-112.072811,2024-2025,181.0,35,140.0,214.48062857142853,0.8540284928824909,False,8948e969c53ffff,1.0,True,1.0,1.0,,False,False
40061903097,Alta Vista High School,TUCSON,Pima County,11,32.1608,-110.9438,2024-2025,140.0,39,259.0,1175.7673629343628,1.1889451972595708,False,8948e8566cbffff,1.0,True,1.0,1.0,,False,False
40062100688,Pinnacle High School - Tempe,TEMPE,Maricopa County,12,33.3932,-111.9719,2024-2025,205.0,48,359.0,365.8880334261839,2.9307253008561207,False,8948eba6e43ffff,1.0,True,1.0,1.0,,False,False
40062103161,Pinnacle Online High School,TEMPE,Maricopa County,12,33.39322,-111.97186,2024-2025,205.0,48,359.0,365.8880334261839,2.935018677062254,False,8948eba6e43ffff,1.0,True,1.0,1.0,,False,False
40062502157,Pinnacle Charter High School,NOGALES,Santa Cruz County,33,31.369389,-110.932648,2024-2025,157.0,20,95.0,235.93648421052632,3.0582001313833445,False,8948ec7b2b7ffff,1.0,True,1.0,1.0,,False,False
40062601886,Pinnacle High School - Casa Grande,CASA GRANDE,Pinal County,13,32.927541,-111.73864,2024-2025,246.0,30,170.0,226.3809176470588,7.8741437922065085,False,8948e94b4bbffff,1.0,True,1.0,1.0,,False,False
40063000019,Alpine Elementary School,Alpine,Apache County,43,33.827147,-109.143498,2024-2025,147.0,4,13.0,327.7945384615384,1.9732001218741309,True,8948c12c017ffff,1.0,True,1.0,0.9289940828402367,,False,False
40063203105,Berean Academy,SIERRA VISTA,Cochise County,13,31.566878,-110.248134,2024-2025,227.0,17,184.0,508.9540597826086,5.485639794849994,False,8948ee151d7ffff,1.0,True,1.0,1.0,,False,False
40063303106,Canyon Rose Academy,TUCSON,Pima County,11,32.1938,-110.8574,2024-2025,264.0,40,1208.0,196.29938327814568,6.176929217801242,False,8948e850d77ffff,1.0,True,1.0,1.0,,False,False
40063303536,Canyon Rose Academy-East,TUCSON,Pima County,11,32.260082,-110.8002,2024-2025,508.0,15,101.0,761.2853762376241,6.416061740857423,False,8948e84200bffff,1.0,True,1.0,1.0,,False,False
40063603108,Hope High School,PHOENIX,Maricopa County,11,33.424435,-112.224205,2024-2025,227.0,35,274.0,306.4001131386861,2.9077993744163524,False,8948e96d573ffff,1.0,True,1.0,1.0,,False,False
40063603163,Hope High School Online,GLENDALE,Maricopa County,11,33.710548,-112.107457,2024-2025,467.0,36,369.0,374.5837994579946,11.105793188489216,False,8929b6c1da3ffff,1.0,True,1.0,1.0,,False,False
40063702032,Arizona Conservatory for Arts and Academics Elementary Schoo,PHOENIX,Maricopa County,11,33.636436,-112.119656,2024-2025,264.0,43,518.0,346.70730888030886,6.717696048006043,False,8929b6c2373ffff,1.0,True,1.0,1.0,,False,False
40063801796,Pathfinder Academy,MESA,Maricopa County,11,33.468283,-111.677349,2024-2025,379.0,30,163.0,331.8373251533744,2.4269019597500874,False,8948ebaf26bffff,1.0,True,1.0,1.0,,False,False
40063803360,Sequoia Lehi Charter School,MESA,Maricopa County,11,33.458353,-111.812321,2024-2025,290.0,23,175.0,312.82204571428565,7.492226416177675,False,8948ebae12bffff,1.0,True,1.0,1.0,,False,False
40063803456,Sequoia Pathfinder Academy at Eastmark,Mesa,Maricopa County,11,33.327669,-111.618273,2024-2025,389.0,33,156.0,287.749,8.639303160220255,False,8948ebaa403ffff,1.0,True,1.0,1.0,,False,False
40063803511,Leman Academy of Excellence Sierra Vista,SIERRA VISTA,Cochise County,13,31.551555,-110.288345,2024-2025,265.0,36,397.0,261.0662141057935,1.698766635788377,False,8948ee14627ffff,1.0,True,1.0,1.0,,False,False
40064002031,Edkey Inc. - Sequoia Deaf School,MESA,Maricopa County,11,33.387571,-111.81486,2024-2025,198.0,42,468.0,387.5518269230769,4.415240306872474,False,8948eba082bffff,1.0,True,1.0,1.0,,False,False
40064003569,KELLY,PHOENIX,Maricopa County,11,33.43182,-112.049351,2024-2025,124.0,38,572.0,380.86960664335663,3.743861067998346,False,8929b6d3447ffff,1.0,True,1.0,1.0,,False,False
40064102881,Children First Leadership Academy,PHOENIX,Maricopa County,11,33.43182,-112.049351,2024-2025,124.0,38,572.0,380.86960664335663,3.743861067998346,False,8929b6d3447ffff,1.0,True,1.0,1.0,,False,False
40064102953,Children First Academy - Tempe,TEMPE,Maricopa County,12,33.415594,-111.902184,2024-2025,188.0,46,874.0,288.97114645308926,6.706019976025172,False,8948eba42d3ffff,1.0,True,1.0,1.0,,False,False
40064902846,Heritage Elementary - Williams,WILLIAMS,Coconino County,43,35.257751,-112.181993,2024-2025,169.0,24,284.0,290.6233098591549,6.7205880998049485,True,8929b209c47ffff,1.0,True,1.0,0.9763313609467456,,False,False
40064903114,Heritage Elementary School,GLENDALE,Maricopa County,21,33.532871,-112.327258,2024-2025,351.0,18,64.0,407.762328125,11.051321456564304,False,8929b6d6183ffff,1.0,True,1.0,1.0,,False,False
40065001846,Integrity Education Centre,TEMPE,Maricopa County,12,33.45783,-111.930101,2024-2025,315.0,39,337.0,377.75200593471806,10.91811593926916,False,8948eba5dc7ffff,1.0,True,1.0,1.0,,False,False
40065303004,Arizona Conservatory for Arts and Academics,PHOENIX,Maricopa County,11,33.6373,-112.1196,2024-2025,267.0,44,529.0,341.7374990548204,6.718257728321724,False,8929b6c2373ffff,1.0,True,1.0,1.0,,False,False
40065303069,Arizona Conservatory for Arts and Academics,PHOENIX,Maricopa County,11,33.637067,-112.119922,2024-2025,266.0,44,529.0,341.7374990548204,6.689587529977051,False,8929b6c2373ffff,1.0,True,1.0,1.0,,False,False
40065503096,Great Hearts Academies - Veritas Prep,PHOENIX,Maricopa County,11,33.484177,-111.961503,2024-2025,812.0,31,298.0,426.073610738255,10.473865144410553,False,8948eba4a2fffff,1.0,True,1.0,1.0,,False,False
40065603223,RSD High School,PHOENIX,Maricopa County,11,33.608735,-112.133241,2024-2025,219.0,46,518.0,284.0739942084941,6.450194680918758,False,8929b6c20afffff,1.0,True,1.0,1.0,,False,False
40068000020,Amphitheater Middle School,TUCSON,Pima County,11,32.272465,-110.968168,2024-2025,144.0,43,1117.0,535.2073509400178,3.8366866258743024,False,8948e854e57ffff,1.0,True,1.0,1.0,,False,False
40068000021,Coronado K-8 School,TUCSON,Pima County,21,32.4755,-110.921,2024-2025,333.0,20,66.0,242.1919696969697,2.5945215466083926,False,8948e845b83ffff,1.0,True,1.0,0.9763313609467456,,False,False
40068000022,Marion Donaldson Elementary School,TUCSON,Pima County,21,32.333667,-111.011987,2024-2025,344.0,31,261.0,428.77104214559387,11.301970938149962,False,8948e8465a7ffff,1.0,True,1.0,1.0,,False,False
40068000023,E C Nash School,TUCSON,Pima County,11,32.2555,-110.981,2024-2025,125.0,41,523.0,344.01743977055446,2.19891283483854,False,8948e854123ffff,1.0,True,1.0,1.0,,False,False
40068000025,Frances Owen Holaway Elementary School,TUCSON,Pima County,11,32.2711,-110.947,2024-2025,220.0,39,414.0,303.5872463768116,4.274293714641975,False,8948e854363ffff,1.0,True,1.0,1.0,,False,False
40068000026,Helen Keeling Elementary School,TUCSON,Pima County,11,32.259,-110.9649,2024-2025,168.0,39,567.0,278.73901587301594,2.3859640611053283,False,8948e8543b7ffff,1.0,True,1.0,1.0,,False,False
40068000027,L M Prince School,TUCSON,Pima County,11,32.27255,-110.970819,2024-2025,138.0,42,1180.0,515.9508059322035,3.842361369698862,False,8948e854e1bffff,1.0,True,1.0,1.0,,False,False
40068000028,Lawrence W Cross Middle School,TUCSON,Pima County,21,32.3452,-110.9871,2024-2025,355.0,27,426.0,577.657089201878,9.169041102241646,False,8948e8460a7ffff,1.0,True,1.0,1.0,,False,False
40068000029,Lulu Walker School,TUCSON,Pima County,21,32.3019,-111.0026,2024-2025,258.0,39,287.0,352.4575156794425,7.734124922946675,False,8948e854b83ffff,1.0,True,1.0,1.0,,False,False
40068000030,Rillito Center,TUCSON,Pima County,11,32.2741,-110.9678,2024-2025,149.0,44,1176.0,518.6457993197279,4.020015464208089,False,8948e854e57ffff,1.0,True,1.0,1.0,,False,False
40068000031,Winifred Harelson Elementary School,TUCSON,Pima County,21,32.345,-110.9838,2024-2025,353.0,29,442.0,566.4339954751131,9.090755349015351,False,8948e8460a7ffff,1.0,True,1.0,1.0,,False,False
40068000032,Amphitheater High School,TUCSON,Pima County,11,32.268843,-110.975036,2024-2025,129.0,43,1082.0,544.3075859519408,3.4607132711437827,False,8948e854e13ffff,1.0,True,1.0,1.0,,False,False
40068000033,Canyon Del Oro High School,ORO VALLEY,Pima County,41,32.374582,-110.972663,2024-2025,381.0,21,88.0,300.014625,5.639071482117542,True,8948e84633bffff,1.0,True,1.0,1.0,,False,False
40068001001,Richard B Wilson Jr School,ORO VALLEY,Pima County,41,32.418482,-111.018349,2024-2025,443.0,15,75.0,224.84322666666665,6.033628515221076,True,8948e846b07ffff,1.0,True,1.0,1.0,,False,False
40068001031,Mesa Verde Elementary School,TUCSON,Pima County,21,32.3581,-111.0029,2024-2025,368.0,23,161.0,272.6774906832298,8.52634799376342,False,8948e8461abffff,1.0,True,1.0,1.0,,False,False
40068001286,Rio Vista Elementary School,TUCSON,Pima County,11,32.2839,-110.9513,2024-2025,231.0,32,459.0,348.4099760348584,5.401656520164719,False,8948e855d17ffff,1.0,True,1.0,1.0,,False,False
40068001394,Copper Creek Elementary School,TUCSON,Pima County,21,32.4181,-110.9863,2024-2025,493.0,18,74.0,279.67125675675675,3.05199121320934,False,8948e844cd3ffff,1.0,True,1.0,1.0,,False,False
40068001525,La Cima Middle School,TUCSON,Pima County,21,32.310191,-110.99404,2024-2025,314.0,36,339.0,491.4230678466077,8.336559137299634,False,8948e854b0bffff,1.0,True,1.0,1.0,,False,False
40068002066,Painted Sky Elementary School,ORO VALLEY,Pima County,21,32.435558,-110.970054,2024-2025,478.0,21,75.0,258.6493066666667,2.045885936654839,False,8948e844e8fffff,1.0,True,1.0,1.0,,False,False
40068002198,Ironwood Ridge High School,ORO VALLEY,Pima County,41,32.408607,-111.020697,2024-2025,413.0,14,26.0,181.7521153846154,6.432994321361615,True,8948e846b83ffff,1.0,True,1.0,1.0,,False,False
40068003314,Amphi Academy at Donaldson,TUCSON,Pima County,21,32.333667,-111.011987,2024-2025,344.0,31,261.0,428.77104214559387,11.301970938149962,False,8948e8465a7ffff,1.0,True,1.0,1.0,,False,False
40068003330,Amphi Academy Online,TUCSON,Pima County,11,32.286251,-110.96432,2024-2025,246.0,36,1197.0,489.8265204678363,5.3928279496613,False,8948e855da7ffff,1.0,True,1.0,1.0,,False,False
40068003517,The Innovation Academy,ORO VALLEY,Pima County,21,32.443537,-110.982352,2024-2025,484.0,18,74.0,227.75777027027027,3.496813523826949,False,8948e8448dbffff,1.0,True,1.0,1.0,,False,False
40072000034,Antelope Union High School,Wellton,Yuma County,42,32.691608,-114.023242,2024-2025,261.0,2,2.0,221.682,26.088525225606134,True,89485a21927ffff,1.0,True,1.0,0.9881656804733728,,False,False
40072003466,AUHS Online Acadamy,Wellton,Yuma County,42,32.691608,-114.023242,2024-2025,261.0,2,2.0,221.682,26.088525225606134,True,89485a21927ffff,1.0,True,1.0,0.9881656804733728,,False,False
40074502856,Legacy Traditional School - Maricopa,MARICOPA,Pinal County,41,33.042307,-112.00606,2024-2025,291.0,26,253.0,222.906976284585,1.3452840981233327,True,8948e94e1afffff,1.0,True,1.0,1.0,,False,False
40074600717,EDUPRIZE SCHOOL Gilbert,GILBERT,Maricopa County,11,33.3761,-111.8016,2024-2025,339.0,43,439.0,398.467284738041,3.441164149773371,False,8948eba0853ffff,1.0,True,1.0,1.0,,False,False
40074602864,Eduprize School,QUEEN CREEK,Pinal County,21,33.175201,-111.615225,2024-2025,307.0,13,36.0,121.6535,5.746835394967064,False,8948ebba0d3ffff,1.0,True,1.0,0.9763313609467456,,False,False
40074603756,EDUPRIZE ONLINE INSTRUCTION,QUEEN CREEK,Pinal County,21,33.175201,-111.615225,2024-2025,307.0,13,36.0,121.6535,5.746835394967064,False,8948ebba0d3ffff,1.0,True,1.0,0.9763313609467456,,False,False
40074702795,Great Hearts Academies - Scottsdale Prep,Scottsdale,Maricopa County,12,33.634365,-111.881805,2024-2025,762.0,35,434.0,404.39316589861744,8.053406060334177,False,8929b6d9e23ffff,1.0,True,1.0,1.0,,False,False
40074802870,Sage Academy,PHOENIX,Maricopa County,11,33.578929,-112.115138,2024-2025,234.0,45,700.0,369.8414685714286,5.3124863494918735,False,8929b6c24cbffff,1.0,True,1.0,1.0,,False,False
40075000039,Apache Elementary School,Apache Junction,Cochise County,43,31.689643,-109.130503,2024-2025,193.0,0,0.0,,28.19912470900614,True,8948c582093ffff,1.0,True,1.0,1.0,,False,True
40075102781,Concordia Charter School,MESA,Maricopa County,11,33.4179,-111.8453,2024-2025,178.0,46,797.0,338.50194102885825,5.849071933224645,False,8948eba5637ffff,1.0,True,1.0,1.0,,False,False
40075102850,Eastern Sky Community Charter School,HOLBROOK,Navajo County,43,34.905172,-110.160335,2024-2025,201.0,19,84.0,106.74914285714286,3.376901255769318,True,8948c88caa3ffff,1.0,True,1.0,1.0,,False,False
40075103213,Concordia Charter School- Navajo Mission,Rock Point,Apache County,43,36.717139,-109.627121,2024-2025,113.0,1,2.0,68.697,1.816272147678485,True,8948cb6f437ffff,1.0,True,1.0,0.9644970414201184,Navajo Nation,True,False
40075202767,PCJTED - Baboquivari High School,Topawa,Pima County,43,31.823212,-111.835325,2024-2025,193.0,1,10.0,58.429,12.365481715912033,True,8948ed485dbffff,1.0,True,1.0,1.0,Tohono O'odham Nation,True,False
40075202772,PCJTED - Canyon Del Oro High School,TUCSON,Pima County,41,32.374582,-110.972663,2024-2025,381.0,21,88.0,300.014625,5.639071482117542,True,8948e84633bffff,1.0,True,1.0,1.0,,False,False
40075202773,PCJTED - Desert View High School,TUCSON,Pima County,11,32.136083,-110.904059,2024-2025,148.0,33,247.0,335.67306072874493,3.807434279215864,False,8948e8cdac7ffff,1.0,True,1.0,1.0,,False,False
40075202774,PCJTED - Cholla High School,TUCSON,Pima County,11,32.205427,-111.009607,2024-2025,199.0,18,63.0,210.43652380952383,5.188694591204555,False,8948e856e97ffff,1.0,True,1.0,1.0,,False,False
40075202776,PCJTED - Aztec Middle College,TUCSON,Pima County,11,32.227726,-111.016141,2024-2025,255.0,28,257.0,364.3039299610895,4.477684699972091,False,8948e856857ffff,1.0,True,1.0,1.0,,False,False
40075202778,PCJTED - Tucson High School,TUCSON,Pima County,11,32.22693,-110.961637,2024-2025,248.0,47,536.0,267.0817201492537,1.4664567716901695,False,8948e85455bffff,1.0,True,1.0,1.0,,False,False
40075202790,PCJTED - Vail High School,TUCSON,Pima County,11,32.09682,-110.827422,2024-2025,342.0,18,165.0,251.1975515151515,5.203370257319428,False,8948e8521c3ffff,1.0,True,1.0,1.0,,False,False
40075202792,PCJTED - Ajo High School,AJO,Pima County,43,32.373754,-112.859541,2024-2025,173.0,10,60.0,125.93238333333332,1.9572927811159964,True,8948e994137ffff,1.0,True,1.0,0.9408284023668639,,False,False
40075202793,PCJTED - Amphitheater High School,TUCSON,Pima County,11,32.268984,-110.975047,2024-2025,140.0,42,1075.0,546.2322260465115,3.4763892770445715,False,8948e854e13ffff,1.0,True,1.0,1.0,,False,False
40075202796,PCJTED - University High School,TUCSON,Pima County,11,32.227392,-110.890358,2024-2025,207.0,42,469.0,532.5548784648188,7.593634912517407,False,8948e8554afffff,1.0,True,1.0,1.0,,False,False
40075202797,PCJTED - Catalina Foothills High School,TUCSON,Pima County,21,32.305863,-110.899138,2024-2025,608.0,21,86.0,234.85777906976745,4.960001177173094,False,8948e855a03ffff,1.0,True,1.0,1.0,,False,False
40075202801,PCJTED - Sahuaro High School,TUCSON,Pima County,11,32.22638,-110.808094,2024-2025,250.0,38,563.0,245.34329840142092,4.327910050199438,False,8948e842483ffff,1.0,True,1.0,1.0,,False,False
40075202803,PCJTED - Mountain View High School,TUCSON,Pima County,21,32.379483,-111.048914,2024-2025,331.0,20,74.0,194.71616216216216,9.143330446919702,False,8948e846dbbffff,1.0,True,1.0,1.0,,False,False
40075202807,PCJTED - Cienega High School,VAIL,Pima County,31,32.057584,-110.721561,2024-2025,429.0,15,50.0,419.15538,1.9923460342956647,False,8948ee26987ffff,1.0,True,1.0,1.0,,False,False
40075202809,PCJTED - Palo Verde High School,TUCSON,Pima County,11,32.205538,-110.845164,2024-2025,225.0,39,324.0,392.4258672839506,5.301842030156885,False,8948e8509cbffff,1.0,True,1.0,1.0,,False,False
40075202810,PCJTED - Pueblo High School,TUCSON,Pima County,11,32.182884,-110.979514,2024-2025,149.0,35,218.0,287.1830458715596,5.133411757279816,False,8948e85600fffff,1.0,True,1.0,1.0,,False,False
40075202814,PCJTED - Tanque Verde High School,TUCSON,Pima County,21,32.28574,-110.756335,2024-2025,479.0,25,131.0,362.9070152671756,7.309552596495786,False,8948e84313bffff,1.0,True,1.0,1.0,,False,False
40075202815,PCJTED - Rincon High School,TUCSON,Pima County,11,32.227392,-110.890358,2024-2025,207.0,42,469.0,532.5548784648188,7.593634912517407,False,8948e8554afffff,1.0,True,1.0,1.0,,False,False
40075202817,PCJTED - Flowing Wells High School,TUCSON,Pima County,11,32.274461,-110.996476,2024-2025,130.0,40,956.0,531.8634320083681,4.752221474603148,False,8948e854c6fffff,1.0,True,1.0,1.0,,False,False
40075202823,Pima County JTED - Master Pieces,TUCSON,Pima County,21,32.312811,-111.028367,2024-2025,174.0,31,225.0,371.5612711111111,9.959691719836837,False,8948e809697ffff,1.0,True,1.0,1.0,,False,False
40075202828,PCJTED - Sunnyside High School,TUCSON,Pima County,11,32.142743,-110.945846,2024-2025,117.0,35,277.0,388.57839350180507,2.497946636995372,False,8948e8cd953ffff,1.0,True,1.0,1.0,,False,False
40075202830,PCJTED - Empire High School,TUCSON,Pima County,41,32.088384,-110.764728,2024-2025,502.0,15,64.0,408.90353125,7.299749269988124,True,8948e853517ffff,1.0,True,1.0,1.0,,False,False
40075202831,PCJTED - Catalina High School,TUCSON,Pima County,11,32.244424,-110.915247,2024-2025,189.0,44,458.0,393.4295021834061,5.209163854345306,False,8948e8542cbffff,1.0,True,1.0,1.0,,False,False
40075202834,PCJTED - Santa Rita High School,TUCSON,Pima County,11,32.175946,-110.822525,2024-2025,228.0,30,110.0,264.7733454545455,3.2742082350635746,False,8948e850c43ffff,1.0,True,1.0,1.0,,False,False
40075202839,PCJTED - Sahuarita High School,SAHUARITA,Pima County,31,31.959149,-110.973656,2024-2025,365.0,25,145.0,357.7068068965517,11.803477270928786,False,8948e8c1d37ffff,1.0,True,1.0,1.0,,False,False
40075202841,PCJTED - Ironwood Ridge High School,ORO VALLEY,Pima County,41,32.408607,-111.020697,2024-2025,413.0,14,26.0,181.7521153846154,6.432994321361615,True,8948e846b83ffff,1.0,True,1.0,1.0,,False,False
40075202843,PCJTED - Marana High School,TUCSON,Pima County,41,32.366912,-111.220812,2024-2025,330.0,7,18.0,141.6930555555556,4.489036083534598,True,8948e80f287ffff,1.0,True,1.0,1.0,,False,False
40075202847,PCJTED - Howenstine High School,TUCSON,Pima County,11,32.214881,-110.934638,2024-2025,258.0,35,224.0,405.4596785714285,4.212205399907902,False,8948e854697ffff,1.0,True,1.0,1.0,,False,False
40075202848,PCJTED - Sabino High School,TUCSON,Pima County,21,32.298645,-110.787639,2024-2025,530.0,10,21.0,302.0587619047618,4.037475113953049,False,8948e840437ffff,1.0,True,1.0,0.9940828402366864,,False,False
40075202852,PCJTED - Aztec Middle College East,TUCSON,Pima County,11,32.166494,-110.817109,2024-2025,221.0,17,57.0,298.2386842105263,3.5243355793292768,False,8948e850133ffff,1.0,True,1.0,1.0,,False,False
40075202860,PCJTED - Aztec Middle College North West,TUCSON,Pima County,21,32.343115,-111.027163,2024-2025,317.0,31,400.0,233.89522,11.20143038013209,False,8948e8092bbffff,1.0,True,1.0,1.0,,False,False
40075202868,PCJTED - Aztec Middle College Desert Vista,TUCSON,Pima County,11,32.145698,-110.989846,2024-2025,139.0,40,406.0,459.4932118226601,5.793382937357312,False,8948e8ccb5bffff,1.0,True,1.0,1.0,,False,False
40075202877,PCJTED - Project MORE,TUCSON,Pima County,11,32.217324,-110.956857,2024-2025,247.0,46,561.0,265.6597700534759,2.615348084115868,False,8948e854407ffff,1.0,True,1.0,1.0,,False,False
40075202977,Pima County JTED Annex,TUCSON,Pima County,21,32.28574,-110.756335,2024-2025,479.0,25,131.0,362.9070152671756,7.309552596495786,False,8948e84313bffff,1.0,True,1.0,1.0,,False,False
40075203042,Pima County JTED - Mountain View,TUCSON,Pima County,21,32.379483,-111.048914,2024-2025,331.0,20,74.0,194.71616216216216,9.143330446919702,False,8948e846dbbffff,1.0,True,1.0,1.0,,False,False
40075203054,Pima County JTED Cosmetology,TUCSON,Pima County,21,32.313165,-111.027597,2024-2025,180.0,32,226.0,370.5076415929203,9.953093519885188,False,8948e809697ffff,1.0,True,1.0,1.0,,False,False
40075203181,Pima County JTED at Indian Oasis,TUCSON,Pima County,43,31.917466,-111.861857,2024-2025,178.0,0,0.0,,6.621974245497352,True,8948ed48b0bffff,1.0,True,1.0,0.9408284023668639,Tohono O'odham Nation,True,True
40075203192,PCJTED - Rio Rico High School,RIO RICO,Santa Cruz County,42,31.504634,-111.01861,2024-2025,185.0,9,23.0,161.45004347826085,0.3818985447376,True,8948ec6a55bffff,1.0,True,1.0,0.9644970414201184,,False,False
40075203198,Pima County JTED - Camino Seco,TUCSON,Pima County,11,32.206735,-110.806309,2024-2025,326.0,34,326.0,283.87542944785275,2.3064539175212886,False,8948e850a13ffff,1.0,True,1.0,1.0,,False,False
40075203208,Pima County JTED at Empire,TUCSON,Pima County,41,32.088384,-110.764728,2024-2025,502.0,15,64.0,408.90353125,7.299749269988124,True,8948e853517ffff,1.0,True,1.0,1.0,,False,False
40075203212,Pima County JTED at Santa Rita,TUCSON,Pima County,11,32.175946,-110.822525,2024-2025,228.0,30,110.0,264.7733454545455,3.2742082350635746,False,8948e850c43ffff,1.0,True,1.0,1.0,,False,False
40075203227,Pima County JTED - Flowing Wells,TUCSON,Pima County,11,32.274461,-110.996476,2024-2025,130.0,40,956.0,531.8634320083681,4.752221474603148,False,8948e854c6fffff,1.0,True,1.0,1.0,,False,False
40075203256,PCJTED - Southwest Alt. High School,TUCSON,Pima County,21,32.127507,-111.071095,2024-2025,123.0,13,51.0,345.7307843137255,11.564175320128784,False,8948e81b3c3ffff,1.0,True,1.0,1.0,,False,False
40075203258,PCJTED - Walden Grove High School,Sahuarita,Pima County,41,31.97054,-110.93292,2024-2025,338.0,1,1.0,32.665,12.00318630934756,True,8948e8c187bffff,1.0,True,1.0,1.0,,False,False
40075203319,PCJTED - San Manuel High School,SAN MANUEL,Pinal County,42,32.597768,-110.630399,2024-2025,208.0,9,73.0,259.9384109589041,0.45704659412547,True,8948eab08dbffff,1.0,True,1.0,0.9704142011834319,,False,False
40075203322,PCJTED - TAPP High School,TUCSON,Pima County,11,32.222763,-110.93895,2024-2025,326.0,42,303.0,418.3725346534653,3.3854974093574497,False,8948e8546a3ffff,1.0,True,1.0,1.0,,False,False
40075203337,PCJTED - Andrada Polytechnic High School,TUCSON,Pima County,41,32.01856,-110.776,2024-2025,412.0,1,2.0,124.986,6.736946985124054,True,8948e8c9ca3ffff,1.0,True,1.0,1.0,,False,False
40075203529,Pima County JTED - Star,TUCSON,Pima County,11,32.159256,-110.972316,2024-2025,146.0,40,501.0,1005.1166546906188,3.878746337930117,False,8948e856447ffff,1.0,True,1.0,1.0,,False,False
40075203537,PCJTED - Pierson High School,Nogales,Santa Cruz County,33,31.340657,-110.941007,2024-2025,167.0,21,91.0,221.8574065934066,1.4763506824901007,False,8948ec7b473ffff,1.0,True,0.7159763313609467,0.7159763313609467,,False,False
40075203538,Pima County JTED - Arizona Online Instruction,TUCSON,Pima County,21,32.312811,-111.028367,2024-2025,174.0,31,225.0,371.5612711111111,9.959691719836837,False,8948e809697ffff,1.0,True,1.0,1.0,,False,False
40075203539,Pima County at Walden Grove,Sahuarita,Pima County,41,31.970652,-110.933015,2024-2025,338.0,1,1.0,32.665,11.998211094513788,True,8948e8c187bffff,1.0,True,1.0,1.0,,False,False
40075203540,PCJTED - Nogales high School,NOGALES,Santa Cruz County,33,31.36714,-110.949164,2024-2025,162.0,22,147.0,355.9403197278911,4.020610906078337,False,8948ec7b023ffff,1.0,True,1.0,1.0,,False,False
40075203541,Pima County JTED - Amphi Land Lab,TUCSON,Pima County,11,32.28586,-110.964301,2024-2025,242.0,36,1219.0,488.8383240360953,5.349757001615251,False,8948e855da7ffff,1.0,True,1.0,1.0,,False,False
40075203712,Pima County JTED - Bridges Day Program,Tucson,Pima County,11,32.186559,-110.960275,2024-2025,175.0,40,323.0,253.36688854489165,3.908046000102223,False,8948e8562bbffff,1.0,True,1.0,1.0,,False,False
40075203713,PCJTED - Mica Mountain High School,TUCSON,Pima County,41,32.116744,-110.763171,2024-2025,437.0,9,23.0,405.31382608695657,8.577582159543688,True,8948e85310fffff,1.0,True,1.0,1.0,,False,False
40075203793,PCJTED - MCAT School,MARANA,Pima County,31,32.453852,-111.208622,2024-2025,316.0,23,475.0,754.29572,0.5523466358979521,False,8948e80d363ffff,1.0,True,1.0,1.0,,False,False
40075203794,Pima County JTED - Pima Community College,TUCSON,Pima County,11,32.237442,-110.972957,2024-2025,162.0,44,651.0,279.5078801843318,0.2747627621476804,False,8948e85456fffff,1.0,True,1.0,1.0,,False,False
40075203831,Pima County JTED - Bridges Evening Program,TUCSON,Pima County,11,32.186559,-110.960275,2024-2025,,40,323.0,253.36688854489165,3.908046000102223,False,8948e8562bbffff,1.0,True,1.0,1.0,,False,False
40075203861,Pima County JTED at Granite,Tucson,Pima County,41,32.082415,-110.88855,2024-2025,,1,1.0,283.723,3.8208897163940767,True,8948e8cd007ffff,1.0,True,1.0,0.9940828402366864,,False,False
40075203879,PJCTED - Star Academic High School,Tucson,Pima County,11,32.159256,-110.972316,2024-2025,,40,501.0,1005.1166546906188,3.878746337930117,False,8948e856447ffff,1.0,True,1.0,1.0,,False,False
40075402819,Imagine Desert West Middle,PHOENIX,Maricopa County,11,33.466749,-112.207211,2024-2025,146.0,42,424.0,218.43407783018867,2.710350313640768,False,8929b6d2d93ffff,1.0,True,1.0,1.0,,False,False
40075502371,Freedom Academy,PHOENIX,Maricopa County,11,33.633874,-111.99733,2024-2025,284.0,39,328.0,378.1630701219512,6.321273437918183,False,8929b6d898bffff,1.0,True,1.0,1.0,,False,False
40075602813,Imagine Camelback Middle,Phoenix,Maricopa County,11,33.5108,-112.1002,2024-2025,137.0,49,482.0,256.2168796680498,2.5896963263337693,False,8929b6d0063ffff,1.0,True,1.0,1.0,,False,False
40075702820,Great Hearts Academies - Arete Prep,Gilbert,Maricopa County,11,33.378543,-111.735909,2024-2025,409.0,40,342.0,386.4096549707602,3.09276020216248,False,8948eba189bffff,1.0,True,1.0,1.0,,False,False
40075802766,Candeo Peoria,PEORIA,Maricopa County,21,33.70313,-112.273484,2024-2025,555.0,29,219.0,336.61677625570775,10.313686353363524,False,8929b6c62abffff,1.0,True,1.0,1.0,,False,False
40076002911,Great Hearts Academies - Glendale Prep,PEORIA,Maricopa County,21,33.694962,-112.238361,2024-2025,558.0,27,117.0,526.9853247863248,7.48402946199448,False,8929b6c7547ffff,1.0,True,1.0,1.0,,False,False
40076302915,EAGLE College Prep,PHOENIX,Maricopa County,11,33.371604,-112.112332,2024-2025,302.0,27,101.0,280.4387821782178,3.4488471029517265,False,8948e969d93ffff,1.0,True,1.0,1.0,,False,False
40076403051,ASU Preparatory Academy- Phoenix Elementary,PHOENIX,Maricopa County,11,33.454094,-112.063964,2024-2025,140.0,46,1626.0,415.3354028290283,5.463191055759472,False,8929b6d30abffff,1.0,True,1.0,1.0,,False,False
40076403799,ASU Preparatory Academy- Pilgrim Rest K-8,PHOENIX,Maricopa County,11,33.446855,-112.05163,2024-2025,122.0,43,1188.0,583.5200757575757,5.050749391387226,False,8929b6d30c7ffff,1.0,True,1.0,1.0,,False,False
40076602901,Imagine Coolidge Elementary,COOLIDGE,Pinal County,32,32.989066,-111.537421,2024-2025,240.0,24,76.0,316.1996184210526,12.850171245022349,False,8948eb82987ffff,1.0,True,1.0,1.0,,False,False
40076802913,Pima Partnership Academy,TUCSON,Pima County,11,32.239265,-110.970753,2024-2025,175.0,43,568.0,292.3432957746479,0.1530697999381471,False,8948e8541d3ffff,1.0,True,1.0,1.0,,False,False
40076902956,Imagine Prep Coolidge,COOLIDGE,Pinal County,32,32.988861,-111.538563,2024-2025,243.0,23,73.0,319.04726027397265,12.747034253339706,False,8948eb82987ffff,1.0,True,1.0,1.0,,False,False
40077002903,Imagine Prep Surprise,SURPRISE,Maricopa County,21,33.61915,-112.39659,2024-2025,317.0,38,220.0,290.15129545454545,4.0222154050033545,False,8929b68b08fffff,1.0,True,1.0,1.0,,False,False
40077102899,Sky Islands,TUCSON,Pima County,11,32.21514,-110.864811,2024-2025,283.0,42,543.0,429.5760313075506,7.408751095545276,False,8948e850937ffff,1.0,True,1.0,1.0,,False,False
40077202973,MIJTED - Chino Valley High School,CHINO VALLEY,Yavapai County,41,34.746505,-112.452035,2024-2025,375.0,23,108.0,311.08014814814817,13.917611562839603,True,8929b28a51bffff,1.0,True,1.0,1.0,,False,False
40077202974,MIJTED - Ashfork High School,Ash Fork,Yavapai County,43,35.221057,-112.486224,2024-2025,291.0,9,79.0,454.7723924050633,25.663630373545438,True,8929b205463ffff,1.0,True,1.0,1.0,,False,False
40077202992,MIJTED - Bagdad High School,Bagdad,Yavapai County,43,34.574238,-113.184094,2024-2025,305.0,7,71.0,202.58411267605632,25.92336791849973,True,8929b05568fffff,1.0,True,1.0,0.8461538461538461,,False,False
40077203006,MIJTED - Bradshaw Mountain High School,Prescott Valley,Yavapai County,13,34.599751,-112.34854,2024-2025,282.0,33,248.0,335.2832137096774,21.286925156440724,False,8929b29b637ffff,1.0,True,1.0,1.0,,False,False
40077203010,MIJTED - Seligman High School,Seligman,Yavapai County,43,35.329906,-112.874097,2024-2025,303.0,5,28.0,104.87585714285714,7.243200546287726,True,8929b237427ffff,1.0,True,1.0,0.9940828402366864,,False,False
40077203013,MIJTED - Mayer High School,MAYER,Yavapai County,42,34.34645,-112.156628,2024-2025,285.0,8,46.0,360.3815,2.815400176848054,True,8929b66365bffff,1.0,True,1.0,0.9822485207100592,,False,False
40077203015,MIJTED - Prescott High School,PRESCOTT,Yavapai County,13,34.562893,-112.477948,2024-2025,319.0,32,272.0,351.0094301470588,9.912891685709791,False,8929b2916d3ffff,1.0,True,1.0,1.0,,False,False
40077203033,MICTED - Yavapai College CTEC,PRESCOTT,Yavapai County,41,34.655327,-112.423683,2024-2025,311.0,17,45.0,135.12142222222224,21.27872807479606,True,8929b2981dbffff,1.0,True,1.0,0.9644970414201184,,False,False
40077203601,MIJTED - Yavapai College Prescott Valley,PRESCOTT VLY,Yavapai County,13,34.597625,-112.343155,2024-2025,271.0,41,329.0,295.65436778115503,21.556773346542037,False,8929b29b633ffff,1.0,True,1.0,1.0,,False,False
40077203610,MIJTED - Yavapai College Agribusiness & Technology Center,Chino Valley,Yavapai County,41,34.786892,-112.413327,2024-2025,299.0,2,2.0,48.760000000000005,14.936535973602384,True,8929b288487ffff,1.0,True,1.0,0.8757396449704142,,False,False
40077203628,MICTED - Culinary,Prescott,Yavapai County,41,34.645319,-112.423804,2024-2025,313.0,18,54.0,156.8210370370371,20.311202317420943,True,8929b29854fffff,1.0,True,1.0,0.9881656804733728,,False,False
40077203630,MICTED - Medical,PRESCOTT VLY,Yavapai County,13,34.597625,-112.343155,2024-2025,271.0,41,329.0,295.65436778115503,21.556773346542037,False,8929b29b633ffff,1.0,True,1.0,1.0,,False,False
40077402934,Sonoran Science Academy East,Tucson,Pima County,11,32.184273,-110.834009,2024-2025,227.0,38,1094.0,166.9661352833638,4.011015516467818,False,8948e850c2bffff,1.0,True,1.0,1.0,,False,False
40077502916,San Tan Charter School,GILBERT,Maricopa County,11,33.349425,-111.705001,2024-2025,406.0,41,147.0,200.246074829932,4.581886502381946,False,8948eba11cfffff,1.0,True,1.0,1.0,,False,False
40077503877,San Tan Charter School 2,GILBERT,Maricopa County,11,33.356877,-111.688764,2024-2025,,37,260.0,330.4616730769231,3.99197269622841,False,8948eba138bffff,1.0,True,1.0,1.0,,False,False
40077602387,Sonoran Science Academy - Phoenix,PHOENIX,Maricopa County,11,33.465354,-112.005594,2024-2025,137.0,46,619.0,239.73235702746365,9.234804682779323,False,8948eba499bffff,1.0,True,1.0,1.0,,False,False
40077802902,Paragon Science Academy,CHANDLER,Maricopa County,11,33.317311,-111.892841,2024-2025,404.0,41,6726.0,221.89577088908715,3.460795936453298,False,8948ebb5abbffff,1.0,True,1.0,1.0,,False,False
40078002928,Imagine Avondale Elementary,Avondale,Maricopa County,21,33.442572,-112.338229,2024-2025,200.0,42,306.0,191.5446307189543,3.3556693349353037,False,8948e96ccb3ffff,1.0,True,1.0,1.0,,False,False
40078102910,Math and Science Success Academy,TUCSON,Pima County,11,32.132554,-110.976026,2024-2025,166.0,30,331.0,270.30098187311177,5.30609671256562,False,8948e8cca0bffff,1.0,True,1.0,1.0,,False,False
40078202954,Haven Montessori Charter School,FLAGSTAFF,Coconino County,13,35.195581,-111.658088,2024-2025,254.0,37,565.0,377.4035646017699,6.715041868670089,False,8929b25987bffff,1.0,True,1.0,1.0,,False,False
40078302932,Imagine Prep Superstition,Apache Junction,Pinal County,21,33.399654,-111.566192,2024-2025,256.0,40,674.0,212.24120029673588,2.213705877013228,False,8948eba8607ffff,1.0,True,1.0,1.0,,False,False
40078502929,AZ Compass Prep School,CHANDLER,Maricopa County,11,33.337025,-111.843837,2024-2025,355.0,44,485.0,297.0414701030928,1.6909688114395247,False,8948eba2b87ffff,1.0,True,1.0,1.0,,False,False
40078602885,Riverbend Prep,LAVEEN,Maricopa County,11,33.39498,-112.167071,2024-2025,234.0,21,143.0,231.9487272727273,3.3135460627833715,False,8948e96895bffff,1.0,True,1.0,1.0,,False,False
40078702898,Kaizen Education Foundation dba Vista Grove Preparatory Acad,MESA,Maricopa County,11,33.450673,-111.768829,2024-2025,375.0,33,285.0,516.0907824561403,3.44554598620662,False,8948ebae2afffff,1.0,True,1.0,1.0,,False,False
40078802999,ASU Preparatory Academy - South Phoenix Intermediate,Phoenix,Maricopa County,11,33.3951,-112.0739,2024-2025,174.0,37,363.0,385.53867768595046,1.197852576810158,False,8948e969857ffff,1.0,True,1.0,1.0,,False,False
40078902931,Liberty Arts Academy,MESA,Maricopa County,11,33.360775,-111.686874,2024-2025,335.0,34,270.0,310.8231592592592,3.6581560895982994,False,8948eba1313ffff,1.0,True,1.0,1.0,,False,False
40079000040,Cactus Canyon Junior High,Apache Junction,Pinal County,21,33.392166,-111.556062,2024-2025,282.0,35,415.0,288.9143686746988,2.2819160251392074,False,8948eba86cfffff,1.0,True,1.0,1.0,,False,False
40079000041,Four Peaks Elementary School,Apache Junction,Pinal County,41,33.431698,-111.545474,2024-2025,278.0,17,268.0,243.74100746268653,0.8853756331065015,True,8948eba91abffff,1.0,True,1.0,1.0,,False,False
40079000042,Superstition Mountain Elementary School,Apache Junction,Pinal County,21,33.40837,-111.564453,2024-2025,,44,948.0,205.4075464135021,2.478418133766124,False,8948eba8667ffff,1.0,True,1.0,1.0,,False,False
40079000043,Apache Junction High School,Apache Junction,Pinal County,21,33.391553,-111.562502,2024-2025,274.0,32,511.0,233.0902544031311,2.7027987754149017,False,8948eba86c7ffff,1.0,True,1.0,1.0,,False,False
40079001461,Desert Vista Elementary School,Apache Junction,Pinal County,41,33.406352,-111.506256,2024-2025,284.0,18,90.0,282.3395333333333,3.977857992919972,True,8948eba946bffff,1.0,True,1.0,1.0,,False,False
40079002212,Peralta Trail Elementary School,Apache Junction,Pinal County,31,33.342426,-111.427189,2024-2025,284.0,12,63.0,183.8726031746031,2.28426179822774,False,8948eb143b3ffff,1.0,True,1.0,1.0,,False,False
40079002345,Mountain Shadows Education Center - Closed,Apache Junction,Pinal County,21,33.388273,-111.560068,2024-2025,279.0,27,299.0,293.45955183946484,2.316927334802363,False,8948eba86d7ffff,1.0,True,1.0,1.0,,False,False
40079202970,Vector Prep and Arts Academy,Chandler,Maricopa County,11,33.337025,-111.843837,2024-2025,355.0,44,485.0,297.0414701030928,1.6909688114395247,False,8948eba2b87ffff,1.0,True,1.0,1.0,,False,False
40079302984,Sun Valley Academy,PHOENIX,Maricopa County,11,33.37686,-112.115528,2024-2025,292.0,35,146.0,260.0077808219178,3.9126768259660185,False,8948e969d87ffff,1.0,True,1.0,1.0,,False,False
40079402980,WAVE - Kingman High School,KINGMAN,Mohave County,32,35.243975,-114.010358,2024-2025,157.0,32,115.0,281.1455478260869,18.51160894256908,False,8929b396a6fffff,1.0,True,1.0,1.0,,False,False
40079403030,WAVE - Parker High School,PARKER,La Paz County,32,34.14198,-114.288479,2024-2025,230.0,18,176.0,93.92584090909094,7.321518898634913,False,8929b541e33ffff,1.0,True,0.9585798816568047,0.9585798816568047,Colorado River,True,False
40079403037,WAVE - Lake Havasu High School,Lake Havasu City,Mohave County,13,34.494339,-114.31756,2024-2025,259.0,33,227.0,198.45032158590308,5.411379362360914,False,8929b0b597bffff,1.0,True,1.0,1.0,,False,False
40079403045,WAVE - Mohave High School,BULLHEAD CITY,Mohave County,23,35.106424,-114.599903,2024-2025,207.0,35,557.0,298.22055834829445,1.541694360117254,False,8929b119edbffff,1.0,True,0.9230769230769231,0.9230769230769231,,False,False
40079403055,WAVE - River Valley High School,MOHAVE VALLEY,Mohave County,41,34.894401,-114.570219,2024-2025,270.0,3,17.0,40.05976470588236,2.537690768721128,True,8929b1c5693ffff,1.0,True,1.0,1.0,,False,False
40079403200,WAVE - Mohave Community College,KINGMAN,Mohave County,41,35.270613,-114.030786,2024-2025,210.0,19,59.0,138.51105084745762,18.63523143142584,True,8929b394d47ffff,1.0,True,1.0,1.0,,False,False
40079403215,WAVE-Arizona Western College,PARKER,La Paz County,32,34.150201,-114.285207,2024-2025,232.0,17,175.0,94.24981142857143,7.341412485710767,False,8929b541a93ffff,1.0,True,0.9053254437869822,0.9053254437869822,Colorado River,True,False
40079403217,WAVE- Lee Williams High School,KINGMAN,Mohave County,32,35.192689,-114.060102,2024-2025,303.0,19,158.0,304.3596898734178,18.27205807204265,False,8929b159363ffff,1.0,True,1.0,0.9881656804733728,,False,False
40079403471,WAVE-Central Campus,Lake Havasu City,Mohave County,13,34.482248,-114.350836,2024-2025,238.0,33,393.0,344.93015012722645,8.534214938730392,False,8929b0b4a3bffff,1.0,True,1.0,1.0,,False,False
40079403673,WAVE - Mohave Community College Bullhead City Campus,BULLHEAD CITY,Mohave County,41,35.061914,-114.585772,2024-2025,233.0,20,110.0,161.5474818181818,5.903394952271536,True,8929b119477ffff,1.0,True,0.9053254437869822,0.8816568047337278,,False,False
40079403674,WAVE - Mohave Community College Lake Havasu City Campus,LK HAVASU CTY,Mohave County,13,34.496699,-114.340961,2024-2025,211.0,34,144.0,238.7758611111111,7.566432322279433,False,8929b0a64cfffff,1.0,True,1.0,1.0,,False,False
40079403714,WAVE - Mohave Accelerated Learning Center,BULLHEAD CITY,Mohave County,23,35.101183,-114.625291,2024-2025,176.0,14,103.0,203.4483009708738,1.140922380390633,False,8929b119c53ffff,1.0,True,0.6331360946745562,0.6331360946745562,,False,False
40079602645,Learning Foundation and Performing Arts Alta Mesa,Mesa,Maricopa County,11,33.43673,-111.705719,2024-2025,436.0,45,334.0,315.2620988023952,3.029209480928091,False,8948ebaf0d3ffff,1.0,True,1.0,1.0,,False,False
40079702994,Academy Del Sol,TUCSON,Pima County,11,32.280049,-110.983743,2024-2025,140.0,40,1107.0,503.1508364950316,4.848158428596816,False,8948e854e37ffff,1.0,True,1.0,1.0,,False,False
40079703230,Academy Del Sol - Star Valley,TUCSON,Pima County,21,32.130577,-111.116997,2024-2025,210.0,17,144.0,606.2487777777778,13.134143835766,False,8948e8184cbffff,1.0,True,1.0,1.0,,False,False
40079803021,Pioneer Preparatory - A Challenge Foundation,PHOENIX,Maricopa County,11,33.49183,-112.200211,2024-2025,145.0,44,497.0,236.1205955734406,5.323577445483279,False,8929b6d299bffff,1.0,True,1.0,1.0,,False,False
40079902943,Kaizen Education Foundation dba Gilbert Arts Academy,GILBERT,Maricopa County,11,33.35059,-111.771581,2024-2025,475.0,40,339.0,341.8457522123894,2.2217021572229543,False,8948eba03bbffff,1.0,True,1.0,1.0,,False,False
40080003211,The Odyssey Preparatory Academy,BUCKEYE,Maricopa County,31,33.387649,-112.574637,2024-2025,233.0,30,264.0,329.57647727272723,4.897630548610285,False,8929b693067ffff,1.0,True,1.0,1.0,,False,False
40080003288,The Odyssey Preparatory Academy Goodyear,GOODYEAR,Maricopa County,21,33.444,-112.4363,2024-2025,289.0,33,296.0,316.6527635135135,3.3153729890113257,False,8929b69b5b3ffff,1.0,True,1.0,1.0,,False,False
40080003317,Odyssey Institute for Advanced and International Studies,BUCKEYE,Maricopa County,41,33.433642,-112.502515,2024-2025,268.0,15,49.0,206.7691632653061,6.693729649224315,True,8929b69a517ffff,1.0,True,1.0,1.0,,False,False
40080003368,The Odyssey Preparatory Academy - Sienna Hills,BUCKEYE,Maricopa County,21,33.473149,-112.51806,2024-2025,447.0,21,134.0,272.8075223880597,6.983822383767549,False,8929b69ac0bffff,1.0,True,1.0,0.9940828402366864,,False,False
40080102941,Skyline D5,Bapchule,Pinal County,41,33.116419,-111.885231,2024-2025,310.0,5,68.0,209.7395,0.2585416464256425,True,8948e94d3b7ffff,1.0,True,1.0,1.0,Gila River,True,False
40080202962,Imagine Avondale Middle,Avondale,Maricopa County,21,33.442572,-112.338229,2024-2025,200.0,42,306.0,191.5446307189543,3.3556693349353037,False,8948e96ccb3ffff,1.0,True,1.0,1.0,,False,False
40080302667,Learning Foundation and Performing Arts Gilbert,Gilbert,Maricopa County,11,33.334857,-111.703334,2024-2025,430.0,46,166.0,252.6086927710843,4.932273361562036,False,8948eba154fffff,1.0,True,1.0,1.0,,False,False
40080303416,Learning Foundation and Performing Arts Warner,GILBERT,Maricopa County,11,33.335323,-111.70584,2024-2025,429.0,40,128.0,256.6587265625,4.989530137221079,False,8948eba157bffff,1.0,True,1.0,1.0,,False,False
40080503050,Adams Traditional Academy,PHOENIX,Maricopa County,11,33.695278,-112.109925,2024-2025,339.0,38,445.0,420.47854157303374,9.796546435706016,False,8929b6c0ecbffff,1.0,True,1.0,1.0,,False,False
40080503444,Jefferson Preparatory High School,GLENDALE,Maricopa County,11,33.695392,-112.110977,2024-2025,339.0,39,461.0,411.29359436008673,9.72920711962619,False,8929b6c0ecbffff,1.0,True,1.0,1.0,,False,False
40080702976,Sonoran Science Academy - Davis Monthan,TUCSON,Pima County,11,32.1818,-110.8695,2024-2025,245.0,26,1061.0,170.71257775683316,6.231206169585547,False,8948e85764fffff,1.0,True,1.0,1.0,,False,False
40081003026,Imagine Superstition Middle,Apache Junction,Pinal County,21,33.399654,-111.566192,2024-2025,256.0,40,674.0,212.24120029673588,2.213705877013228,False,8948eba8607ffff,1.0,True,1.0,1.0,,False,False
40081402554,Envision High School,TUCSON,Pima County,11,32.271557,-110.977036,2024-2025,127.0,43,1240.0,497.1692895161292,3.787763514977112,False,8948e854e17ffff,1.0,True,1.0,1.0,,False,False
40081503023,Paulden Community School,PAULDEN,Yavapai County,42,34.907672,-112.479559,2024-2025,213.0,17,76.0,208.92614473684213,12.274798045112083,True,8929b28d62bffff,1.0,True,1.0,1.0,,False,False
40081602998,EdOptions Preparatory Academy,NOGALES,Santa Cruz County,33,31.340292,-110.936989,2024-2025,157.0,20,88.0,202.48029545454548,1.1533866797073975,False,8948ec7b447ffff,1.0,True,0.6686390532544378,0.6686390532544378,,False,False
40081603219,EdOptions HS Learning Center,Peoria,Maricopa County,21,33.704113,-112.203955,2024-2025,565.0,25,172.0,376.9227616279069,7.240277347886339,False,8929b6c704bffff,1.0,True,1.0,1.0,,False,False
40081703191,Academy Adventures Midtown,TUCSON,Pima County,11,32.262261,-110.912281,2024-2025,187.0,40,679.0,228.19415316642124,6.0707071465294655,False,8948e8551afffff,1.0,True,1.0,1.0,,False,False
40081803197,BASIS Oro Valley,ORO VALLEY,Pima County,21,32.4094,-110.9448,2024-2025,445.0,21,170.0,501.58258235294113,1.7412439351556626,False,8948e844077ffff,1.0,True,1.0,1.0,,False,False
40081903187,Great Hearts Academies - Anthem Prep,Phoenix,Maricopa County,41,33.88234,-112.144123,2024-2025,495.0,19,150.0,245.14439333333337,2.5948297157663154,True,8929b6cc833ffff,1.0,True,1.0,1.0,,False,False
40082002672,Northpoint Expeditionary Learning Academy,PRESCOTT,Yavapai County,13,34.5509,-112.4718,2024-2025,184.0,37,519.0,344.8269730250482,9.19296073208571,False,8929b66494bffff,1.0,True,1.0,1.0,,False,False
40082103226,Arizona Collegiate High School,PHOENIX,Maricopa County,11,33.485952,-112.128906,2024-2025,137.0,43,362.0,330.9828453038674,5.220318140146741,False,8929b6d0513ffff,1.0,True,1.0,1.0,,False,False
40082203221,Sonoran Science Academy-Peoria,PEORIA,Maricopa County,21,33.643843,-112.254606,2024-2025,439.0,46,352.0,338.5889517045455,5.8031325741535,False,8929b6d58a3ffff,1.0,True,1.0,1.0,,False,False
40082303296,Mission Heights Preparatory High School,CASA GRANDE,Pinal County,13,32.894836,-111.728094,2024-2025,250.0,40,233.0,188.1138669527897,4.136975730699982,False,8948e959e6fffff,1.0,True,1.0,1.0,,False,False
40082303728,Leona Connected High School,CASA GRANDE,Maricopa County,11,33.527109,-112.047952,2024-2025,467.0,42,432.0,423.20788657407417,6.115657258521933,False,8929b6d110bffff,1.0,True,1.0,1.0,,False,False
40082403178,Leading Edge Academy Maricopa,MARICOPA,Pinal County,23,33.0493,-112.0153,2024-2025,291.0,40,361.0,237.8166869806094,0.2146980248962731,False,8948e94eccfffff,1.0,True,1.0,1.0,,False,False
40082703252,Virtual School of Arizona,MESA,Maricopa County,11,33.370322,-111.688824,2024-2025,391.0,41,395.0,297.7489518987341,2.634321619287185,False,8948eba1377ffff,1.0,True,1.0,1.0,,False,False
40082703309,State Online School,MESA,Maricopa County,11,33.370322,-111.688824,2024-2025,391.0,41,395.0,297.7489518987341,2.634321619287185,False,8948eba1377ffff,1.0,True,1.0,1.0,,False,False
40082803199,Arizona Agribusiness & Equine Center - Estrella,Avondale,Maricopa County,21,33.485749,-112.341575,2024-2025,399.0,40,165.0,286.5111696969698,6.627130260487826,False,8948e96c947ffff,1.0,True,1.0,1.0,,False,False
40082903278,BASIS Peoria,PEORIA,Maricopa County,21,33.718734,-112.272947,2024-2025,620.0,26,171.0,310.8313625730994,11.536147365943354,False,8929b6c4483ffff,1.0,True,1.0,0.9940828402366864,,False,False
40083003253,BASIS Chandler,CHANDLER,Maricopa County,11,33.235577,-111.839123,2024-2025,702.0,34,180.0,395.4791111111112,0.4966017691697966,False,8948ebb0963ffff,1.0,True,1.0,1.0,,False,False
40083103196,BASIS Flagstaff,FLAGSTAFF,Coconino County,13,35.2077,-111.633786,2024-2025,362.0,44,448.0,392.9815959821429,4.346076765812728,False,8929b259a63ffff,1.0,True,1.0,1.0,,False,False
40083203290,Great Hearts Academies - Archway Trivium,GOODYEAR,Maricopa County,21,33.469474,-112.374639,2024-2025,380.0,42,313.0,229.53535143769963,4.502064207509938,False,8929b69b203ffff,1.0,True,1.0,1.0,,False,False
40083303283,Great Hearts Academies - Archway Veritas,PHOENIX,Maricopa County,11,33.4843,-111.962,2024-2025,827.0,32,299.0,426.137966555184,10.472947348871568,False,8948eba4a2fffff,1.0,True,1.0,1.0,,False,False
40083403244,Great Hearts Academies - Archway Chandler,CHANDLER,Maricopa County,11,33.3341,-111.8572,2024-2025,359.0,48,457.0,322.975875273523,2.3551810116533645,False,8948eba290bffff,1.0,True,1.0,1.0,,False,False
40083803243,Arizona Agribusiness & Equine Center Inc. - Prescott Valley,Prescott Valley,Yavapai County,13,34.597896,-112.333545,2024-2025,285.0,46,468.0,312.07409615384614,22.30649289333403,False,8929b29b673ffff,1.0,True,1.0,1.0,,False,False
40083803832,AAEC Show Low,SHOW LOW,Navajo County,42,34.295513,-110.142789,2024-2025,,7,12.0,180.95916666666668,10.487918375257282,True,8948cc2b5bbffff,1.0,True,1.0,0.8994082840236687,,False,False
40083903273,Pima Rose Academy,TUCSON,Pima County,11,32.1613,-111.002,2024-2025,149.0,35,353.0,669.4603937677056,6.665117137716506,False,8948e85658bffff,1.0,True,1.0,1.0,,False,False
40084000044,Arlington Elementary School,ARLINGTON,Maricopa County,42,33.3609,-112.8168,2024-2025,256.0,2,2.0,11.0375,5.637774304418162,True,8948e92c10bffff,1.0,True,1.0,0.8757396449704142,,False,False
40084103259,Great Hearts Academies - Archway Scottsdale,Scottsdale,Maricopa County,12,33.635434,-111.87918,2024-2025,761.0,34,340.0,455.5901823529411,8.291204179528423,False,8929b6d9e2bffff,1.0,True,1.0,1.0,,False,False
40084203300,Legacy Traditional School - Northwest Tucson,TUCSON,Pima County,21,32.3607,-111.0413,2024-2025,380.0,34,212.0,313.3708349056604,10.289600564043436,False,8948e80930bffff,1.0,True,1.0,1.0,,False,False
40084303351,BASIS Phoenix,PHOENIX,Maricopa County,11,33.60704,-112.033678,2024-2025,396.0,35,232.0,313.54670258620695,10.09717442382549,False,8929b6c36afffff,1.0,True,1.0,1.0,,False,False
40084403285,La Tierra Community School,PRESCOTT,Yavapai County,13,34.5428,-112.4623,2024-2025,254.0,37,426.0,313.55184037558683,9.17221098267676,False,8929b664877ffff,1.0,True,1.0,0.9881656804733728,,False,False
40084503242,Leading Edge Academy Mountain View,QUEEN CREEK,Pinal County,41,33.199,-111.6182,2024-2025,353.0,21,87.0,278.28919540229884,3.8798862811822423,True,8948ebba06fffff,1.0,True,1.0,0.9940828402366864,,False,False
40084603245,South Valley Prep and Arts School,PHOENIX,Maricopa County,11,33.379666,-111.997217,2024-2025,221.0,25,164.0,204.30833536585368,0.3125894764955147,False,8948eba6c53ffff,1.0,True,1.0,1.0,,False,False
40084703301,Legacy Traditional School - Avondale,AVONDALE,Maricopa County,21,33.450347,-112.324637,2024-2025,266.0,40,320.0,276.05674375,2.5913096849690858,False,8948e96cc0fffff,1.0,True,1.0,1.0,,False,False
40084903266,EAGLE College Prep Phoenix South,PHOENIX,Maricopa County,11,33.395228,-112.028461,2024-2025,178.0,42,260.0,296.96571923076925,3.585707688978841,False,8948eba6d0bffff,1.0,True,1.0,1.0,,False,False
40085003341,Reid Traditional Schools' Painted Rock Academy,PHOENIX,Maricopa County,11,33.6207,-112.115121,2024-2025,224.0,43,435.0,286.0814321839081,7.436149814727989,False,8929b6c23d3ffff,1.0,True,1.0,1.0,,False,False
40085103271,Great Hearts Academies - Trivium Prep,GOODYEAR,Maricopa County,21,33.469474,-112.374639,2024-2025,380.0,42,313.0,229.53535143769963,4.502064207509938,False,8929b69b203ffff,1.0,True,1.0,1.0,,False,False
40085203257,Havasu Preparatory Academy,Lake Havasu City,Mohave County,13,34.457392,-114.286658,2024-2025,232.0,25,162.0,326.0207469135803,4.677168072588277,False,8929b0b5c4bffff,1.0,True,1.0,0.9704142011834319,,False,False
40085303297,South Phoenix Prep and Arts Academy,PHOENIX,Maricopa County,11,33.379666,-111.997217,2024-2025,221.0,25,164.0,204.30833536585368,0.3125894764955147,False,8948eba6c53ffff,1.0,True,1.0,1.0,,False,False
40085503275,Legacy Traditional School - Chandler,CHANDLER,Maricopa County,11,33.259907,-111.788346,2024-2025,598.0,33,316.0,320.0547088607595,5.489614440287312,False,8948eba246fffff,1.0,True,1.0,1.0,,False,False
40085703260,ASU Preparatory Academy-Polytechnic Elementary,MESA,Maricopa County,11,33.308667,-111.682045,2024-2025,352.0,36,281.0,327.4724839857652,2.82757091712258,False,8948eba14dbffff,1.0,True,1.0,1.0,,False,False
40085803286,ASU Preparatory Academy- Phoenix High School,PHOENIX,Maricopa County,11,33.454094,-112.063964,2024-2025,140.0,46,1626.0,415.3354028290283,5.463191055759472,False,8929b6d30abffff,1.0,True,1.0,1.0,,False,False
40085903251,ASU Preparatory Academy-Polytechnic High School,Mesa,Maricopa County,11,33.305321,-111.674406,2024-2025,381.0,25,133.0,377.1654812030076,3.1534107666847544,False,8948ebb89abffff,1.0,True,1.0,1.0,,False,False
40086103344,Great Hearts Academies - North Phoenix Prep,PHOENIX,Maricopa County,11,33.616104,-112.014214,2024-2025,291.0,38,418.0,342.6692966507176,8.803077087807988,False,8929b6d8da7ffff,1.0,True,1.0,1.0,,False,False
40086303355,The Paideia Academy of South Phoenix,PHOENIX,Maricopa County,11,33.376066,-112.048294,2024-2025,344.0,34,379.0,261.46811873350924,2.937123172875625,False,8948e969ecbffff,1.0,True,1.0,1.0,,False,False
40086303716,Paideia Liberal Arts Academy,PHOENIX,Maricopa County,11,33.37698,-112.049608,2024-2025,321.0,37,391.0,256.80229923273663,2.8794094422090244,False,8948e969ec3ffff,1.0,True,1.0,1.0,,False,False
40086403315,Happy Valley School East Campus,San Tan Valley,Pinal County,21,33.259509,-111.562234,2024-2025,263.0,25,160.0,364.9941625,1.6902875279751846,False,8948ebb8247ffff,1.0,True,1.0,1.0,,False,False
40086603356,Great Hearts Academies - Archway Glendale,PEORIA,Maricopa County,21,33.695124,-112.238532,2024-2025,559.0,27,117.0,526.9853247863248,7.507854952445492,False,8929b6c7547ffff,1.0,True,1.0,1.0,,False,False
40086703342,Ball Charter Schools (Val Vista),GILBERT,Maricopa County,11,33.275263,-111.756274,2024-2025,568.0,36,368.0,299.7446548913044,3.0242439130965177,False,8948eba22dbffff,1.0,True,1.0,1.0,,False,False
40086803332,Open Doors Community School,Marana,Pima County,31,32.454384,-111.21658,2024-2025,315.0,23,451.0,782.6578758314855,1.2134296780434497,False,8948e80d32fffff,1.0,True,1.0,1.0,,False,False
40087000046,Ash Creek Elementary,PEARCE,Cochise County,43,31.876884,-109.636953,2024-2025,208.0,0,0.0,,38.14787891315742,True,8948ee4c1afffff,1.0,True,1.0,0.9881656804733728,,False,True
40087103310,Legacy Traditional School ? Laveen Village,LAVEEN,Maricopa County,11,33.3745,-112.1527,2024-2025,283.0,40,370.0,307.2869702702703,5.708841888601354,False,8948e9688d7ffff,1.0,True,1.0,1.0,,False,False
40087203346,Changemaker High School,TUCSON,Pima County,11,32.204679,-110.897134,2024-2025,205.0,35,288.0,365.9233784722222,5.775531074921228,False,8948e8573c3ffff,1.0,True,1.0,1.0,,False,False
40087303353,Great Hearts Academies - Archway North Phoenix,PHOENIX,Maricopa County,11,33.616104,-112.014214,2024-2025,291.0,38,418.0,342.6692966507176,8.803077087807988,False,8929b6d8da7ffff,1.0,True,1.0,1.0,,False,False
40087503345,Great Hearts Academies - Maryvale Prep,PHOENIX,Maricopa County,11,33.5091,-112.162901,2024-2025,154.0,43,902.0,215.36477050997783,5.1750873361591605,False,8929b6d2a27ffff,1.0,True,1.0,1.0,,False,False
40087603352,George Gervin Prep Academy,PHOENIX,Maricopa County,11,33.392871,-112.020696,2024-2025,208.0,37,221.0,299.33370588235294,2.8503120856660265,False,8948eba6d53ffff,1.0,True,1.0,1.0,,False,False
40087703354,Empower College Prep,PHOENIX,Maricopa County,11,33.512945,-112.111101,2024-2025,129.0,50,564.0,299.6830372340426,2.040983318505132,False,8929b6d015bffff,1.0,True,1.0,1.0,,False,False
40087703522,Empower College Prep High School,PHOENIX,Maricopa County,11,33.512945,-112.111101,2024-2025,129.0,50,564.0,299.6830372340426,2.040983318505132,False,8929b6d015bffff,1.0,True,1.0,1.0,,False,False
40087803350,BASIS Tucson North,TUCSON,Pima County,11,32.2728,-110.871,2024-2025,464.0,21,137.0,293.8287226277372,4.578596692092019,False,8948e85530bffff,1.0,True,1.0,1.0,,False,False
40087903400,Scottsdale Country Day School,SCOTTSDALE,Maricopa County,11,33.5817,-111.9612,2024-2025,714.0,29,136.0,310.81891911764706,2.834772837973669,False,8929b6daa5bffff,1.0,True,1.0,1.0,,False,False
40088003398,Southwest Leadership Academy,PHOENIX,Maricopa County,11,33.4537,-112.1525,2024-2025,135.0,38,325.0,321.82003076923075,3.475255675209464,False,8929b6d2103ffff,1.0,True,1.0,1.0,,False,False
40088103394,BASIS Phoenix Central Primary,PHOENIX,Maricopa County,11,33.492,-112.0713,2024-2025,260.0,45,734.0,238.11036648501369,5.869936639875732,False,8929b6d0647ffff,1.0,True,1.0,1.0,,False,False
40088203409,Advance U,PHOENIX,Maricopa County,11,33.3917,-112.068,2024-2025,168.0,36,334.0,401.5925928143713,1.7006051020887245,False,8948e969e27ffff,1.0,True,1.0,1.0,,False,False
40088403264,ASU Preparatory Academy-Polytechnic Middle School,MESA,Maricopa County,11,33.308667,-111.682045,2024-2025,352.0,36,281.0,327.4724839857652,2.82757091712258,False,8948eba14dbffff,1.0,True,1.0,1.0,,False,False
40088503410,Incito Schools,GOODYEAR,Maricopa County,21,33.455261,-112.408765,2024-2025,263.0,39,308.0,239.0804512987013,2.2376877455703257,False,8929b69b0bbffff,1.0,True,1.0,1.0,,False,False
40088503768,Incito Schools-Phoenix,PHOENIX,Maricopa County,11,33.466392,-112.054005,2024-2025,238.0,45,734.0,358.34853950953686,7.009968821013098,False,8929b6d339bffff,1.0,True,1.0,1.0,,False,False
40088603407,Great Hearts Academies - Archway Cicero,PHOENIX,Maricopa County,21,33.541508,-111.890873,2024-2025,594.0,42,856.0,273.80316588785047,5.308542844980128,False,8929b6db027ffff,1.0,True,1.0,1.0,Salt River,True,False
40088703415,Vista College Preparatory - Hadley,PHOENIX,Maricopa County,11,33.43949,-112.081829,2024-2025,100.0,45,1217.0,430.2981331142153,3.795735629766797,False,8929b6d3513ffff,1.0,True,1.0,1.0,,False,False
40088703561,Vista College Prep - Maryvale,PHOENIX,Maricopa County,11,33.466285,-112.156535,2024-2025,143.0,40,296.0,322.20056756756753,4.710665740922238,False,8929b6d2e93ffff,1.0,True,1.0,1.0,,False,False
40088703611,Vista College Prep - SueGo Park,PHOENIX,Maricopa County,11,33.467213,-112.156387,2024-2025,142.0,41,301.0,319.3929634551495,4.814519753782136,False,8929b6d2e93ffff,1.0,True,1.0,1.0,,False,False
40088703678,Vista College Preparatory - Metro North Elementary,PHOENIX,Maricopa County,11,33.581524,-112.106306,2024-2025,199.0,44,649.0,347.04031895223426,5.641806622315613,False,8929b6d192fffff,1.0,True,1.0,1.0,,False,False
40088703679,Vista College Preparatory - Metro North Middle,PHOENIX,Maricopa County,11,33.581524,-112.106306,2024-2025,199.0,44,649.0,347.04031895223426,5.641806622315613,False,8929b6d192fffff,1.0,True,1.0,1.0,,False,False
40088803412,Great Hearts Academies - Archway Arete,Gilbert,Maricopa County,11,33.378428,-111.736876,2024-2025,400.0,40,335.0,389.7924865671641,3.012698403541704,False,8948eba189bffff,1.0,True,1.0,1.0,,False,False
40089003367,ASU Preparatory Academy - Phoenix Middle School,PHOENIX,Maricopa County,11,33.454094,-112.063964,2024-2025,140.0,46,1626.0,415.3354028290283,5.463191055759472,False,8929b6d30abffff,1.0,True,1.0,1.0,,False,False
40089103399,Academy of Mathematics and Science South,PHOENIX,Maricopa County,11,33.485236,-112.130607,2024-2025,138.0,43,368.0,328.7043940217391,5.341041637590114,False,8929b6d058fffff,1.0,True,1.0,1.0,,False,False
40089103581,Academy of Math and Science Desert Sky,PHOENIX,Maricopa County,11,33.465488,-112.182807,2024-2025,146.0,42,343.0,240.7961690962099,4.586652991882166,False,8929b6d2c17ffff,1.0,True,1.0,1.0,,False,False
40089103604,Academy of Math and Science Peoria Advanced,PEORIA,Maricopa County,21,33.580696,-112.226983,2024-2025,271.0,46,511.0,231.325782778865,7.317621386442004,False,8929b6d558fffff,1.0,True,1.0,1.0,,False,False
40089103618,Academy of Math and Science Glendale,GLENDALE,Maricopa County,21,33.539169,-112.1562,2024-2025,171.0,41,449.0,298.25753674832964,4.033892950634576,False,8929b6d0897ffff,1.0,True,1.0,1.0,,False,False
40089103676,Academy of Math and Science Avondale,Phoenix,Maricopa County,11,33.434499,-112.286551,2024-2025,226.0,41,398.0,318.0593316582915,1.5360135329643403,False,8948e96c15bffff,1.0,True,1.0,1.0,,False,False
40089103677,Academy of Math and Science South Mountain,PHOENIX,Maricopa County,11,33.376799,-112.091068,2024-2025,187.0,32,123.0,315.4255040650406,1.9814033994377327,False,8948e969c37ffff,1.0,True,1.0,1.0,,False,False
40089203012,Legacy Traditional School - Casa Grande,Casa Grande,Pinal County,13,32.901236,-111.732415,2024-2025,240.0,36,163.0,181.72577300613497,4.893336526794239,False,8948e959a13ffff,1.0,True,1.0,1.0,,False,False
40089303382,Hirsch Academy A Challenge Foundation,SCOTTSDALE,Maricopa County,12,33.486988,-111.94024,2024-2025,399.0,39,614.0,479.9476465798045,9.821777193967412,False,8948eba59afffff,1.0,True,1.0,1.0,,False,False
40089403379,Discover U,YOUNGTOWN,Maricopa County,21,33.604241,-112.302413,2024-2025,218.0,32,394.0,203.2883883248731,10.949843892968277,False,8929b6d4123ffff,1.0,True,1.0,1.0,,False,False
40089502450,Reyes Maria Ruiz Leadership Academy,PHOENIX,Maricopa County,11,33.401921,-112.071424,2024-2025,167.0,36,402.0,434.7741218905472,0.5472130995881557,False,8948e969ab7ffff,1.0,True,1.0,1.0,,False,False
40089703376,BASIS Ahwatukee,PHOENIX,Maricopa County,11,33.3542,-111.9754,2024-2025,369.0,39,1369.0,650.9794222059896,3.2055783952851127,False,8948eba60b7ffff,1.0,True,1.0,1.0,,False,False
40089803393,BASIS Mesa,MESA,Maricopa County,11,33.324848,-111.615961,2024-2025,389.0,38,186.0,296.8001397849462,8.87769289105445,False,8948ebaa413ffff,1.0,True,1.0,1.0,,False,False
40089903392,Legacy Traditional School ? Gilbert,GILBERT,Maricopa County,11,33.300384,-111.702522,2024-2025,406.0,40,335.0,287.0303552238806,1.1016345095915383,False,8948eba3237ffff,1.0,True,1.0,1.0,,False,False
40090003404,Great Hearts Academies - Cicero Prep,SCOTTSDALE,Maricopa County,21,33.541508,-111.890873,2024-2025,593.0,42,856.0,273.80316588785047,5.308542844980128,False,8929b6db027ffff,1.0,True,1.0,1.0,Salt River,True,False
40090203413,Mission Montessori Academy's Middle Years Program,PHOENIX,Maricopa County,12,33.587521,-111.874885,2024-2025,687.0,34,428.0,293.9715373831776,5.440417123328476,False,8929b6d9563ffff,1.0,True,1.0,1.0,,False,False
40090303418,BASIS Prescott,PRESCOTT,Yavapai County,41,34.590136,-112.431273,2024-2025,306.0,19,114.0,248.1237543859649,14.92009858760674,True,8929b29a0c7ffff,1.0,True,1.0,0.9585798816568047,,False,False
40090403048,Sequoia Pathway Academy,MARICOPA,Pinal County,23,33.055595,-112.0102,2024-2025,276.0,41,299.0,268.2020735785953,0.7235877764187729,False,8948e94ec43ffff,1.0,True,1.0,1.0,,False,False
40090503419,BASIS Oro Valley Primary,ORO VALLEY,Pima County,21,32.408857,-110.945637,2024-2025,447.0,22,171.0,499.2197134502924,1.75576379543529,False,8948e84403bffff,1.0,True,1.0,1.0,,False,False
40090703427,Las Puertas Community School,TUCSON,Pima County,21,32.191776,-110.970369,2024-2025,167.0,35,283.0,308.70773144876324,4.994813275738819,False,8948e8563d3ffff,1.0,True,1.0,1.0,,False,False
40090903461,Madison Highland Prep,Phoenix,Maricopa County,11,33.50129,-112.050022,2024-2025,183.0,48,758.0,292.7695039577836,6.777980622445013,False,8929b6d150bffff,1.0,True,1.0,1.0,,False,False
40091000047,Ash Fork Elementary School,Ash Fork,Yavapai County,43,35.221057,-112.486224,2024-2025,291.0,9,79.0,454.7723924050633,25.663630373545438,True,8929b205463ffff,1.0,True,1.0,1.0,,False,False
40091000048,Ash Fork High School,Ash Fork,Yavapai County,43,35.221057,-112.486224,2024-2025,291.0,9,79.0,454.7723924050633,25.663630373545438,True,8929b205463ffff,1.0,True,1.0,1.0,,False,False
40091001059,Ash Fork Middle School,Ash Fork,Yavapai County,43,35.221057,-112.486224,2024-2025,291.0,9,79.0,454.7723924050633,25.663630373545438,True,8929b205463ffff,1.0,True,1.0,1.0,,False,False
40091103440,Heritage Academy Gateway,Queen Creek,Maricopa County,21,33.277389,-111.658482,2024-2025,371.0,29,79.0,353.64015189873413,4.416687547342362,False,8948ebb8dcbffff,1.0,True,1.0,1.0,,False,False
40091203443,EAGLE College Preparatory School- Mesa,MESA,Maricopa County,11,33.41402,-111.796161,2024-2025,177.0,46,677.0,443.1889364844904,3.9564971668045783,False,8948ebae4afffff,1.0,True,1.0,1.0,,False,False
40091303455,Arizona Autism Charter School,PHOENIX,Maricopa County,11,33.49609,-112.051421,2024-2025,188.0,47,833.0,289.6158271308524,6.971620596443297,False,8929b6d15c7ffff,1.0,True,1.0,1.0,,False,False
40091303512,Arizona Autism Charter School Upper School Campus,PHOENIX,Maricopa County,11,33.49609,-112.051421,2024-2025,188.0,47,833.0,289.6158271308524,6.971620596443297,False,8929b6d15c7ffff,1.0,True,1.0,1.0,,False,False
40091303795,Arizona Autism Charter - Online High School,PHOENIX,Maricopa County,11,33.495072,-112.05085,2024-2025,193.0,47,866.0,282.31681986143184,7.079146173708407,False,8929b6d15c7ffff,1.0,True,1.0,1.0,,False,False
40091303796,Arizona Autism Charter School-Online K-8,PHOENIX,Maricopa County,11,33.495072,-112.05085,2024-2025,193.0,47,866.0,282.31681986143184,7.079146173708407,False,8929b6d15c7ffff,1.0,True,1.0,1.0,,False,False
40091303797,Arizona Autism Charter School West Valley Campus,PEORIA,Maricopa County,21,33.56484,-112.297026,2024-2025,250.0,34,212.0,296.0709433962264,12.798233389979115,False,8929b6d459bffff,1.0,True,1.0,1.0,,False,False
40091303846,Arizona Autism Charter School -Tucson Upper School Campus,TUCSON,Pima County,11,32.204679,-110.897134,2024-2025,,35,288.0,365.9233784722222,5.775531074921228,False,8948e8573c3ffff,1.0,True,1.0,1.0,,False,False
40091303880,AZACS Tucson Elementary Campus,Tucson,Pima County,11,32.204679,-110.897134,2024-2025,,35,288.0,365.9233784722222,5.775531074921228,False,8948e8573c3ffff,1.0,True,1.0,1.0,,False,False
40091303881,AZACS East Valley Elementary Campus,MESA,Maricopa County,11,33.420898,-111.817914,2024-2025,,46,559.0,256.1149910554562,5.965465161359508,False,8948ebae5bbffff,1.0,True,1.0,1.0,,False,False
40091403452,Franklin Phonetic Primary School-Sunnyslope,PHOENIX,Maricopa County,11,33.571103,-112.071276,2024-2025,272.0,34,490.0,245.74645102040816,5.933992789042152,False,8929b6d186fffff,1.0,True,1.0,1.0,,False,False
40091503422,CASA Academy,PHOENIX,Maricopa County,11,33.555053,-112.132395,2024-2025,202.0,49,519.0,277.2391888246628,3.1686655835998345,False,8929b6d0a87ffff,1.0,True,1.0,1.0,,False,False
40091603437,EAGLE College Prep Maryvale,PHOENIX,Maricopa County,11,33.493295,-112.174051,2024-2025,155.0,40,1111.0,196.24016741674168,6.972624685317051,False,8929b6d280bffff,1.0,True,1.0,1.0,,False,False
40091803426,Arizona Language Preparatory,Scottsdale,Maricopa County,11,33.612251,-111.948317,2024-2025,456.0,38,414.0,534.4770869565217,4.41701406933872,False,8929b6d8ec7ffff,1.0,True,1.0,1.0,,False,False
40091903472,Great Hearts Academies - Lincoln Prep,CHANDLER,Maricopa County,11,33.273888,-111.790305,2024-2025,576.0,39,424.0,378.5540849056603,5.876155539517156,False,8948eba200fffff,1.0,True,1.0,1.0,,False,False
40092003465,STEDY- Vista HS Satellite,YUMA,Yuma County,12,32.670152,-114.633814,2024-2025,267.0,37,260.0,233.4304538461538,3.348923349155161,False,89485bcedb7ffff,1.0,True,1.0,1.0,,False,False
40092003469,STEDY- Cibola High School Satellite,YUMA,Yuma County,12,32.691685,-114.668563,2024-2025,320.0,32,172.0,343.14361627906976,2.809943954108188,False,89485bc5b13ffff,1.0,True,1.0,1.0,,False,False
40092003470,STEDY- Antelope HS Satellite,Wellton,Yuma County,42,32.691608,-114.023242,2024-2025,261.0,2,2.0,221.682,26.088525225606134,True,89485a21927ffff,1.0,True,1.0,0.9881656804733728,,False,False
40092003473,STEDY- Yuma HS Satellite,YUMA,Yuma County,12,32.71839,-114.627672,2024-2025,198.0,32,254.0,396.47434251968514,0.7132066167379143,False,89485b1b6abffff,1.0,True,0.8224852071005917,0.8224852071005917,,False,False
40092003481,STEDY- Kofa HS Satellite,YUMA,Yuma County,12,32.674309,-114.636016,2024-2025,235.0,39,309.0,241.1018220064725,3.1207507009972693,False,89485bc5ad3ffff,1.0,True,1.0,1.0,,False,False
40092003486,STEDY- San Luis HS Satellite,San Luis,Yuma County,41,32.501157,-114.76273,2024-2025,222.0,20,75.0,224.19814666666667,1.954987125989243,True,89485bd49c3ffff,1.0,True,0.9763313609467456,0.9763313609467456,,False,False
40092003488,STEDY- Gila Ridge HS Satellite,YUMA,Yuma County,41,32.685683,-114.51068,2024-2025,241.0,25,142.0,171.47488028169013,0.2077220182778511,True,89485bcc6afffff,1.0,True,1.0,1.0,,False,False
40092003571,STEDY- Arizona Western College,YUMA,Yuma County,12,32.689563,-114.496201,2024-2025,293.0,20,73.0,224.47990410958897,1.625767163158957,False,89485bcc673ffff,1.0,True,1.0,1.0,,False,False
40092003574,STEDY- Desert View Academy,YUMA,Yuma County,12,32.697521,-114.664915,2024-2025,282.0,37,223.0,338.8451704035874,2.508200563916405,False,89485bc5b0bffff,1.0,True,1.0,1.0,,False,False
40092003577,STEDY- Central Campus,YUMA,Yuma County,12,32.704379,-114.611223,2024-2025,204.0,35,535.0,417.01048785046737,1.086032994192777,False,89485bcebb7ffff,1.0,True,1.0,1.0,,False,False
40092003717,STEDY- Aztec HS Satellite,YUMA,Yuma County,12,32.677117,-114.648491,2024-2025,254.0,32,253.0,293.44623320158104,3.8435902530650696,False,89485bc5a83ffff,1.0,True,1.0,1.0,,False,False
40092003859,STEDY - Somerton High School,Somerton,Yuma County,41,32.602797,-114.720557,2024-2025,,17,127.0,420.2035354330709,1.6484148394112268,True,89485bc4507ffff,1.0,True,1.0,1.0,,False,False
40092103428,Horizon Honors Elementary School,PHOENIX,Maricopa County,11,33.2986,-111.9789,2024-2025,438.0,44,447.0,368.0628903803132,1.040054877951436,False,8948ebb4857ffff,1.0,True,1.0,1.0,,False,False
40092203458,Desert Star Academy,Fort Mohave,Mohave County,23,34.99,-114.597052,2024-2025,310.0,22,159.0,167.61945911949684,9.914888635884912,False,8929b1ce933ffff,1.0,True,1.0,0.9940828402366864,,False,False
40092403436,Western School of Science and Technology,PHOENIX,Maricopa County,11,33.493699,-112.200226,2024-2025,146.0,42,470.0,246.72465319148927,5.504117832119384,False,8929b6d299bffff,1.0,True,1.0,1.0,,False,False
40092503464,Great Hearts Academies - Archway Lincoln,PHOENIX,Maricopa County,11,33.273888,-111.790305,2024-2025,576.0,39,424.0,378.5540849056603,5.876155539517156,False,8948eba200fffff,1.0,True,1.0,1.0,,False,False
40092603451,Heritage Academy Laveen,LAVEEN,Maricopa County,11,33.377213,-112.149809,2024-2025,259.0,40,338.0,273.44553254437875,5.516347278399253,False,8948e9688c3ffff,1.0,True,1.0,1.0,,False,False
40092703190,Legacy Traditional School - Queen Creek,QUEEN CREEK,Pinal County,21,33.258001,-111.573934,2024-2025,222.0,26,193.0,266.6361088082902,2.539652801949713,False,8948ebb8207ffff,1.0,True,1.0,1.0,,False,False
40092903406,Noah Webster Schools-Pima,SCOTTSDALE,Maricopa County,21,33.515842,-111.890692,2024-2025,387.0,30,225.0,193.59441333333328,7.598117494523,False,8929b6db437ffff,1.0,True,1.0,1.0,Salt River,True,False
40093003462,Great Hearts Academies - Roosevelt,Buckeye,Maricopa County,21,33.442135,-112.475414,2024-2025,378.0,11,29.0,178.8996551724138,6.856658591128138,False,8929b69a08bffff,1.0,True,1.0,1.0,,False,False
40093303496,Legacy Traditional School - Surprise,SURPRISE,Maricopa County,21,33.60303,-112.372216,2024-2025,401.0,35,186.0,334.419876344086,5.830357250792385,False,8929b68b683ffff,1.0,True,1.0,1.0,,False,False
40093303798,Legacy Online Academy,Chandler,Maricopa County,11,33.261007,-111.788341,2024-2025,598.0,34,368.0,352.2460353260869,5.490109577208719,False,8948eba246fffff,1.0,True,1.0,1.0,,False,False
40093403493,Self Development Academy-Phoenix,PHOENIX,Maricopa County,11,33.494346,-112.050099,2024-2025,190.0,47,870.0,281.8428977011494,7.182339721556172,False,8929b6d15c7ffff,1.0,True,1.0,1.0,,False,False
40093603484,BASIS Chandler Primary- South Campus,Chandler,Maricopa County,11,33.234601,-111.842757,2024-2025,711.0,35,184.0,376.8952880434783,0.6177829614506333,False,8948ebb0967ffff,1.0,True,1.0,1.0,,False,False
40093703482,BASIS Scottsdale Primary - East Campus,SCOTTSDALE,Maricopa County,12,33.590361,-111.788012,2024-2025,845.0,13,96.0,216.12103125,2.465288792875135,False,8948eb3655bffff,1.0,True,1.0,1.0,,False,False
40093903495,AIM Higher College Prep Academy,PHOENIX,Maricopa County,11,33.401921,-112.071424,2024-2025,167.0,36,402.0,434.7741218905472,0.5472130995881557,False,8948e969ab7ffff,1.0,True,1.0,1.0,,False,False
40094003499,Academy of Math and Science Camelback,PHOENIX,Maricopa County,11,33.50852,-112.202391,2024-2025,153.0,44,508.0,232.17301968503932,6.920317316734952,False,8929b6d2977ffff,1.0,True,1.0,1.0,,False,False
40094103502,BASIS Goodyear,GOODYEAR,Maricopa County,21,33.439801,-112.398122,2024-2025,278.0,38,238.0,275.7893823529411,0.5508420850366785,False,8929b69b473ffff,1.0,True,1.0,1.0,,False,False
40094203497,Ethos Academy- A Challenge Foundation Academy,GLENDALE,Maricopa County,21,33.56543,-112.153182,2024-2025,214.0,47,435.0,303.95528965517235,5.279102318368798,False,8929b6d0b83ffff,1.0,True,1.0,1.0,,False,False
40094303498,BASIS Goodyear Primary,GOODYEAR,Maricopa County,21,33.439801,-112.398122,2024-2025,278.0,38,238.0,275.7893823529411,0.5508420850366785,False,8929b69b473ffff,1.0,True,1.0,1.0,,False,False
40094403503,Leman Academy of Excellence,TUCSON,Pima County,21,32.347355,-111.096587,2024-2025,389.0,25,429.0,612.9125710955713,6.5275936747617,False,8948e809c93ffff,1.0,True,1.0,1.0,,False,False
40094403504,Leman Academy of Excellence-Oro Valley Arizona,ORO VALLEY,Pima County,41,32.428172,-110.995833,2024-2025,507.0,15,73.0,255.9200821917808,3.944761865272892,True,8948e844c17ffff,1.0,True,1.0,1.0,,False,False
40094403542,Leman Academy of Excellence-Sierra Vista,SIERRA VISTA,Cochise County,13,31.55157,-110.287911,2024-2025,265.0,37,414.0,259.2014082125604,1.736639538027522,False,8948ee14627ffff,1.0,True,1.0,1.0,,False,False
40094403547,Leman Virtual Academy,TUCSON,Pima County,21,32.347355,-111.096587,2024-2025,389.0,25,429.0,612.9125710955713,6.5275936747617,False,8948e809c93ffff,1.0,True,1.0,1.0,,False,False
40094403584,Leman Academy of Excellence East Mesa,MESA,Maricopa County,41,33.347721,-111.685148,2024-2025,357.0,35,251.0,303.1658884462151,5.063649636666657,True,8948eba1063ffff,1.0,True,1.0,1.0,,False,False
40094403586,Leman Academy of Excellence East Tucson,TUCSON,Pima County,11,32.190935,-110.776189,2024-2025,402.0,24,174.0,330.8675,1.484102125093263,False,8948e851dc3ffff,1.0,True,1.0,1.0,,False,False
40094403767,Leman Academy of Excellence - Central Tucson,TUCSON,Pima County,11,32.242884,-110.860749,2024-2025,219.0,36,299.0,432.90028093645486,7.403883320601966,False,8948e855623ffff,1.0,True,1.0,1.0,,False,False
40094503518,Pensar Academy,Litchfield Park,Maricopa County,11,33.526848,-112.111598,2024-2025,181.0,47,653.0,225.5096554364472,0.5199957197508884,False,8929b6d03afffff,1.0,True,1.0,1.0,,False,False
40094603375,ASU Preparatory Academy - South Phoenix High School,PHOENIX,Maricopa County,11,33.405042,-112.05555,2024-2025,188.0,30,339.0,408.7055427728613,1.8075899442450083,False,8948e969a03ffff,1.0,True,1.0,1.0,,False,False
40094703526,ASU Preparatory Academy - Casa Grande HS,CASA GRANDE,Pinal County,41,32.88062,-111.844701,2024-2025,97.0,2,3.0,204.885,2.1911547016002766,True,8948e9588b7ffff,1.0,True,1.0,1.0,,False,False
40094803523,Legacy Traditional School ? Glendale,Glendale,Maricopa County,21,33.61217,-112.201804,2024-2025,406.0,38,305.0,304.6295180327869,3.195373739264633,False,8929b6d5383ffff,1.0,True,1.0,1.0,,False,False
40094903520,Painted Desert Montessori LLC,BUCKEYE,Maricopa County,41,33.424889,-112.583164,2024-2025,321.0,28,147.0,195.6541768707483,1.0966414538371938,True,8929b6915a3ffff,1.0,True,1.0,1.0,,False,False
40095003508,Pathways in Education,PHOENIX,Maricopa County,11,33.472252,-112.065508,2024-2025,416.0,46,975.0,303.34448820512824,7.437750891969092,False,8929b6d33b3ffff,1.0,True,1.0,1.0,,False,False
40095103532,Legacy Traditional School ? Peoria,PEORIA,Maricopa County,21,33.685411,-112.227462,2024-2025,478.0,32,169.0,401.93282840236685,6.04009253417654,False,8929b6c7423ffff,1.0,True,1.0,1.0,,False,False
40095203514,Colegio Petite Arizona,NOGALES,Santa Cruz County,33,31.347978,-110.927638,2024-2025,161.0,20,65.0,247.64210769230772,1.650879902326455,False,8948ec7b6abffff,1.0,True,0.8757396449704142,0.8698224852071006,,False,False
40095303527,The Grande Innovation,CASA GRANDE,Pinal County,13,32.882886,-111.720753,2024-2025,257.0,40,266.0,220.2181052631579,2.8100507412801496,False,8948e959e43ffff,1.0,True,1.0,1.0,,False,False
40095303833,Path to Potential,CASA GRANDE,Pinal County,13,32.882886,-111.720753,2024-2025,,40,266.0,220.2181052631579,2.8100507412801496,False,8948e959e43ffff,1.0,True,1.0,1.0,,False,False
40095403513,Legacy Traditional School ? North Chandler,CHANDLER,Maricopa County,11,33.333713,-111.825227,2024-2025,345.0,48,566.0,285.7550671378092,1.447736725713915,False,8948eba2aafffff,1.0,True,1.0,1.0,,False,False
40095503519,Maricopa Institute of Technology,PHOENIX,Maricopa County,11,33.412005,-112.178868,2024-2025,178.0,17,100.0,214.61546,1.814856740287407,False,8948e96d68bffff,1.0,True,1.0,1.0,,False,False
40095503862,MIT STEM2 Online High School,PHOENIX,Maricopa County,11,33.412005,-112.178868,2024-2025,,17,100.0,214.61546,1.814856740287407,False,8948e96d68bffff,1.0,True,1.0,1.0,,False,False
40095603505,ASU Preparatory Academy - South Phoenix Primary,Phoenix,Maricopa County,11,33.394253,-112.071701,2024-2025,168.0,40,358.0,392.4106368715084,1.3235911254272268,False,8948e969853ffff,1.0,True,1.0,1.0,,False,False
40095803534,BASIS Chandler Primary - North Campus,CHANDLER,Maricopa County,11,33.307,-111.8103,2024-2025,364.0,42,452.0,334.5971659292035,2.9600116025699683,False,8948eba2e1bffff,1.0,True,1.0,1.0,,False,False
40095903579,Legacy Traditional School - Phoenix,PHOENIX,Maricopa County,11,33.502648,-112.27143,2024-2025,287.0,35,250.0,256.405304,7.037361728966898,False,8948e96d96fffff,1.0,True,1.0,1.0,,False,False
40096000049,Michael Anderson,AVONDALE,Maricopa County,21,33.4336,-112.3518,2024-2025,182.0,34,242.0,181.49522727272728,4.52841029646104,False,8948e96eb03ffff,1.0,True,1.0,1.0,,False,False
40096000051,Lattie Coor,AVONDALE,Maricopa County,21,33.446799,-112.352974,2024-2025,205.0,44,452.0,198.2167477876106,4.695598684807536,False,8948e96cd93ffff,1.0,True,1.0,1.0,,False,False
40096001154,Eliseo C. Felix School,GOODYEAR,Maricopa County,21,33.444814,-112.350393,2024-2025,190.0,43,426.0,200.12383802816905,4.511376640603228,False,8948e96eb67ffff,1.0,True,1.0,1.0,,False,False
40096001878,Wildflower Accelerated Academy,GOODYEAR,Maricopa County,21,33.4433,-112.4072,2024-2025,280.0,39,282.0,280.281109929078,0.9522498337754556,False,8929b69b423ffff,1.0,True,1.0,1.0,,False,False
40096002255,Desert Star,GOODYEAR,Maricopa County,21,33.4274,-112.3966,2024-2025,280.0,30,121.0,341.165652892562,1.0721214205907683,False,8929b69b4d7ffff,1.0,True,1.0,1.0,,False,False
40096002381,Desert Thunder,GOODYEAR,Maricopa County,21,33.4568,-112.4191,2024-2025,262.0,36,243.0,253.17143621399177,2.8131089941416354,False,8929b69b56bffff,1.0,True,1.0,1.0,,False,False
40096002494,Centerra Mirage STEM Academy,GOODYEAR,Maricopa County,21,33.4431,-112.3866,2024-2025,287.0,32,251.0,268.0280796812749,1.6250215740181382,False,8929b69b6b3ffff,1.0,True,1.0,1.0,,False,False
40096002880,Copper Trails,GOODYEAR,Maricopa County,21,33.44268,-112.42133,2024-2025,305.0,38,354.0,318.41439830508483,1.9520353476854373,False,8929b69b5c7ffff,1.0,True,1.0,1.0,,False,False
40096003387,Avondale Middle School,AVONDALE,Maricopa County,21,33.44768,-112.350742,2024-2025,198.0,44,479.0,246.984,4.625486111864332,False,8948e96cd9bffff,1.0,True,1.0,1.0,,False,False
40096103550,BASIS Phoenix South,PHOENIX,Maricopa County,11,33.394549,-112.100207,2024-2025,220.0,39,221.0,293.48571945701354,2.6551722990573854,False,8948e969d6bffff,1.0,True,1.0,1.0,,False,False
40096203551,Legacy Traditional School - East Mesa,Mesa,Maricopa County,11,33.363469,-111.602965,2024-2025,336.0,39,268.0,278.10926865671644,4.416797573634815,False,8948ebaa2a7ffff,1.0,True,1.0,1.0,,False,False
40096303558,BASIS Peoria Primary,PEORIA,Maricopa County,21,33.719481,-112.270095,2024-2025,610.0,28,171.0,305.9757251461988,11.431095215975493,False,8929b6c4483ffff,1.0,True,1.0,0.9940828402366864,,False,False
40096403553,Synergy Public School,PHOENIX,Maricopa County,11,33.523536,-112.117369,2024-2025,183.0,47,606.0,284.77332838283826,0.9123991458002064,False,8929b6d016bffff,1.0,True,1.0,1.0,,False,False
40096503556,ASU Preparatory Academy Digital,Tempe,Maricopa County,12,33.423291,-111.921142,2024-2025,228.0,45,1212.0,322.01784405940595,8.481261293071684,False,8948eba42b7ffff,1.0,True,1.0,1.0,,False,False
40096603572,Highland Prep,SURPRISE,Maricopa County,21,33.613955,-112.395818,2024-2025,298.0,37,245.0,280.7516040816327,3.8591744215914647,False,8929b68b09bffff,1.0,True,1.0,1.0,,False,False
40096703560,BASIS Phoenix Primary,PHOENIX,Maricopa County,11,33.59384,-112.014065,2024-2025,396.0,41,324.0,361.1951543209876,7.914281173498433,False,8929b6daba7ffff,1.0,True,1.0,1.0,,False,False
40096803562,Victory Collegiate Academy,PHOENIX,Maricopa County,11,33.490567,-112.19418,2024-2025,149.0,44,1208.0,192.55198261589405,5.508257226155371,False,8929b6d2d6bffff,1.0,True,1.0,1.0,,False,False
40096903543,Arizona Agribusiness & Equine Center Inc. - Mesa,MESA,Maricopa County,11,33.388412,-111.864171,2024-2025,194.0,48,977.0,344.78419242579326,2.44477030505519,False,8948eba722bffff,1.0,True,1.0,1.0,,False,False
40096903751,AAEC Online,Mesa,Maricopa County,11,33.388412,-111.864171,2024-2025,194.0,48,977.0,344.78419242579326,2.44477030505519,False,8948eba722bffff,1.0,True,1.0,1.0,,False,False
40097003546,RCB College Preparatory Academy,Peoria,Maricopa County,21,33.595548,-112.211003,2024-2025,353.0,46,317.0,196.89805362776025,5.2170687534676246,False,8929b6d50a7ffff,1.0,True,1.0,1.0,,False,False
40097503596,Phoenix International Academy,PHOENIX,Maricopa County,11,33.407993,-111.988639,2024-2025,188.0,46,366.0,422.52995081967214,3.538550618190618,False,8948eba6a97ffff,1.0,True,1.0,1.0,,False,False
40097603624,Think Through Academy,Phoenix,Maricopa County,11,33.481114,-112.129499,2024-2025,124.0,43,378.0,294.20096296296293,5.753966433036921,False,8929b6d0583ffff,1.0,True,1.0,1.0,,False,False
40097703580,Arizona Language Schools,TEMPE,Maricopa County,11,33.336192,-111.838884,2024-2025,197.0,48,423.0,286.6870141843972,1.435557709866565,False,8948eba2b8bffff,1.0,True,1.0,1.0,,False,False
40097803585,Edison School of Innovation,GLENDALE,Maricopa County,21,33.51202,-112.238614,2024-2025,229.0,37,278.0,283.02223381294965,6.922703052829321,False,8929b6d74b7ffff,1.0,True,1.0,1.0,,False,False
40098003607,BASIS Scottsdale Primary - West Campus,Scottsdale,Maricopa County,12,33.62988,-111.918021,2024-2025,613.0,44,1790.0,438.175051396648,6.228841192280425,False,8929b6d9d47ffff,1.0,True,1.0,1.0,,False,False
40098103605,Da Vinci Tree Academy,Tucson,Pima County,11,32.207147,-110.8209,2024-2025,223.0,36,445.0,243.04657752808995,3.3311134693544844,False,8948e850ab7ffff,1.0,True,1.0,1.0,,False,False
40098703640,Somerset Academy Skyway Campus,GOODYEAR,Maricopa County,21,33.451986,-112.379408,2024-2025,278.0,42,382.0,190.32730366492143,2.742543027433028,False,8929b69b63bffff,1.0,True,1.0,1.0,,False,False
40098803680,Valor Preparatory Academy,GOODYEAR,Maricopa County,21,33.477757,-112.342955,2024-2025,409.0,42,254.0,397.1470748031496,5.976733072616555,False,8948e96c9cfffff,1.0,True,1.0,1.0,,False,False
40098903642,ARCHES Academy,APACHE JCT,Pinal County,21,33.422813,-111.558351,2024-2025,270.0,34,621.0,208.4383204508857,1.3731698366992489,False,8948eba820bffff,1.0,True,1.0,1.0,,False,False
40099003649,Phoenix Modern,Phoenix,Maricopa County,11,33.489048,-112.069759,2024-2025,313.0,44,784.0,238.0337474489796,6.210358314591503,False,8929b6d0657ffff,1.0,True,1.0,1.0,,False,False
40099103650,Legacy Traditional School - Goodyear,GOODYEAR,Maricopa County,21,33.423564,-112.405064,2024-2025,302.0,34,125.0,364.8122,1.4108421622119665,False,8929b69b493ffff,1.0,True,1.0,1.0,,False,False
40099203644,Kaleidoscope School,PHOENIX,Maricopa County,11,33.639083,-112.050536,2024-2025,296.0,42,419.0,210.99307637231504,9.26786832528914,False,8929b6c3317ffff,1.0,True,1.0,1.0,,False,False
40099303647,Providence High School,CHANDLER,Maricopa County,11,33.340481,-111.842844,2024-2025,350.0,44,403.0,327.1434863523573,2.0020174773364823,False,8948eba2bbbffff,1.0,True,1.0,1.0,,False,False
40099403645,Self Development Eastmark Academy,MESA,Maricopa County,11,33.44658,-111.734991,2024-2025,314.0,33,154.0,329.28470779220777,0.7840582619925406,False,8948ebaf567ffff,1.0,True,1.0,1.0,,False,False
40099503648,Self Development Scottsdale Academy,GLENDALE,Maricopa County,11,33.636294,-112.167079,2024-2025,301.0,38,275.0,326.2294763636364,2.3490140638300283,False,8929b6c2c73ffff,1.0,True,1.0,1.0,,False,False
40099603653,Legacy Traditional School - West Surprise,Surprise,Maricopa County,41,33.59611,-112.430849,2024-2025,397.0,29,252.0,155.14530952380952,0.8180295783746077,True,8929b699b27ffff,1.0,True,1.0,1.0,,False,False
40099703654,Legacy Traditional School - North Phoenix,Phoenix,Maricopa County,11,33.502076,-112.269078,2024-2025,287.0,37,315.0,240.36395238095244,6.863662612205481,False,8948e96d96bffff,1.0,True,1.0,1.0,,False,False
40099803681,A+ Charter Schools,Maricopa,Pinal County,23,33.042533,-112.015895,2024-2025,313.0,32,313.0,260.0168338658147,0.960020104348967,False,8948e94ecd3ffff,1.0,True,1.0,1.0,,False,False
40099903682,Freedom Prep Academy - Mesa,GILBERT,Maricopa County,11,33.359207,-111.692011,2024-2025,348.0,37,277.0,315.1108772563176,3.650556511336188,False,8948eba138fffff,1.0,True,1.0,1.0,,False,False
40100000052,Bagdad Elementary School,Bagdad,Yavapai County,43,34.574965,-113.183691,2024-2025,305.0,7,71.0,202.58411267605632,25.94490226905936,True,8929b055613ffff,1.0,True,1.0,0.863905325443787,,False,False
40100000053,Bagdad Middle / Senior High School,Bagdad,Yavapai County,43,34.574965,-113.183691,2024-2025,305.0,7,71.0,202.58411267605632,25.94490226905936,True,8929b055613ffff,1.0,True,1.0,0.863905325443787,,False,False
40100003710,Sultan Virtual Academy,Bagdad,Yavapai County,43,34.574965,-113.183691,2024-2025,305.0,7,71.0,202.58411267605632,25.94490226905936,True,8929b055613ffff,1.0,True,1.0,0.863905325443787,,False,False
40100203719,Scholars Academy Sunnyslope,PHOENIX,Maricopa County,11,33.614519,-112.059704,2024-2025,427.0,31,142.0,283.90176056338026,10.534410653712047,False,8929b6c30b3ffff,1.0,True,1.0,1.0,,False,False
40100303675,Sun Valley Academy-Avondale,Avondale,Maricopa County,21,33.461027,-112.311386,2024-2025,322.0,36,272.0,242.6408970588236,2.935857522817537,False,8948e96ce37ffff,1.0,True,1.0,1.0,,False,False
40100403672,Candeo North Scottsdale,SCOTTSDALE,Maricopa County,12,33.77625,-111.926627,2024-2025,587.0,17,51.0,216.06517647058823,3.6955724390017215,False,8929b6c8323ffff,1.0,True,1.0,1.0,,False,False
40100503720,Ridgeview College Preparatory High School,San Tan Valley,Pinal County,21,33.18976,-111.58333,2024-2025,324.0,36,146.0,255.0151027397261,3.410458540575865,False,8948ebbb537ffff,1.0,True,1.0,1.0,,False,False
40100603721,Legacy Traditional School - Mesa,MESA,Maricopa County,11,33.451048,-111.751738,2024-2025,385.0,31,197.0,450.3527106598984,1.8634111640375697,False,8948ebae247ffff,1.0,True,1.0,1.0,,False,False
40100703722,Legacy Traditional School - Deer Valley,Phoenix,Maricopa County,11,33.653941,-112.119416,2024-2025,304.0,44,661.0,312.4053207261725,6.911654988832363,False,8929b6c051bffff,1.0,True,1.0,1.0,,False,False
40100803723,Legacy Traditional School - East Tucson,Tucson,Pima County,11,32.190877,-110.794528,2024-2025,399.0,34,314.0,223.42555732484072,0.2667155464596266,False,8948e850e4fffff,1.0,True,1.0,1.0,,False,False
40100903724,Glen Canyon Outdoor Academy,PAGE,Coconino County,33,36.903852,-111.45827,2024-2025,229.0,26,194.0,266.5024793814433,0.6081866567963723,False,892996324cfffff,1.0,True,1.0,1.0,,False,False
40101003725,Liberty Leadership Academy,COTTONWOOD,Yavapai County,32,34.733446,-112.010219,2024-2025,193.0,33,187.0,319.5255989304813,10.10142996530642,False,8929b2c3483ffff,1.0,True,1.0,1.0,,False,False
40101103726,Highland Prep West,AVONDALE,Maricopa County,21,33.448048,-112.322759,2024-2025,183.0,40,284.0,211.83332746478877,2.2960683082098616,False,8948e96cc0bffff,1.0,True,1.0,1.0,,False,False
40101203735,Colearn Academy Arizona,GREEN VALLEY,Pima County,32,31.868001,-110.993697,2024-2025,277.0,35,191.0,148.7520942408377,4.529350477698174,False,8948e8c2313ffff,1.0,True,1.0,1.0,,False,False
40101303748,Online School of Arizona,TUCSON,Pima County,11,32.220676,-110.835698,2024-2025,219.0,41,541.0,283.6749057301293,5.352142121595699,False,8948e850b17ffff,1.0,True,1.0,1.0,,False,False
40101403732,Copper State Academy,PHOENIX,Maricopa County,11,33.466392,-112.054005,2024-2025,268.0,45,734.0,358.34853950953686,7.009968821013098,False,8929b6d339bffff,1.0,True,1.0,1.0,,False,False
40101503744,New Crossroads Academy,BISBEE,Cochise County,32,31.443029,-109.916931,2024-2025,232.0,12,58.0,468.7574827586207,5.874171218347918,False,8948eec5a13ffff,1.0,True,1.0,0.7810650887573964,,False,False
40101603800,SLAM Arizona Inc.,Mesa,Maricopa County,12,33.415594,-111.902184,2024-2025,162.0,46,874.0,288.97114645308926,6.706019976025172,False,8948eba42d3ffff,1.0,True,1.0,1.0,,False,False
40105000054,Pat Tillman Middle School,Phoenix,Maricopa County,11,33.4613,-111.9893,2024-2025,115.0,46,662.0,247.54181722054372,9.411143245970877,False,8948eba48bbffff,1.0,True,1.0,1.0,,False,False
40105000055,David Crockett Elementary School,PHOENIX,Maricopa County,11,33.4546,-112.0036,2024-2025,122.0,47,1152.0,314.9926875,8.561897783108922,False,8948eba4d0bffff,1.0,True,1.0,1.0,,False,False
40105000056,Griffith Elementary School,PHOENIX,Maricopa County,11,33.4686,-111.9835,2024-2025,391.0,48,684.0,311.7747236842105,10.271066597277146,False,8948eba483bffff,1.0,True,1.0,1.0,,False,False
40105003142,Brunson-Lee Elementary School,PHOENIX,Maricopa County,11,33.4629,-111.9795,2024-2025,352.0,45,601.0,334.3081830282861,9.696220220566556,False,8948eba4803ffff,1.0,True,1.0,1.0,,False,False
40105003374,Orangedale Early Learning Center,PHOENIX,Maricopa County,11,33.4731,-111.9727,2024-2025,275.0,40,441.0,405.6516621315193,10.927478080325942,False,8948eba486bffff,1.0,True,1.0,1.0,,False,False
40105003776,Balsz Online Academy (B.O.A.),PHOENIX,Maricopa County,11,33.458079,-111.977873,2024-2025,238.0,42,513.0,291.4823255360624,9.195379658242222,False,8948eba48c7ffff,1.0,True,1.0,1.0,,False,False
40108000059,Beaver Creek School,RIMROCK,Yavapai County,42,34.656098,-111.766038,2024-2025,212.0,8,37.0,35.475324324324326,23.02582800403329,True,8948cdacc93ffff,1.0,True,1.0,0.9112426035502958,,False,False
40116000062,Salome High School,Salome,La Paz County,43,33.7749,-113.6028,2024-2025,260.0,6,121.0,50.31223140495867,0.8293125956788512,True,8929b475193ffff,1.0,True,1.0,1.0,,False,False
40118000063,Bisbee High School,Bisbee,Cochise County,32,31.414811,-109.88829,2024-2025,214.0,11,89.0,156.20934831460673,10.023458146056107,False,8948eec537bffff,1.0,True,1.0,0.9763313609467456,,False,False
40118000064,Lowell School,BISBEE,Cochise County,32,31.4292,-109.8913,2024-2025,223.0,10,74.0,135.41875675675678,8.6877312242759,False,8948eecedc7ffff,1.0,True,1.0,0.9289940828402367,,False,False
40118000066,Greenway Primary School,Bisbee,Cochise County,32,31.4173,-109.8808,2024-2025,213.0,11,89.0,156.20934831460673,10.319350479175998,False,8948eececb3ffff,1.0,True,1.0,0.9763313609467456,,False,False
40118001817,Bisbee Middle School,BISBEE,Cochise County,41,31.3936,-109.9259,2024-2025,226.0,11,20.0,208.70935,10.2885985292641,True,8948eec518fffff,1.0,True,1.0,0.9940828402366864,,False,False
40118003655,Copper Credits,BISBEE,Cochise County,32,31.414811,-109.88829,2024-2025,214.0,11,89.0,156.20934831460673,10.023458146056107,False,8948eec537bffff,1.0,True,1.0,0.9763313609467456,,False,False
40123000069,Blue Elementary School,Blue,Greenlee County,43,33.636466,-109.092108,2024-2025,173.0,0,0.0,,22.109713144478537,True,8948c123353ffff,,False,0.047337278106508875,0.0,,False,False
40126000070,Bonita Elementary School,WILLCOX,Graham County,43,32.5869,-109.9745,2024-2025,224.0,0,0.0,,28.95328131460168,True,8948eac4d6fffff,1.0,True,1.0,1.0,,False,True
40129000071,Bouse Elementary School,Bouse,La Paz County,43,33.9129,-113.9933,2024-2025,253.0,9,35.0,107.22991428571429,27.964959882469486,True,8929b42c42bffff,1.0,True,1.0,1.0,,False,False
40133000072,Bowie Elementary School,Bowie,Cochise County,43,32.3253,-109.4898,2024-2025,193.0,3,7.0,265.63342857142857,15.087821191353056,True,8948c5ac9b3ffff,1.0,True,1.0,1.0,,False,False
40133000073,Bowie High School,Bowie,Cochise County,43,32.3253,-109.4898,2024-2025,193.0,3,7.0,265.63342857142857,15.087821191353056,True,8948c5ac9b3ffff,1.0,True,1.0,1.0,,False,False
40138002490,Sundance Elementary,BUCKEYE,Maricopa County,21,33.4384,-112.5626,2024-2025,224.0,30,194.0,185.25420618556703,1.3409624291492064,False,8929b6910a7ffff,1.0,True,1.0,1.0,,False,False
40138002492,Buckeye Elementary School,BUCKEYE,Maricopa County,31,33.369188,-112.583041,2024-2025,122.0,24,261.0,320.765061302682,6.994314633826705,False,8929b693097ffff,1.0,True,1.0,1.0,,False,False
40138002642,Westpark Elementary School,BUCKEYE,Maricopa County,21,33.422,-112.6062,2024-2025,271.0,19,137.0,270.2022481751825,3.1234304107218858,False,8929b690623ffff,1.0,True,1.0,0.9940828402366864,,False,False
40138002836,Steven R. Jasinski Elementary School,BUCKEYE,Maricopa County,31,33.4074,-112.5818,2024-2025,303.0,28,126.0,176.04233333333335,2.7825924769741133,False,8929b693333ffff,1.0,True,1.0,1.0,,False,False
40138003052,Inca Elementary School,BUCKEYE,Maricopa County,21,33.427364,-112.558543,2024-2025,250.0,35,225.0,242.6989511111111,1.5669306415601352,False,8929b69155bffff,1.0,True,1.0,1.0,,False,False
40138003123,Bales Elementary School,BUCKEYE,Maricopa County,31,33.3863,-112.5964,2024-2025,225.0,29,98.0,216.18921428571423,5.437736537655439,False,8929b6931c7ffff,1.0,True,1.0,1.0,,False,False
40138003575,Marionneaux Elementary School,Buckeye,Maricopa County,31,33.398421,-112.570723,2024-2025,280.0,29,117.0,256.7673675213675,3.717395979257744,False,8929b6933c7ffff,1.0,True,1.0,1.0,,False,False
40138003694,BESD Virtual,BUCKEYE,Maricopa County,21,33.427612,-112.600653,2024-2025,292.0,19,141.0,267.14017021276595,2.4589304782087864,False,8929b690293ffff,1.0,True,1.0,0.9881656804733728,,False,False
40138003730,John S McCain III Elementary School,BUCKEYE,Maricopa County,41,33.417393,-112.585795,2024-2025,322.0,30,235.0,252.11115744680853,1.8989891076333465,True,8929b69064bffff,1.0,True,1.0,1.0,,False,False
40141000075,Buckeye Union High School,BUCKEYE,Maricopa County,31,33.376089,-112.575478,2024-2025,161.0,23,268.0,325.019843283582,6.1835669380002845,False,8929b693013ffff,1.0,True,1.0,1.0,,False,False
40141002137,Estrella Foothills High School,GOODYEAR,Maricopa County,41,33.3277,-112.4227,2024-2025,473.0,16,53.0,405.3858301886793,1.9917541414876003,True,8948e9646cfffff,1.0,True,1.0,0.9940828402366864,,False,False
40141002786,Youngker High School,BUCKEYE,Maricopa County,41,33.4185,-112.5748,2024-2025,321.0,27,174.0,210.6868563218391,1.4672599961499229,True,8929b69158bffff,1.0,True,1.0,1.0,,False,False
40141003320,BUHSD Institute of Online Learning,BUCKEYE,Maricopa County,41,33.45513,-112.510338,2024-2025,369.0,20,131.0,151.92948854961833,6.508045468553791,True,8929b69a1b3ffff,1.0,True,1.0,1.0,,False,False
40141003591,The Buckeye Academy,Buckeye,Maricopa County,31,33.37433,-112.586064,2024-2025,136.0,25,241.0,303.16713278008297,6.466626857851194,False,8929b6930b3ffff,1.0,True,1.0,1.0,,False,False
40146000077,Carmichael Elementary School,SIERRA VISTA,Cochise County,13,31.5627,-110.2993,2024-2025,252.0,24,314.0,359.7068025477707,0.8355077413655592,False,8948ee14063ffff,1.0,True,1.0,1.0,,False,False
40146000078,Joyce Clark Middle School,SIERRA VISTA,Cochise County,13,31.5431,-110.2841,2024-2025,288.0,35,390.0,241.91181794871795,2.520316462632145,False,8948ee146abffff,1.0,True,1.0,1.0,,False,False
40146000080,Village Meadows Elementary School,SIERRA VISTA,Cochise County,13,31.5461,-110.2667,2024-2025,281.0,37,502.0,357.18510358565743,3.834697160413896,False,8948ee1464fffff,1.0,True,1.0,1.0,,False,False
40146000081,Buena High School,SIERRA VISTA,Cochise County,13,31.570175,-110.23789,2024-2025,222.0,13,73.0,257.8802876712328,6.455004054126399,False,8948ee15037ffff,1.0,True,1.0,1.0,,False,False
40146001050,Pueblo Del Sol Elementary School,SIERRA VISTA,Cochise County,13,31.5448,-110.2444,2024-2025,271.0,31,345.0,393.4639101449277,3.988171647411464,False,8948ee155dbffff,1.0,True,1.0,1.0,,False,False
40146001051,Town & Country Elementary School,SIERRA VISTA,Cochise County,13,31.5414,-110.2837,2024-2025,290.0,34,376.0,241.8266728723404,2.669358490292208,False,8948ee146abffff,1.0,True,1.0,1.0,,False,False
40146001356,Huachuca Mountain Elementary School,SIERRA VISTA,Cochise County,13,31.510581,-110.266841,2024-2025,286.0,28,186.0,213.65561827956992,2.233304797476704,False,8948ee17037ffff,1.0,True,1.0,1.0,,False,False
40146003062,Bella Vista Elementary School,SIERRA VISTA,Cochise County,13,31.5636,-110.2812,2024-2025,235.0,29,216.0,301.0768333333333,2.3779777310786034,False,8948ee14217ffff,1.0,True,1.0,1.0,,False,False
40146003380,Carmichael Elementary Preschool,SIERRA VISTA,Cochise County,13,31.562623,-110.299204,2024-2025,252.0,24,314.0,359.7068025477707,0.8351031996053381,False,8948ee14063ffff,1.0,True,1.0,1.0,,False,False
40146003524,Sierra Vista Online,SIERRA VISTA,Cochise County,13,31.555473,-110.262916,2024-2025,252.0,39,379.0,362.91923746701855,3.999185113252656,False,8948ee155afffff,1.0,True,1.0,1.0,,False,False
40146003771,SVUSD AOI,SIERRA VISTA,Cochise County,13,31.570175,-110.23789,2024-2025,222.0,13,73.0,257.8802876712328,6.455004054126399,False,8948ee15037ffff,1.0,True,1.0,1.0,,False,False
40150000085,Bullhead City Middle School,BULLHEAD CITY,Mohave County,23,35.1072,-114.6109,2024-2025,181.0,30,370.0,216.34578378378376,0.5451106354628292,False,8929b119e8bffff,1.0,True,0.8461538461538461,0.8461538461538461,,False,False
40150000855,Coyote Canyon School,BULLHEAD CITY,Mohave County,23,35.1057,-114.6121,2024-2025,182.0,29,366.0,217.5338333333333,0.5246487319757864,False,8929b119e9bffff,1.0,True,0.8698224852071006,0.8698224852071006,,False,False
40150001053,Desert Valley School,BULLHEAD CITY,Mohave County,23,35.1022,-114.6094,2024-2025,196.0,33,392.0,218.9907806122449,0.9704816521275093,False,8929b11916fffff,1.0,True,0.9230769230769231,0.9230769230769231,,False,False
40150001528,Diamondback Elementary School,BULLHEAD CITY,Mohave County,41,35.0926,-114.5615,2024-2025,242.0,16,49.0,413.4957755102041,3.2595001915198254,True,8929b119203ffff,1.0,True,1.0,1.0,,False,False
40150001757,Fox Creek Jr High School,BULLHEAD CITY,Mohave County,23,35.073044,-114.555794,2024-2025,248.0,10,57.0,202.5071578947368,3.8667008266056215,False,8929b119647ffff,1.0,True,1.0,0.9704142011834319,,False,False
40150002184,Sunrise Elementary,BULLHEAD CITY,Mohave County,41,35.158133,-114.544216,2024-2025,270.0,14,59.0,151.65438983050845,6.873013360120461,True,8929b156a2fffff,1.0,True,1.0,0.9881656804733728,,False,False
40160000086,Camp Verde Elementary School,CAMP VERDE,Yavapai County,32,34.588034,-111.857026,2024-2025,265.0,13,44.0,109.45013636363636,12.699502735125645,False,8948cda5cd3ffff,1.0,True,1.0,0.9822485207100592,,False,False
40160000087,Camp Verde High School,CAMP VERDE,Yavapai County,32,34.588988,-111.856893,2024-2025,263.0,13,44.0,109.45013636363636,12.74507712685861,False,8948cda5cd3ffff,1.0,True,1.0,0.9822485207100592,,False,False
40160001529,Camp Verde Middle School,CAMP VERDE,Yavapai County,32,34.586703,-111.860746,2024-2025,263.0,15,54.0,106.70812962962964,12.329642198617542,False,8948cda426fffff,1.0,True,1.0,1.0,,False,False
40160003053,South Verde Technology Magnet,CAMP VERDE,Yavapai County,32,34.562775,-111.854231,2024-2025,389.0,20,143.0,396.8739860139861,10.544086458571826,False,8948cda55a7ffff,1.0,True,1.0,1.0,,False,False
40160003173,Camp Verde Accommodation School,CAMP VERDE,Yavapai County,32,34.562775,-111.854231,2024-2025,389.0,20,143.0,396.8739860139861,10.544086458571826,False,8948cda55a7ffff,1.0,True,1.0,1.0,,False,False
40160003666,Camp Verde Online,CAMP VERDE,Yavapai County,32,34.562775,-111.854231,2024-2025,389.0,20,143.0,396.8739860139861,10.544086458571826,False,8948cda55a7ffff,1.0,True,1.0,1.0,,False,False
40165000088,Canon School,Black Canyon City,Yavapai County,42,34.06281,-112.140269,2024-2025,382.0,23,95.0,371.37338947368414,0.4410975665860833,True,8929b654ba3ffff,1.0,True,1.0,1.0,,False,False
40168000089,Cartwright School,PHOENIX,Maricopa County,11,33.4798,-112.1854,2024-2025,149.0,44,754.0,224.3530172413793,5.19102910650764,False,8929b6d2897ffff,1.0,True,1.0,1.0,,False,False
40168000091,Charles W. Harris School,PHOENIX,Maricopa County,11,33.4723,-112.1784,2024-2025,157.0,44,465.0,244.29078709677412,5.274573759749866,False,8929b6d2c77ffff,1.0,True,1.0,1.0,,False,False
40168000092,Desert Sands Academy of Mass Communication & Journalism,PHOENIX,Maricopa County,11,33.5029,-112.1955,2024-2025,152.0,39,1252.0,179.7037036741214,6.61273039140716,False,8929b6d2957ffff,1.0,True,1.0,1.0,,False,False
40168000093,Estrella Middle School College and Career Prep,PHOENIX,Maricopa County,11,33.4906,-112.2179,2024-2025,161.0,45,589.0,312.46764006791176,4.592738508471567,False,8948e96da57ffff,1.0,True,1.0,1.0,,False,False
40168000094,Frank Borman School,PHOENIX,Maricopa County,11,33.4906,-112.1774,2024-2025,153.0,43,1129.0,191.66739238263952,6.541092630616649,False,8929b6d2803ffff,1.0,True,1.0,1.0,,False,False
40168000095,Glenn L. Downs Social Sciences Academy,PHOENIX,Maricopa County,11,33.48987,-112.161112,2024-2025,160.0,43,1048.0,206.91719083969463,6.353552939751145,False,8929b6d285bffff,1.0,True,1.0,1.0,,False,False
40168000096,Heatherbrae School,PHOENIX,Maricopa County,11,33.4989,-112.2107,2024-2025,158.0,42,530.0,271.5323113207548,5.657629112530801,False,8929b6d29b3ffff,1.0,True,1.0,1.0,,False,False
40168000097,Holiday Park School,PHOENIX,Maricopa County,11,33.5003,-112.2017,2024-2025,152.0,42,444.0,251.32752927927925,6.100115072742642,False,8929b6d2913ffff,1.0,True,1.0,1.0,,False,False
40168000098,John F. Long,PHOENIX,Maricopa County,11,33.5012,-112.1762,2024-2025,152.0,42,1122.0,192.67914616755792,6.679950615504999,False,8929b6d2867ffff,1.0,True,1.0,1.0,,False,False
40168000100,Justine Spitalny STE3AM School,PHOENIX,Maricopa County,11,33.4864,-112.1574,2024-2025,156.0,41,335.0,314.8792985074627,6.415360476793663,False,8929b6d2e2bffff,1.0,True,1.0,1.0,,False,False
40168000101,Palm Lane,PHOENIX,Maricopa County,11,33.4705,-112.1975,2024-2025,143.0,41,400.0,178.652235,3.668949776031684,False,8929b6d2dd7ffff,1.0,True,1.0,1.0,,False,False
40168000102,Peralta School,PHOENIX,Maricopa County,11,33.472583,-112.212923,2024-2025,158.0,46,608.0,287.79058223684206,2.8808650629534807,False,8948e96de4bffff,1.0,True,1.0,1.0,,False,False
40168000104,Starlight Park College Preparatory and Community School,PHOENIX,Maricopa County,11,33.4877,-112.2312,2024-2025,199.0,44,523.0,317.4209005736138,4.164138232504649,False,8948e96da8fffff,1.0,True,1.0,1.0,,False,False
40168000105,Sunset School,PHOENIX,Maricopa County,11,33.4881,-112.201,2024-2025,145.0,41,490.0,258.81370204081634,4.929522278911664,False,8929b6d2d67ffff,1.0,True,1.0,1.0,,False,False
40168001054,Byron A. Barry School,PHOENIX,Maricopa County,11,33.47569,-112.188107,2024-2025,148.0,45,521.0,207.74217082533588,4.711786664177211,False,8929b6d2c27ffff,1.0,True,1.0,1.0,,False,False
40168001055,Tomahawk School,PHOENIX,Maricopa County,11,33.499938,-112.22835,2024-2025,246.0,42,433.0,262.09133487297925,5.519018635162753,False,8948e96da2bffff,1.0,True,1.0,1.0,,False,False
40168001530,Cartwright Early Childhood Center,PHOENIX,Maricopa County,11,33.502695,-112.176293,2024-2025,153.0,39,1041.0,184.3646301633045,6.606122387797439,False,8929b6d2b9bffff,1.0,True,1.0,1.0,,False,False
40168001709,G. Frank Davidson,PHOENIX,Maricopa County,11,33.4865,-112.2105,2024-2025,154.0,43,580.0,296.79573448275863,4.367163007461406,False,8929b6d2d23ffff,1.0,True,1.0,1.0,,False,False
40168002005,Marc T. Atkinson Middle School & Gifted Academy,PHOENIX,Maricopa County,11,33.4991,-112.1726,2024-2025,155.0,41,1100.0,195.72503272727272,6.5176771103534605,False,8929b6d2863ffff,1.0,True,1.0,1.0,,False,False
40168002135,Bret R. Tarver Leadership Academy,PHOENIX,Maricopa County,11,33.4989,-112.1705,2024-2025,155.0,41,1148.0,195.9499538327526,6.368109198574365,False,8929b6d287bffff,1.0,True,1.0,1.0,,False,False
40168002904,Ra,PHOENIX,Maricopa County,11,33.478378,-112.230234,2024-2025,215.0,44,571.0,305.6840332749562,3.124434839034913,False,8948e96da93ffff,1.0,True,1.0,1.0,,False,False
40168003122,Manuel Pena Jr. School,PHOENIX,Maricopa County,11,33.4759,-112.2303,2024-2025,220.0,44,555.0,308.25584684684685,2.8494732808492182,False,8948e96de2bffff,1.0,True,1.0,1.0,,False,False
40168003737,Cartwright Virtual Academy,Phoenix,Maricopa County,11,33.496909,-112.170418,2024-2025,215.0,43,1173.0,198.9725115089514,6.489311889546769,False,8929b6d287bffff,1.0,True,1.0,1.0,,False,False
40171000106,Casa Grande Middle School,Casa Grande,Pinal County,13,32.888945,-111.755494,2024-2025,181.0,36,286.0,273.2171258741258,4.535420505513594,False,8948e95988bffff,1.0,True,1.0,1.0,,False,False
40171000107,Cottonwood Elementary School,CASA GRANDE,Pinal County,13,32.8966,-111.7455,2024-2025,207.0,42,268.0,183.3867313432836,4.754367860641995,False,8948e959843ffff,1.0,True,1.0,1.0,,False,False
40171000109,Center for Online and Innovative Learning,CASA GRANDE,Pinal County,13,32.88416,-111.737005,2024-2025,228.0,37,353.0,254.7746600566572,3.169136420162083,False,8948e959e07ffff,1.0,True,1.0,1.0,,False,False
40171000111,Palo Verde School,CASA GRANDE,Pinal County,13,32.8732,-111.7415,2024-2025,199.0,24,261.0,277.2465172413793,2.3583070785999376,False,8948e959e97ffff,1.0,True,1.0,1.0,,False,False
40171000112,Saguaro Elementary School,CASA GRANDE,Pinal County,13,32.888945,-111.755494,2024-2025,181.0,36,286.0,273.2171258741258,4.535420505513594,False,8948e95988bffff,1.0,True,1.0,1.0,,False,False
40171001027,Mesquite Elementary School,CASA GRANDE,Pinal County,13,32.874,-111.7155,2024-2025,245.0,28,227.0,225.13810132158588,1.9771187026875527,False,8948e959333ffff,1.0,True,1.0,1.0,,False,False
40171001056,Cholla Elementary School,CASA GRANDE,Pinal County,13,32.9103,-111.7364,2024-2025,255.0,35,186.0,171.0144892473118,5.950874114356115,False,8948e959a3bffff,1.0,True,1.0,1.0,,False,False
40171001357,Ironwood School,Casa Grande,Pinal County,13,32.891704,-111.72784,2024-2025,238.0,41,278.0,215.2948309352518,3.787989107527865,False,8948e959e63ffff,1.0,True,1.0,1.0,,False,False
40171002213,Cactus Middle School,CASA GRANDE,Pinal County,13,32.9094,-111.7336,2024-2025,263.0,30,130.0,179.2347384615384,5.807324724550931,False,8948e959a3bffff,1.0,True,1.0,1.0,,False,False
40171002574,Desert Willow Elementary School,CASA GRANDE,Pinal County,13,32.9148,-111.7116,2024-2025,290.0,13,55.0,142.26527272727273,6.448247947658618,False,8948eb96917ffff,1.0,True,1.0,1.0,,False,False
40171002865,McCartney Ranch Elementary School,Casa Grande,Pinal County,13,32.9321,-111.7462,2024-2025,252.0,30,229.0,205.8018689956332,8.516448255166068,False,8948e94b5d3ffff,1.0,True,1.0,1.0,,False,False
40171002872,Villago Middle School,Casa Grande,Pinal County,41,32.94403,-111.744408,2024-2025,244.0,22,152.0,202.76009868421048,9.204029272956374,True,8948e94b543ffff,1.0,True,1.0,1.0,,False,False
40171003201,Early Childhood Learning Center,Casa Grande,Pinal County,41,32.942806,-111.747836,2024-2025,239.0,23,158.0,208.2217911392405,9.527905149921835,True,8948e94b557ffff,1.0,True,1.0,1.0,,False,False
40171003740,CGESD Online Learning Academy,CASA GRANDE,Pinal County,13,32.88416,-111.737005,2024-2025,228.0,37,353.0,254.7746600566572,3.169136420162083,False,8948e959e07ffff,1.0,True,1.0,1.0,,False,False
40174000113,Casa Grande Union High School,CASA GRANDE,Pinal County,13,32.93602,-111.73693,2024-2025,258.0,27,221.0,212.2628371040724,8.78136788065974,False,8948e94b423ffff,1.0,True,1.0,1.0,,False,False
40174002909,Vista Grande High School,CASA GRANDE,Pinal County,13,32.8929,-111.7127,2024-2025,271.0,37,227.0,195.41130837004405,4.049562255258383,False,8948eb96dabffff,1.0,True,1.0,1.0,,False,False
40174003749,INOVA,CASA GRANDE,Pinal County,13,32.886245,-111.747842,2024-2025,167.0,36,320.0,254.5083624999999,3.861168255591655,False,8948e9598dbffff,1.0,True,1.0,1.0,,False,False
40174003811,PACE,CASA GRANDE,Pinal County,13,32.886245,-111.747842,2024-2025,,36,320.0,254.5083624999999,3.861168255591655,False,8948e9598dbffff,1.0,True,1.0,1.0,,False,False
40176000011,Catalina Foothills High School,TUCSON,Pima County,21,32.305863,-110.899138,2024-2025,608.0,21,86.0,234.85777906976745,4.960001177173094,False,8948e855a03ffff,1.0,True,1.0,1.0,,False,False
40176000116,Orange Grove Middle School,TUCSON,Pima County,21,32.3246,-110.943398,2024-2025,552.0,18,39.0,417.1202564102565,9.28810336938106,False,8948e8466d7ffff,1.0,True,1.0,1.0,,False,False
40176000117,Sunrise Drive Elementary School,TUCSON,Pima County,21,32.3109,-110.8794,2024-2025,481.0,26,89.0,346.2476179775281,3.1099650074848677,False,8948e842983ffff,1.0,True,1.0,1.0,,False,False
40176001002,Ventana Vista Elementary School,TUCSON,Pima County,21,32.3171,-110.8517,2024-2025,435.0,23,112.0,401.7984553571428,1.0900327534952168,False,8948e842867ffff,1.0,True,1.0,1.0,,False,False
40176001032,Manzanita School,TUCSON,Pima County,21,32.329,-110.9282,2024-2025,581.0,18,44.0,259.50025000000005,8.017975382324817,False,8948e855b2bffff,1.0,True,1.0,1.0,,False,False
40176001358,Canyon View Elementary School,TUCSON,Pima County,21,32.3117,-110.8253,2024-2025,374.0,18,134.0,245.4502910447761,0.2279538649875555,False,8948e842a8bffff,1.0,True,1.0,1.0,,False,False
40176001487,Esperero Canyon Middle School,TUCSON,Pima County,21,32.3127,-110.8272,2024-2025,377.0,17,127.0,227.48692913385827,0.0514159413731891,False,8948e842a13ffff,1.0,True,1.0,1.0,,False,False
40176001531,Catalina Foothills Valley View Early Learning Center,TUCSON,Pima County,21,32.3216,-110.919,2024-2025,606.0,22,53.0,332.4549056603774,6.975390177903653,False,8948e855b0bffff,1.0,True,1.0,1.0,,False,False
40181000325,Jeddito School,Jeddito,Navajo County,43,35.77291,-110.138303,2024-2025,115.0,2,2.0,53.8755,5.670811875036568,True,8948cb821b3ffff,1.0,True,1.0,0.9704142011834319,Navajo Nation,True,False
40181002544,White Cone High School,White Cone,Navajo County,43,35.604078,-110.06566,2024-2025,119.0,0,0.0,,15.409090876595126,True,8948cb93507ffff,1.0,True,1.0,0.9171597633136095,Navajo Nation,True,True
40181003073,White Cone - Inactive,Indian Wells,Navajo County,43,35.604078,-110.06566,2024-2025,119.0,0,0.0,,15.409090876595126,True,8948cb93507ffff,1.0,True,1.0,0.9171597633136095,Navajo Nation,True,True
40187000013,Sanborn Elementary School,CHANDLER,Maricopa County,11,33.3161,-111.8189,2024-2025,410.0,44,422.0,330.8489668246445,1.7275893595983234,False,8948eba2e2bffff,1.0,True,1.0,1.0,,False,False
40187000123,Chandler High School,CHANDLER,Maricopa County,11,33.3084,-111.8428,2024-2025,262.0,45,452.0,299.43422123893805,1.8407955643213847,False,8948eba2893ffff,1.0,True,1.0,1.0,,False,False
40187000125,San Marcos Elementary School,CHANDLER,Maricopa County,11,33.298,-111.8481,2024-2025,259.0,46,511.0,334.31413502935425,3.0977364663081417,False,8948eba2cafffff,1.0,True,1.0,1.0,,False,False
40187000128,Galveston Elementary School,CHANDLER,Maricopa County,11,33.3129,-111.8315,2024-2025,271.0,46,343.0,287.1254052478134,1.2440292866762217,False,8948eba28c3ffff,1.0,True,1.0,1.0,,False,False
40187000129,Hartford Sylvia Encinas Elementary,CHANDLER,Maricopa County,11,33.3154,-111.8515,2024-2025,236.0,45,465.0,298.2030494623656,1.7765192857637149,False,8948eba28b7ffff,1.0,True,1.0,1.0,,False,False
40187000131,Knox Gifted Academy,CHANDLER,Maricopa County,11,33.3251,-111.8526,2024-2025,293.0,47,453.0,311.53573509933767,1.630148833017621,False,8948eba29dbffff,1.0,True,1.0,1.0,,False,False
40187000133,Willis Junior High School,CHANDLER,Maricopa County,11,33.2963,-111.8231,2024-2025,318.0,42,448.0,335.13967187500003,3.242164483047325,False,8948eba2c5bffff,1.0,True,1.0,1.0,,False,False
40187000615,Dr Howard K Conley Elementary School,CHANDLER,Maricopa County,11,33.2957,-111.8691,2024-2025,413.0,45,757.0,519.0356195508587,2.3805827088665743,False,8948ebb532fffff,1.0,True,1.0,1.0,,False,False
40187001058,Frye Elementary School,CHANDLER,Maricopa County,11,33.2975,-111.8312,2024-2025,361.0,44,335.0,303.205247761194,2.9325331628090177,False,8948eba2c57ffff,1.0,True,1.0,1.0,,False,False
40187001155,Weinberg Gifted Academy,GILBERT,Maricopa County,11,33.2548,-111.7539,2024-2025,573.0,40,358.0,370.6773575418995,2.3603497761908843,False,8948ebb1b27ffff,1.0,True,1.0,1.0,,False,False
40187001206,John M Andersen Elementary School,CHANDLER,Maricopa County,11,33.3269,-111.8731,2024-2025,379.0,46,396.0,278.14233333333334,3.1298825499306857,False,8948eba29b3ffff,1.0,True,1.0,1.0,,False,False
40187001289,Chandler Traditional Academy-Humphrey,CHANDLER,Maricopa County,11,33.301908,-111.797402,2024-2025,419.0,42,388.0,332.36492268041246,3.9288905334154887,False,8948eba2323ffff,1.0,True,1.0,1.0,,False,False
40187001359,Shumway Leadership Academy,CHANDLER,Maricopa County,11,33.3266,-111.8191,2024-2025,468.0,45,422.0,307.4943009478673,1.5254638517889478,False,8948eba2a8fffff,1.0,True,1.0,1.0,,False,False
40187001399,Chandler Traditional Academy - Goodman,CHANDLER,Maricopa County,11,33.3271,-111.8869,2024-2025,404.0,44,370.0,199.06794054054052,2.4800546614112946,False,8948ebb5a77ffff,1.0,True,1.0,1.0,,False,False
40187001400,John M Andersen Jr High School,CHANDLER,Maricopa County,11,33.3256,-111.8752,2024-2025,359.0,46,416.0,268.1450745192308,3.123656414828229,False,8948ebb5a4fffff,1.0,True,1.0,1.0,,False,False
40187001532,Anna Marie Jacobson  Elementary School,CHANDLER,Maricopa County,11,33.2601,-111.8681,2024-2025,629.0,46,227.0,311.6400352422908,2.0812288713223848,False,8948ebb5017ffff,1.0,True,1.0,1.0,,False,False
40187001533,Bogle Junior High School,CHANDLER,Maricopa County,11,33.2627,-111.8695,2024-2025,601.0,45,244.0,339.7153114754099,1.7666610307156123,False,8948ebb5007ffff,1.0,True,1.0,1.0,,False,False
40187001675,Rudy G Bologna Elementary,CHANDLER,Maricopa County,11,33.2983,-111.8133,2024-2025,420.0,46,437.0,342.35875972540043,3.474836412402049,False,8948eba2e9bffff,1.0,True,1.0,1.0,,False,False
40187001676,Robert and Danell Tarwater Elementary,CHANDLER,Maricopa County,11,33.272,-111.8667,2024-2025,488.0,47,326.0,359.69098466257674,1.2841906475638878,False,8948ebb5067ffff,1.0,True,1.0,1.0,,False,False
40187001677,Hamilton High School,CHANDLER,Maricopa County,11,33.2528,-111.8428,2024-2025,688.0,36,175.0,372.48908571428575,2.436966296321144,False,8948ebb560fffff,1.0,True,1.0,1.0,,False,False
40187001678,Pathways Learning Center,CHANDLER,Maricopa County,11,33.3107,-111.8463,2024-2025,273.0,44,519.0,292.9649171483623,1.7760645575544778,False,8948eba2897ffff,1.0,True,1.0,1.0,,False,False
40187001996,Basha Elementary,CHANDLER,Maricopa County,11,33.254,-111.8575,2024-2025,660.0,43,236.0,374.5099025423728,3.1376196099337945,False,8948ebb50c3ffff,1.0,True,1.0,1.0,,False,False
40187002125,Jane D. Hull Elementary,CHANDLER,Maricopa County,11,33.2113,-111.7991,2024-2025,490.0,29,302.0,416.8852947019868,4.200377062982916,False,8948ebb0e2fffff,1.0,True,1.0,1.0,,False,False
40187002250,Basha High School,CHANDLER,Maricopa County,11,33.221096,-111.758771,2024-2025,518.0,29,149.0,202.7230201342282,5.1260541637388615,False,8948ebb18b7ffff,1.0,True,1.0,1.0,,False,False
40187002251,Santan Junior High School,CHANDLER,Maricopa County,11,33.2348,-111.814,2024-2025,647.0,39,357.0,328.7751456582633,2.206179753585525,False,8948ebb0b1bffff,1.0,True,1.0,1.0,,False,False
40187002346,Chandler Traditional Academy - Liberty Campus,CHANDLER,Maricopa County,11,33.3126,-111.7963,2024-2025,462.0,42,282.0,408.755695035461,2.749322276616316,False,8948eba0587ffff,1.0,True,1.0,1.0,,False,False
40187002379,T. Dale Hancock Elementary School,CHANDLER,Maricopa County,11,33.270262,-111.852521,2024-2025,724.0,45,284.0,349.1995281690141,2.600140069714003,False,8948ebb52b7ffff,1.0,True,1.0,1.0,,False,False
40187002380,Navarrete Elementary,CHANDLER,Maricopa County,11,33.2124,-111.7606,2024-2025,527.0,27,138.0,217.67447101449275,6.045768224993565,False,8948ebb1d57ffff,1.0,True,1.0,1.0,,False,False
40187002478,Willie & Coy Payne Jr. High,QUEEN CREEK,Maricopa County,11,33.211138,-111.718484,2024-2025,538.0,29,184.0,245.73050543478263,5.531715968925811,False,8948ebb1e03ffff,1.0,True,1.0,1.0,,False,False
40187002479,Chandler Traditional Academy-Freedom,GILBERT,Maricopa County,11,33.2402,-111.7236,2024-2025,523.0,35,313.0,505.19187859424926,2.270691933367097,False,8948ebb1a3bffff,1.0,True,1.0,1.0,,False,False
40187002480,Santan Elementary,CHANDLER,Maricopa County,11,33.2359,-111.8144,2024-2025,695.0,38,330.0,316.06101818181816,2.1943994231240205,False,8948ebb0b1bffff,1.0,True,1.0,1.0,,False,False
40187002587,Audrey & Robert Ryan Elementary,CHANDLER,Maricopa County,11,33.2385,-111.7805,2024-2025,644.0,42,298.0,340.99224832214765,5.329987844713213,False,8948eba24dbffff,1.0,True,1.0,1.0,,False,False
40187002646,Chandler Traditional Academy - Independence,SUN LAKES,Maricopa County,11,33.237867,-111.866267,2024-2025,700.0,35,155.0,307.4397483870968,2.7840842900601426,False,8948ebb5403ffff,1.0,True,1.0,1.0,,False,False
40187002806,Perry High School,GILBERT,Maricopa County,11,33.2617,-111.7491,2024-2025,567.0,36,324.0,388.3704382716049,1.8495327002012905,False,8948eba3597ffff,1.0,True,1.0,1.0,,False,False
40187002822,Arizona College Prep High School,CHANDLER,Maricopa County,11,33.242066,-111.783202,2024-2025,638.0,37,224.0,349.6728214285714,5.175798587878003,False,8948eba24c3ffff,1.0,True,1.0,1.0,,False,False
40187002873,Riggs Elementary,GILBERT,Maricopa County,11,33.2247,-111.7128,2024-2025,535.0,37,190.0,332.2021947368421,4.220402671440166,False,8948ebb1ad3ffff,1.0,True,1.0,1.0,,False,False
40187002878,Ira A. Fulton Elementary,CHANDLER,Maricopa County,11,33.2363,-111.8468,2024-2025,699.0,32,138.0,409.326652173913,1.0355155028519625,False,8948ebb092fffff,1.0,True,1.0,1.0,,False,False
40187002939,Ken 'Chief' Hill Learning Academy,CHANDLER,Maricopa County,11,33.299529,-111.808112,2024-2025,397.0,43,420.0,353.38058809523807,3.675772741301432,False,8948eba2ec3ffff,1.0,True,1.0,1.0,,False,False
40187002948,Charlotte Patterson Elementary,GILBERT,Maricopa County,11,33.214601,-111.740607,2024-2025,514.0,25,271.0,488.3426605166052,5.162449429966614,False,8948ebb18d7ffff,1.0,True,1.0,1.0,,False,False
40187002951,Haley Elementary,CHANDLER,Maricopa County,11,33.25705,-111.775617,2024-2025,570.0,42,373.0,321.55315549597856,4.319065086679194,False,8948eba26bbffff,1.0,True,1.0,1.0,,False,False
40187002995,Arizona College Prep Middle School,CHANDLER,Maricopa County,11,33.310392,-111.861505,2024-2025,220.0,46,748.0,324.6108770053476,2.8602310119652548,False,8948eba2d0bffff,1.0,True,1.0,1.0,,False,False
40187003306,Chandler Online Academy,CHANDLER,Maricopa County,11,33.297336,-111.820733,2024-2025,346.0,42,410.0,330.15785609756097,3.2193646487552514,False,8948eba2e97ffff,1.0,True,1.0,1.0,,False,False
40187003321,John & Carol Carlson Elementary,CHANDLER,Maricopa County,11,33.2278,-111.7775,2024-2025,609.0,37,278.0,338.65736330935255,5.581894459679557,False,8948ebb0a4bffff,1.0,True,1.0,1.0,,False,False
40187003479,Dr. Gary and Annette Auxier Elementary School,QUEEN CREEK,Maricopa County,21,33.242869,-111.687217,2024-2025,521.0,32,158.0,400.6477721518987,4.3554370008305705,False,8948ebba9cfffff,1.0,True,1.0,1.0,,False,False
40187003483,Dr. Camille Casteel High School,QUEEN CREEK,Maricopa County,21,33.222225,-111.68378,2024-2025,530.0,30,158.0,538.856905063291,5.968331859267444,False,8948ebbad53ffff,1.0,True,1.0,1.0,,False,False
40187003766,Robert J.C. Rice Elementary School,GILBERT,Maricopa County,11,33.249685,-111.762724,2024-2025,583.0,38,348.0,366.1479942528736,3.3144995905981927,False,8948ebb196fffff,1.0,True,1.0,1.0,,False,False
40187003868,Hill Academy @ ICAN,CHANDLER,Maricopa County,11,33.294854,-111.832683,2024-2025,,43,335.0,298.5341552238806,3.2119405506341256,False,8948eba2ccfffff,1.0,True,1.0,1.0,,False,False
40187003869,Chandler Learning Center,CHANDLER,Maricopa County,11,33.297897,-111.820549,2024-2025,,42,412.0,329.8645024271844,3.1700127048216142,False,8948eba2e97ffff,1.0,True,1.0,1.0,,False,False
40187003873,Chandler Early College High School,CHANDLER,Maricopa County,11,33.295705,-111.795159,2024-2025,,40,398.0,337.8502185929649,4.572432393702262,False,8948eba23abffff,1.0,True,1.0,1.0,,False,False
40194000135,Chinle Elementary School,Chinle,Apache County,43,36.149149,-109.586563,2024-2025,95.0,14,65.0,145.99559999999997,1.0767367203215734,True,8948cb56537ffff,1.0,True,1.0,1.0,Navajo Nation,True,False
40194000136,Canyon De Chelly Elementary School,Chinle,Apache County,43,36.152813,-109.583993,2024-2025,95.0,17,95.0,109.23396842105264,1.081979551194485,True,8948cb56527ffff,1.0,True,1.0,1.0,Navajo Nation,True,False
40194000137,Chinle High School,Chinle,Apache County,43,36.158092,-109.581809,2024-2025,95.0,19,98.0,111.21864285714284,1.265973843935819,True,8948cb56197ffff,1.0,True,1.0,1.0,Navajo Nation,True,False
40194000138,Chinle Junior High School,Chinle,Apache County,43,36.151518,-109.586338,2024-2025,95.0,16,93.0,109.70607526881722,0.9415154878232392,True,8948cb56527ffff,1.0,True,1.0,1.0,Navajo Nation,True,False
40194000140,Many Farms Elementary School,Many Farms,Apache County,43,36.348377,-109.618387,2024-2025,95.0,5,26.0,80.64753846153846,0.4977439547757416,True,8948cb46d8fffff,1.0,True,1.0,0.9822485207100592,Navajo Nation,True,False
40194000145,Tsaile Elementary School,Tsaile,Apache County,43,36.301669,-109.209518,2024-2025,79.0,4,5.0,38.5718,1.2320560667628868,True,8948cb4a567ffff,1.0,True,1.0,1.0,Navajo Nation,True,False
40194001139,Turquoise Dawn Alternative - Closed,Chinle,Apache County,43,36.149095,-109.586122,2024-2025,95.0,14,65.0,145.99559999999997,1.1106117823504276,True,8948cb56537ffff,1.0,True,1.0,1.0,Navajo Nation,True,False
40194001488,Mesa View Elementary,Chinle,Apache County,43,36.153718,-109.585541,2024-2025,95.0,18,97.0,112.02162886597937,0.922049924708688,True,8948cb56527ffff,1.0,True,1.0,1.0,Navajo Nation,True,False
40194003770,Hozho Online Academy,Chinle,Apache County,43,36.151518,-109.586338,2024-2025,95.0,16,93.0,109.70607526881722,0.9415154878232392,True,8948cb56527ffff,1.0,True,1.0,1.0,Navajo Nation,True,False
40213000152,Cochise Elementary School,Cochise,Cochise County,43,32.112513,-109.920155,2024-2025,224.0,0,0.0,,19.329256215584383,True,8948ee61943ffff,1.0,True,1.0,1.0,,False,True
40219000154,Concho Elementary School,Concho,Apache County,43,34.422596,-109.640578,2024-2025,167.0,6,20.0,56.1891,4.876364652209025,True,8948cc680a7ffff,1.0,True,1.0,0.8816568047337278,,False,False
40222002220,Congress Elementary School,Congress,Yavapai County,43,34.1719,-112.8595,2024-2025,271.0,3,8.0,293.10875,11.76132715547804,True,8929b63294fffff,1.0,True,1.0,0.9112426035502958,,False,False
40225000156,Continental Elementary School,GREEN VALLEY,Pima County,41,31.842475,-110.95845,2024-2025,290.0,4,12.0,783.4020833333333,0.156675813378659,True,8948e8c35b7ffff,1.0,True,1.0,1.0,,False,False
40225003706,Continental On-Line Learning Technology School,GREEN VALLEY,Pima County,41,31.842475,-110.95845,2024-2025,290.0,4,12.0,783.4020833333333,0.156675813378659,True,8948e8c35b7ffff,1.0,True,1.0,1.0,,False,False
40232000158,Coolidge High School,COOLIDGE,Pinal County,32,32.9813,-111.528031,2024-2025,230.0,30,127.0,272.3351023622047,13.84022077002537,False,8948eb82d63ffff,1.0,True,1.0,1.0,,False,False
40232000164,West Elementary School,COOLIDGE,Pinal County,32,32.974138,-111.529427,2024-2025,244.0,26,118.0,238.137686440678,13.870134307762148,False,8948eb82d0bffff,1.0,True,1.0,1.0,,False,False
40232001025,Barely Bears,COOLIDGE,Pinal County,32,32.980318,-111.523626,2024-2025,228.0,27,120.0,277.08986666666664,14.261211593233677,False,8948eb82d7bffff,1.0,True,1.0,1.0,,False,False
40232001208,McCray Elementary School,COOLIDGE,Pinal County,32,32.981401,-111.524793,2024-2025,228.0,27,120.0,277.08986666666664,14.136126573006791,False,8948eb82d6bffff,1.0,True,1.0,1.0,,False,False
40232001534,Coolidge Jr. High School,COOLIDGE,Pinal County,32,32.98488,-111.533291,2024-2025,230.0,28,129.0,264.210519379845,13.292919349350273,False,8948eb8299bffff,1.0,True,1.0,1.0,,False,False
40232002800,Heartland Ranch Elementary School,COOLIDGE,Pinal County,41,32.982591,-111.547297,2024-2025,269.0,17,77.0,311.13858441558443,12.045890488923762,True,8948eb95a53ffff,1.0,True,1.0,1.0,,False,False
40232003449,Coolidge Alternative Program,COOLIDGE,Pinal County,32,32.982239,-111.524361,2024-2025,232.0,26,118.0,276.3964830508475,14.160845163986876,False,8948eb82d6bffff,1.0,True,1.0,1.0,,False,False
40232003746,Coolidge Virtual Academy,COOLIDGE,Pinal County,32,32.982239,-111.524361,2024-2025,232.0,26,118.0,276.3964830508475,14.160845163986876,False,8948eb82d6bffff,1.0,True,1.0,1.0,,False,False
40237000165,Oak Creek Elementary School,Cornville,Yavapai County,42,34.7401,-111.9019,2024-2025,274.0,3,4.0,84.99575,19.76007998248468,True,8929b2d8157ffff,0.0,True,0.9467455621301775,0.05325443786982249,,False,False
40237000166,Cottonwood Education Services,COTTONWOOD,Yavapai County,32,34.7421,-112.0268,2024-2025,226.0,32,157.0,231.82082165605092,8.41272835064002,False,8929b2c35d3ffff,1.0,True,1.0,1.0,,False,False
40237003241,Mountain View Preparatory School,COTTONWOOD,Yavapai County,41,34.697387,-111.993131,2024-2025,188.0,18,120.0,136.700075,11.346960328368356,True,8929b2d1e4bffff,1.0,True,1.0,0.9940828402366864,,False,False
40237003299,Arizona iZone Institute,COTTONWOOD,Yavapai County,32,34.740186,-112.026528,2024-2025,216.0,33,158.0,234.295917721519,8.47889723768976,False,8929b2d1b6bffff,1.0,True,1.0,1.0,,False,False
40237003612,Dr Daniel Bright Elementary School,COTTONWOOD,Yavapai County,32,34.713065,-112.028755,2024-2025,262.0,16,57.0,268.01915789473685,8.16565107098628,False,8929b2d1863ffff,1.0,True,1.0,0.9940828402366864,,False,False
40237003619,Cottonwood Community School,COTTONWOOD,Yavapai County,32,34.740523,-112.023858,2024-2025,203.0,32,157.0,235.65968789808915,8.710155015153394,False,8929b2d1b6bffff,1.0,True,1.0,1.0,,False,False
40240000014,Crane Middle School,YUMA,Yuma County,12,32.6705,-114.675,2024-2025,445.0,16,57.0,279.31035087719295,4.839783397999141,False,89485bc58bbffff,1.0,True,1.0,1.0,,False,False
40240000017,H L Suverkrup Elementary School,YUMA,Yuma County,12,32.699209,-114.669082,2024-2025,273.0,34,202.0,331.5005198019802,2.103478792416925,False,89485bc5b0fffff,1.0,True,1.0,1.0,,False,False
40240000036,Ronald Reagan Fundamental School,YUMA,Yuma County,12,32.6997,-114.6583,2024-2025,287.0,41,229.0,324.8845982532751,2.844237434472844,False,89485bc5b4fffff,1.0,True,1.0,1.0,,False,False
40240000037,Valley Horizon Elementary School,YUMA,Yuma County,12,32.69,-114.6771,2024-2025,335.0,26,113.0,343.267,2.676669541700578,False,89485bc5b87ffff,1.0,True,1.0,1.0,,False,False
40240000171,Pueblo Elementary School,YUMA,Yuma County,12,32.6905,-114.6555,2024-2025,289.0,36,186.0,356.2371666666667,3.470934417290193,False,89485bc5a37ffff,1.0,True,1.0,1.0,,False,False
40240001976,Centennial Middle School,YUMA,Yuma County,12,32.6924,-114.6538,2024-2025,304.0,38,207.0,332.19987439613533,3.2103151884455383,False,89485bc5a27ffff,1.0,True,1.0,1.0,,False,False
40240002424,Gary A. Knox Elementary School,YUMA,Yuma County,12,32.6744,-114.6471,2024-2025,291.0,30,236.0,277.7658474576271,3.89945164926256,False,89485bc5a83ffff,1.0,True,1.0,1.0,,False,False
40240002425,Salida Del Sol Elementary,YUMA,Yuma County,12,32.710654,-114.669789,2024-2025,174.0,27,168.0,334.1428095238095,1.363218522140479,False,89485b1b59bffff,1.0,True,1.0,1.0,,False,False
40240002779,Mesquite Elementary,Yuma,Yuma County,12,32.6756,-114.6744,2024-2025,421.0,20,71.0,286.1727746478873,4.293869223977756,False,89485bc5833ffff,1.0,True,1.0,1.0,,False,False
40240002882,Great Beginnings Pre-School,YUMA,Yuma County,12,32.710654,-114.669789,2024-2025,175.0,27,168.0,334.1428095238095,1.363218522140479,False,89485b1b59bffff,1.0,True,1.0,1.0,,False,False
40240003323,Gowan Science Academy,YUMA,Yuma County,12,32.708835,-114.669643,2024-2025,184.0,31,178.0,337.97699438202244,1.4344305738410503,False,89485b1b59bffff,1.0,True,1.0,1.0,,False,False
40240003521,Crane iLearning Academy,YUMA,Yuma County,12,32.699209,-114.669082,2024-2025,273.0,34,202.0,331.5005198019802,2.103478792416925,False,89485bc5b0fffff,1.0,True,1.0,1.0,,False,False
40243000174,The Creighton Academy,Phoenix,Maricopa County,11,33.4663,-112.0213,2024-2025,125.0,47,641.0,320.72691419656786,8.368773210986834,False,8929b6d3243ffff,1.0,True,1.0,1.0,,False,False
40243000176,Larry C Kennedy School,PHOENIX,Maricopa County,11,33.488038,-112.02236,2024-2025,365.0,46,381.0,246.82346456692915,9.73611587048883,False,8929b6d1457ffff,1.0,True,1.0,1.0,,False,False
40243000177,Loma Linda Elementary School,PHOENIX,Maricopa County,11,33.4917,-112.0375,2024-2025,144.0,47,804.0,279.47494154228855,8.320656272876638,False,8929b6d1433ffff,1.0,True,1.0,1.0,,False,False
40243000178,Monte Vista Elementary School,PHOENIX,Maricopa County,11,33.4873,-112.0056,2024-2025,227.0,47,500.0,317.398418,11.113976147311067,False,8948eba4967ffff,1.0,True,1.0,1.0,,False,False
40243000179,Papago School,PHOENIX,Maricopa County,11,33.4707,-112.003464,2024-2025,169.0,46,688.0,288.8262107558139,9.802335626208356,False,8948eba49c7ffff,1.0,True,1.0,1.0,,False,False
40243000180,Biltmore Preparatory Academy,PHOENIX,Maricopa County,11,33.505633,-112.009061,2024-2025,769.0,39,283.0,331.37769257950526,10.111884210664028,False,8929b6d1623ffff,1.0,True,1.0,1.0,,False,False
40243000181,William T Machan Elementary School,PHOENIX,Maricopa County,11,33.4772,-112.0356,2024-2025,221.0,41,503.0,354.84282504970184,8.737202057911153,False,8929b6d1497ffff,1.0,True,1.0,1.0,,False,False
40243001704,Gateway School,PHOENIX,Maricopa County,11,33.4614,-112.0069,2024-2025,136.0,48,693.0,258.5207575757576,8.838025456060207,False,8948eba4d67ffff,1.0,True,1.0,1.0,,False,False
40243001998,Compass Center,PHOENIX,Maricopa County,11,33.4902,-112.0226,2024-2025,342.0,47,366.0,274.7278114754098,9.60029080088489,False,8929b6d1447ffff,1.0,True,1.0,1.0,,False,False
40243001999,Excelencia School,PHOENIX,Maricopa County,11,33.464582,-112.035399,2024-2025,135.0,46,729.0,564.5290891632374,7.495178805686272,False,8929b6d32abffff,1.0,True,1.0,1.0,,False,False
40243003743,Creighton Virtual Academy,PHOENIX,Maricopa County,11,33.464582,-112.035399,2024-2025,125.0,46,729.0,564.5290891632374,7.495178805686272,False,8929b6d32abffff,1.0,True,1.0,1.0,,False,False
40246000182,Crown King Elementary School,Crown King,Yavapai County,42,34.207523,-112.339166,2024-2025,252.0,6,13.0,124.83476923076924,2.6819751516910597,True,8929b672ca7ffff,1.0,True,0.9585798816568047,0.6568047337278107,,False,False
40248001210,Dan Hinton Accommodation School,Pima,Graham County,41,32.889743,-109.824169,2024-2025,237.0,10,47.0,97.0678936170213,2.1269588919198843,True,8948ea09397ffff,1.0,True,1.0,1.0,,False,False
40249000183,Double Adobe Elementary School,McNeal,Cochise County,43,31.467643,-109.696997,2024-2025,196.0,2,3.0,75.56,21.24378482845731,True,8948eecd2c7ffff,1.0,True,1.0,0.9644970414201184,,False,False
40253000184,Early Learning Center,DOUGLAS,Cochise County,33,31.35,-109.5447,2024-2025,166.0,27,157.0,202.5398152866242,3.0067713669679343,False,8948eec945bffff,1.0,True,0.8816568047337278,0.8816568047337278,,False,False
40253000185,Paul H Huber Jr High School,DOUGLAS,Cochise County,33,31.3516,-109.5293,2024-2025,176.0,22,138.0,163.07421014492758,1.5672553540552003,False,8948eec96c3ffff,1.0,True,0.9644970414201184,0.9644970414201184,,False,False
40253000186,Clawson School,DOUGLAS,Cochise County,33,31.3409,-109.5432,2024-2025,170.0,26,150.0,212.85678666666664,3.303235073202392,False,8948e334933ffff,1.0,True,0.6627218934911243,0.6627218934911243,,False,False
40253000187,Douglas High School,DOUGLAS,Cochise County,33,31.350296,-109.538416,2024-2025,168.0,27,148.0,191.52502702702705,2.4269845574458118,False,8948eec9683ffff,1.0,True,0.9408284023668639,0.9408284023668639,,False,False
40253000190,Joe Carlson Elementary School,DOUGLAS,Cochise County,33,31.3525,-109.5361,2024-2025,168.0,25,130.0,199.7810384615385,2.145821697065422,False,8948eec968bffff,1.0,True,0.9644970414201184,0.9644970414201184,,False,False
40253000191,Faras Elementary School,Pirtleville,Cochise County,33,31.3608,-109.5691,2024-2025,169.0,6,59.0,155.78454237288136,5.224987029196306,False,8948eec955bffff,1.0,True,1.0,0.9940828402366864,,False,False
40253000192,Sarah Marley School,DOUGLAS,Cochise County,33,31.3411,-109.5503,2024-2025,169.0,25,142.0,223.11658450704223,3.8724428720388095,False,8948eec94dbffff,1.0,True,0.6686390532544378,0.6686390532544378,,False,False
40253000193,Stevenson Elementary School,DOUGLAS,Cochise County,33,31.3459,-109.5263,2024-2025,178.0,19,126.0,162.31784920634922,1.7122070586462994,False,8948e334bb7ffff,1.0,True,0.7751479289940828,0.7751479289940828,,False,False
40253000194,Ray Borane Middle School,DOUGLAS,Cochise County,33,31.3471,-109.5492,2024-2025,163.0,26,144.0,223.16070833333333,3.5109571466990275,False,8948eec9453ffff,1.0,True,0.8461538461538461,0.8461538461538461,,False,False
40253001291,Maryvale School,Douglas,Cochise County,33,31.34618,-109.524502,2024-2025,178.0,19,126.0,162.31784920634922,1.5782807131804253,False,8948e334bb7ffff,1.0,True,0.7751479289940828,0.7751479289940828,,False,False
40253003801,DUSD Online Academy,DOUGLAS,Cochise County,33,31.349997,-109.536327,2024-2025,,24,130.0,204.84480769230768,2.251958250929988,False,8948eec969bffff,1.0,True,0.9112426035502958,0.9112426035502958,,False,False
40260000195,Duncan Elementary,Duncan,Greenlee County,43,32.7474,-109.0868,2024-2025,181.0,2,2.0,208.107,3.885980119615504,True,8948c192a8bffff,1.0,True,1.0,0.9349112426035503,,False,False
40260000196,Duncan High School,Duncan,Greenlee County,43,32.724252,-109.109818,2024-2025,174.0,5,43.0,435.6339767441861,1.0375443499290158,True,8948c192c73ffff,1.0,True,1.0,0.9940828402366864,,False,False
40260001292,Duncan Primary,Duncan,Greenlee County,43,32.7459,-109.087,2024-2025,180.0,2,2.0,208.107,3.728020390980559,True,8948c192a83ffff,1.0,True,1.0,0.9644970414201184,,False,False
40269000197,Dysart Middle School,EL MIRAGE,Maricopa County,21,33.588,-112.3386,2024-2025,240.0,24,90.0,235.20597777777775,9.088878930907756,False,8929b6d6bd3ffff,1.0,True,1.0,1.0,,False,False
40269000198,Dysart High School,EL MIRAGE,Maricopa County,21,33.5903,-112.3395,2024-2025,237.0,29,84.0,297.0489642857143,8.96440405811212,False,8929b6d6bd3ffff,1.0,True,1.0,1.0,,False,False
40269000199,El Mirage Elementary School,EL MIRAGE,Maricopa County,21,33.6063,-112.3259,2024-2025,224.0,38,311.0,274.96775884244374,10.12807997281359,False,8929b6d4c8fffff,1.0,True,1.0,1.0,,False,False
40269000200,Luke Elementary School,GLENDALE,Maricopa County,21,33.5417,-112.3422,2024-2025,343.0,29,140.0,417.5019214285714,10.951376311309712,False,8929b6d6cd3ffff,1.0,True,1.0,1.0,,False,False
40269000201,Surprise Elementary School,EL MIRAGE,Maricopa County,21,33.621359,-112.337654,2024-2025,211.0,37,345.0,288.5185420289855,9.269639977155531,False,8929b6d4d57ffff,1.0,True,1.0,1.0,,False,False
40269001462,Kingswood Elementary School,SURPRISE,Maricopa County,21,33.6417,-112.3869,2024-2025,285.0,35,230.0,313.89505652173904,6.240662372283096,False,8929b68b3cfffff,1.0,True,1.0,1.0,,False,False
40269002126,West Point Elementary School,SURPRISE,Maricopa County,21,33.6248,-112.3555,2024-2025,286.0,40,310.0,276.7283193548387,7.781883548961062,False,8929b6d4dafffff,1.0,True,1.0,1.0,,False,False
40269002340,Countryside Elementary School,Surprise,Maricopa County,21,33.621072,-112.388429,2024-2025,353.0,41,185.0,316.57794054054057,4.79419668319398,False,8929b68b0cfffff,1.0,True,1.0,1.0,,False,False
40269002401,Marley Park Elementary,SURPRISE,Maricopa County,21,33.6041,-112.3831,2024-2025,369.0,33,143.0,311.4895664335664,4.825221209285191,False,8929b68b44fffff,1.0,True,1.0,1.0,,False,False
40269002402,Thompson Ranch Elementary,EL MIRAGE,Maricopa County,21,33.6172,-112.3136,2024-2025,215.0,30,404.0,211.0473415841584,11.375406864590762,False,8929b6d4c7bffff,1.0,True,1.0,1.0,,False,False
40269002481,Sunset Hills Elementary,SURPRISE,Maricopa County,21,33.6199,-112.4421,2024-2025,314.0,32,191.0,449.3170890052356,2.035611767018794,False,8929b68a213ffff,1.0,True,1.0,1.0,,False,False
40269002482,Rancho Gabriela,SURPRISE,Maricopa County,21,33.5877,-112.3878,2024-2025,355.0,29,127.0,383.1389606299212,4.686777253877047,False,8929b699a6bffff,1.0,True,1.0,1.0,,False,False
40269002649,Sonoran Heights Middle School,SURPRISE,Maricopa County,21,33.588119,-112.400198,2024-2025,351.0,29,190.0,255.87562631578948,3.613471092633328,False,8929b68b493ffff,1.0,True,1.0,1.0,,False,False
40269002679,Western Peaks Elementary,SURPRISE,Maricopa County,21,33.6293,-112.4482,2024-2025,340.0,36,198.0,466.3044797979799,3.2122739483291087,False,8929b68a23bffff,1.0,True,1.0,1.0,,False,False
40269002684,Valley Vista High School,SURPRISE,Maricopa County,21,33.625379,-112.386109,2024-2025,345.0,40,196.0,311.34694897959184,5.205150036707444,False,8929b68b047ffff,1.0,True,1.0,1.0,,False,False
40269002780,Mountain View,WADDELL,Maricopa County,21,33.577272,-112.450561,2024-2025,376.0,24,136.0,180.9854338235294,3.149591820145579,False,8929b6999abffff,1.0,True,1.0,1.0,,False,False
40269002837,Canyon Ridge School,SURPRISE,Maricopa County,21,33.6332,-112.4322,2024-2025,383.0,42,443.0,392.6511670428894,3.4216406709832743,False,8929b68b1b7ffff,1.0,True,1.0,1.0,,False,False
40269002907,Riverview School,EL MIRAGE,Maricopa County,21,33.59897,-112.31166,2024-2025,209.0,32,301.0,246.73575415282392,11.445508559406449,False,8929b6d41a7ffff,1.0,True,1.0,1.0,,False,False
40269002971,Shadow Ridge High School,SURPRISE,Maricopa County,41,33.583825,-112.459294,2024-2025,394.0,16,121.0,186.8305123966942,3.052728612521851,True,8929b68a4cbffff,1.0,True,1.0,1.0,,False,False
40269003124,Ashton Ranch Middle School,SURPRISE,Maricopa County,21,33.6167,-112.38,2024-2025,346.0,39,184.0,294.4385760869565,5.346310042192378,False,8929b68b637ffff,1.0,True,1.0,1.0,,False,False
40269003125,Cimarron Springs Middle School,SURPRISE,Maricopa County,21,33.6275,-112.4256,2024-2025,319.0,38,189.0,287.25254497354496,2.9146717755730425,False,8929b68b187ffff,1.0,True,1.0,1.0,,False,False
40269003126,Willow Canyon High School,SURPRISE,Maricopa County,21,33.6343,-112.4447,2024-2025,356.0,41,246.0,413.5652398373984,3.64152597311536,False,8929b68a267ffff,1.0,True,1.0,1.0,,False,False
40269003193,Dysart iSchool,SURPRISE,Maricopa County,21,33.627751,-112.383868,2024-2025,333.0,42,191.0,299.75770157068064,5.5164679677799215,False,8929b68b04fffff,1.0,True,1.0,1.0,,False,False
40269003656,Freedom Traditional Academy,SURPRISE,Maricopa County,21,33.63015,-112.384071,2024-2025,323.0,38,174.0,298.27504022988506,5.640927185855375,False,8929b68b2b7ffff,1.0,True,1.0,1.0,,False,False
40269003657,Asante Preparatory Academy,SURPRISE,Maricopa County,41,33.695194,-112.417959,2024-2025,324.0,26,162.0,387.9439012345679,10.426396779696312,True,8929b689c9bffff,1.0,True,1.0,1.0,,False,False
40274000203,Mary C  O'Brien Elementary School,CASA GRANDE,Pinal County,42,32.891806,-111.567745,2024-2025,201.0,5,39.0,183.63646153846156,15.089993968405745,True,8948eb973abffff,1.0,True,1.0,1.0,,False,False
40274001625,Villa Oasis Interscholastic Center For Education (voice),ELOY,Pinal County,41,32.789154,-111.619972,2024-2025,163.0,12,110.0,90.48176363636364,4.519803108275503,True,8948e82dd87ffff,1.0,True,1.0,1.0,,False,False
40276000204,Elfrida Elementary School,ELFRIDA,Cochise County,43,31.685778,-109.680276,2024-2025,209.0,5,10.0,208.19169999999997,31.9970538862955,True,8948ee42857ffff,1.0,True,1.0,1.0,,False,False
40279000207,Curiel School,Eloy,Pinal County,42,32.759669,-111.560205,2024-2025,169.0,10,164.0,191.13132926829263,4.805635186464895,True,8948e82d56bffff,1.0,True,1.0,1.0,,False,False
40279000209,Eloy Junior High School,ELOY,Pinal County,42,32.7567,-111.5485,2024-2025,171.0,10,186.0,178.08302688172043,5.819133461324445,True,8948e82d0bbffff,1.0,True,1.0,1.0,,False,False
40279001060,Eloy Intermediate School,Eloy,Pinal County,42,32.759833,-111.548225,2024-2025,172.0,9,162.0,185.29880864197528,5.903226501706201,True,8948e82d0abffff,1.0,True,1.0,1.0,,False,False
40286000211,Neil V Christensen School - Closed,FLAGSTAFF,Coconino County,13,35.2262,-111.5849,2024-2025,360.0,30,320.0,377.25545,2.892841879312187,False,8948c996b73ffff,1.0,True,1.0,1.0,,False,False
40286000212,Coconino High School,FLAGSTAFF,Coconino County,13,35.216,-111.6235,2024-2025,336.0,34,216.0,274.63707407407406,3.109597614087602,False,8948c996937ffff,1.0,True,1.0,1.0,,False,False
40286000214,Mount Elden Middle School,FLAGSTAFF,Coconino County,13,35.2187,-111.6139,2024-2025,328.0,33,242.0,271.54117355371903,2.595692954714726,False,8948c996977ffff,1.0,True,1.0,1.0,,False,False
40286000215,Flagstaff High School,FLAGSTAFF,Coconino County,13,35.2044,-111.6517,2024-2025,367.0,36,405.0,407.3849037037038,5.593199839749171,False,8929b259a37ffff,1.0,True,1.0,1.0,,False,False
40286000217,W F Killip Elementary School,FLAGSTAFF,Coconino County,13,35.211682,-111.61568,2024-2025,229.0,45,370.0,303.7045324324324,3.390723942499358,False,8948c996903ffff,1.0,True,1.0,1.0,,False,False
40286000218,Lura Kinsey Elementary School,FLAGSTAFF,Coconino County,13,35.1805,-111.649,2024-2025,178.0,35,542.0,423.3936125461255,7.66639881615252,False,8929b259e33ffff,1.0,True,1.0,1.0,,False,False
40286000219,Leupp Public School,FLAGSTAFF,Coconino County,43,35.294551,-111.009161,2024-2025,204.0,1,1.0,59.354,19.59353810898668,True,8948c9d410fffff,1.0,True,1.0,1.0,Navajo Nation,True,False
40286000220,Eva Marshall Elementary School,FLAGSTAFF,Coconino County,13,35.2072,-111.6517,2024-2025,425.0,32,304.0,412.6146414473684,5.364770263230525,False,8929b259bcbffff,1.0,True,1.0,1.0,,False,False
40286000222,Charles W Sechrist Elementary School,FLAGSTAFF,Coconino County,41,35.2229,-111.6539,2024-2025,582.0,20,99.0,517.8711414141413,4.456894138368233,True,8929b24b4a7ffff,1.0,True,1.0,1.0,,False,False
40286000224,South Beaver Elementary School - Closed,FLAGSTAFF,Coconino County,13,35.1922,-111.6525,2024-2025,212.0,44,628.0,406.2356608280255,6.708157431926484,False,8929b25984bffff,1.0,True,1.0,1.0,,False,False
40286000225,John Q Thomas Elementary School,FLAGSTAFF,Coconino County,13,35.2188,-111.5993,2024-2025,323.0,35,305.0,436.33328852459016,2.753145392847873,False,8948c996bb3ffff,1.0,True,1.0,1.0,,False,False
40286001157,Renaissance Magnet Middle School - Closed,FLAGSTAFF,Coconino County,13,35.2187,-111.6139,2024-2025,328.0,33,242.0,271.54117355371903,2.595692954714726,False,8948c996977ffff,1.0,True,1.0,1.0,,False,False
40286001158,Summit High School,FLAGSTAFF,Coconino County,13,35.226189,-111.584919,2024-2025,360.0,30,320.0,377.25545,2.8922010577337285,False,8948c996b73ffff,1.0,True,1.0,1.0,,False,False
40286001363,Thomas M Knoles Elementary School,FLAGSTAFF,Coconino County,13,35.1933,-111.6,2024-2025,268.0,26,355.0,271.04894647887323,5.480735673512626,False,8948c9968b3ffff,1.0,True,1.0,1.0,,False,False
40286001364,Sturgeon Cromer Elementary School,FLAGSTAFF,Coconino County,23,35.2688,-111.5221,2024-2025,425.0,10,11.0,290.42327272727266,8.55330017288454,False,8948c994a5bffff,1.0,True,1.0,0.9822485207100592,,False,False
40286001463,Manuel DeMiguel Elementary School,FLAGSTAFF,Coconino County,13,35.167845,-111.681259,2024-2025,597.0,27,202.0,312.987301980198,10.438446197227243,False,8929b259ddbffff,1.0,True,1.0,0.9940828402366864,,False,False
40286001464,Sinagua High School - Closed,FLAGSTAFF,Coconino County,13,35.195767,-111.603313,2024-2025,253.0,30,284.0,339.7398661971831,5.164954360540443,False,8948c9968b7ffff,1.0,True,1.0,1.0,,False,False
40286002097,Weitzel's Puente de Hozho Bilingual Magnet School,FLAGSTAFF,Coconino County,13,35.2205,-111.614,2024-2025,360.0,31,228.0,275.4502807017544,2.3984809525489634,False,8948c996967ffff,1.0,True,1.0,1.0,,False,False
40286002961,Sinagua Middle School,FLAGSTAFF,Coconino County,13,35.195767,-111.603313,2024-2025,254.0,30,284.0,339.7398661971831,5.164954360540443,False,8948c9968b7ffff,1.0,True,1.0,1.0,,False,False
40286003506,Northern Arizona Distance Learning,FLAGSTAFF,Coconino County,13,35.226189,-111.584919,2024-2025,360.0,30,320.0,377.25545,2.8922010577337285,False,8948c996b73ffff,1.0,True,1.0,1.0,,False,False
40286003597,Continental Project,FLAGSTAFF,Coconino County,13,35.202585,-111.580019,2024-2025,362.0,31,807.0,161.93597521685254,5.16295357821278,False,8948c996847ffff,1.0,True,1.0,1.0,,False,False
40292000227,Florence K-8,Florence,Pinal County,31,33.027582,-111.383999,2024-2025,178.0,24,134.0,349.4000820895522,0.7761853446275959,False,8948eb81167ffff,1.0,True,1.0,1.0,,False,False
40292000228,Florence High School,FLORENCE,Pinal County,41,33.022553,-111.38846,2024-2025,168.0,23,120.0,349.67294166666665,0.8841190630656234,True,8948eb81123ffff,1.0,True,1.0,1.0,,False,False
40292002210,Walker Butte Middle School,San Tan Valley,Pinal County,21,33.148895,-111.554952,2024-2025,238.0,30,192.0,377.4973906249999,8.434954098291936,False,8948eb85a17ffff,1.0,True,1.0,1.0,,False,False
40292002436,Copper Basin,San Tan Valley,Pinal County,21,33.137611,-111.527889,2024-2025,279.0,17,55.0,342.7920545454545,9.032847437949046,False,8948eb8ed07ffff,1.0,True,1.0,1.0,,False,False
40292002559,Skyline Ranch Elementary School,San Tan Valley,Pinal County,21,33.185655,-111.578653,2024-2025,316.0,33,132.0,270.8412348484848,3.9107001406645288,False,8948ebbb5abffff,1.0,True,1.0,1.0,,False,False
40292002637,Anthem Elementary School,Florence,Pinal County,31,33.057906,-111.475275,2024-2025,343.0,25,192.0,359.1563125,9.822211764879029,False,8948eb80bd7ffff,1.0,True,1.0,1.0,,False,False
40292002862,Circle Cross K8 STEM Academy,San Tan Valley,Pinal County,21,33.204219,-111.571134,2024-2025,373.0,32,147.0,313.190306122449,2.2265208623764985,False,8948ebbb113ffff,1.0,True,1.0,1.0,,False,False
40292002893,Magma Ranch K8 School,Florence,Pinal County,41,33.153688,-111.44805,2024-2025,261.0,10,21.0,329.46614285714287,9.268188234053987,True,8948eb8c573ffff,1.0,True,1.0,1.0,,False,False
40292002896,San Tan Foothills High School,QUEEN CREEK,Pinal County,41,33.13943,-111.579667,2024-2025,320.0,14,35.0,180.83122857142857,9.017199713305418,True,8948eb85807ffff,1.0,True,1.0,0.9822485207100592,,False,False
40292002972,Poston Butte High School,San Tan Valley,Pinal County,41,33.173132,-111.544316,2024-2025,331.0,15,76.0,120.11107894736844,5.808165479890692,True,8948ebbb40bffff,1.0,True,1.0,1.0,,False,False
40292002987,Summit School,Florence,Pinal County,31,33.028684,-111.384805,2024-2025,180.0,23,112.0,333.7730892857143,0.9193901578466754,False,8948eb81e93ffff,1.0,True,1.0,1.0,,False,False
40292003079,San Tan Heights Elementary,San Tan Valley,Pinal County,21,33.178481,-111.59362,2024-2025,231.0,35,120.0,199.46386666666663,4.724572642177674,False,8948ebba673ffff,1.0,True,1.0,1.0,,False,False
40292003195,Florence Virtual Academy,Florence,Pinal County,31,33.028684,-111.384805,2024-2025,180.0,23,112.0,333.7730892857143,0.9193901578466754,False,8948eb81e93ffff,1.0,True,1.0,1.0,,False,False
40292003389,Mountain Vista Academy,Florence,Pinal County,21,33.151587,-111.557133,2024-2025,308.0,32,203.0,378.7394679802956,8.085492935049873,False,8948eb85a33ffff,1.0,True,1.0,1.0,,False,False
40292003784,Early Childhood Learning Center,SAN TAN VLY,Pinal County,21,33.151587,-111.557133,2024-2025,238.0,32,203.0,378.7394679802956,8.085492935049873,False,8948eb85a33ffff,1.0,True,1.0,1.0,,False,False
40301000231,Flowing Wells High School,TUCSON,Pima County,11,32.274461,-110.996476,2024-2025,130.0,40,956.0,531.8634320083681,4.752221474603148,False,8948e854c6fffff,1.0,True,1.0,1.0,,False,False
40301000232,Flowing Wells Junior High School,TUCSON,Pima County,21,32.2898,-111.0132,2024-2025,179.0,40,273.0,320.3585567765568,7.042084606133537,False,8948e8549dbffff,1.0,True,1.0,1.0,,False,False
40301000233,Homer Davis Elementary School,TUCSON,Pima County,21,32.2846,-111.0025,2024-2025,167.0,41,431.0,318.37417169373543,6.010396855879221,False,8948e854817ffff,1.0,True,1.0,1.0,,False,False
40301000236,Laguna Elementary School,TUCSON,Pima County,21,32.2988,-111.0302,2024-2025,183.0,29,159.0,292.97059119496856,8.810503674890434,False,8948e8549abffff,1.0,True,1.0,1.0,,False,False
40301000237,Douglas Elementary School,TUCSON,Pima County,11,32.2673,-110.9946,2024-2025,127.0,41,440.0,298.2343568181818,3.989725660564363,False,8948e854c73ffff,1.0,True,1.0,1.0,,False,False
40301001000,J Robert Hendricks Elementary School,TUCSON,Pima County,21,32.3243,-111.0382,2024-2025,201.0,31,370.0,247.3617864864865,11.173748819284866,False,8948e8090d3ffff,1.0,True,1.0,1.0,,False,False
40301001033,Robert Richardson Elementary School,TUCSON,Pima County,21,32.3315,-111.0388,2024-2025,257.0,33,416.0,268.11705048076925,11.752598164910133,False,8948e8090cfffff,1.0,True,1.0,1.0,,False,False
40301001489,Centennial Elementary School,TUCSON,Pima County,21,32.2878,-111.0138,2024-2025,176.0,38,259.0,318.5175328185328,6.894868920787431,False,8948e8549d3ffff,1.0,True,1.0,1.0,,False,False
40301001611,Sentinel Peak High School,TUCSON,Pima County,21,32.336013,-111.052251,2024-2025,271.0,33,429.0,279.02319114219114,10.563064757028584,False,8948e8090abffff,1.0,True,1.0,1.0,,False,False
40301002065,Emily Meschter Early Learning Center,TUCSON,Pima County,21,32.291164,-111.012457,2024-2025,182.0,43,335.0,354.6526895522388,7.127392348168942,False,8948e8549dbffff,1.0,True,1.0,1.0,,False,False
40301003331,Flowing Wells Digital Campus,TUCSON,Pima County,21,32.335858,-111.053599,2024-2025,130.0,34,431.0,280.2461415313225,10.46788420060296,False,8948e8090abffff,1.0,True,1.0,1.0,,False,False
40304000038,Fountain Hills High School,FOUNTAIN HILLS,Maricopa County,21,33.6165,-111.7344,2024-2025,669.0,30,350.0,413.93727999999993,4.029643106400157,False,8948eb37187ffff,1.0,True,1.0,1.0,,False,False
40304000639,Fountain Hills Middle School,FOUNTAIN HLS,Maricopa County,21,33.615064,-111.736342,2024-2025,576.0,33,355.0,405.4975971830985,3.792899277330197,False,8948eb37197ffff,1.0,True,1.0,1.0,,False,False
40304001296,McDowell Mountain Elementary School,FOUNTAIN HLS,Maricopa County,41,33.627356,-111.719693,2024-2025,633.0,17,214.0,402.4255794392524,5.830861377798992,True,8948eb37147ffff,1.0,True,1.0,1.0,,False,False
40304003240,Fountain Hills Virtual Academy,FOUNTAIN HILLS,Maricopa County,21,33.614897,-111.735498,2024-2025,672.0,32,354.0,406.5319152542372,3.827026877801055,False,8948eb37197ffff,1.0,True,1.0,1.0,,False,False
40304003856,Little Falcons Preschool,FOUNTAIN HLS,Maricopa County,21,33.620247,-111.728111,2024-2025,,30,443.0,398.883164785553,4.722549893320972,False,8948eb37113ffff,1.0,True,1.0,1.0,,False,False
40306000240,Fowler Elementary School,PHOENIX,Maricopa County,11,33.451,-112.2045,2024-2025,154.0,37,306.0,222.83635947712412,2.2537352880707187,False,8948e96d38fffff,1.0,True,1.0,1.0,,False,False
40306000679,Santa Maria Middle School,PHOENIX,Maricopa County,11,33.4238,-112.2158,2024-2025,211.0,36,295.0,283.65165423728814,3.18380820083304,False,8948e96d54bffff,1.0,True,1.0,1.0,,False,False
40306001159,Sunridge Elementary School,PHOENIX,Maricopa County,11,33.4594,-112.1943,2024-2025,144.0,41,335.0,166.61682985074626,3.3546310016242047,False,8948e96d347ffff,1.0,True,1.0,1.0,,False,False
40306002355,Sun Canyon School,PHOENIX,Maricopa County,11,33.4312,-112.2352,2024-2025,235.0,37,274.0,354.78960948905114,2.2064329579302675,False,8948e96d52fffff,1.0,True,1.0,1.0,,False,False
40306002495,Tuscano Elementary School,PHOENIX,Maricopa County,11,33.4147,-112.2322,2024-2025,242.0,26,261.0,297.759337164751,3.346973733476913,False,8948e96d58fffff,1.0,True,1.0,1.0,,False,False
40306003084,Western Valley Elementary School,PHOENIX,Maricopa County,11,33.4315,-112.1944,2024-2025,170.0,29,141.0,228.7156737588652,2.6775477275286863,False,8948e96d053ffff,1.0,True,1.0,1.0,,False,False
40306003085,Western Valley Middle School,PHOENIX,Maricopa County,11,33.4304,-112.1933,2024-2025,168.0,29,139.0,223.90708633093524,2.5469484549737493,False,8948e96d053ffff,1.0,True,1.0,1.0,,False,False
40306003696,Fowler Elementary School District Virtual Academy,PHOENIX,Maricopa County,11,33.431338,-112.193059,2024-2025,168.0,32,144.0,235.19040277777776,2.5530824792615574,False,8948e96d053ffff,1.0,True,1.0,1.0,,False,False
40308000241,Fredonia Elementary School,Fredonia,Coconino County,43,36.953547,-112.521242,2024-2025,245.0,2,4.0,119.388,1.0707259279650934,True,892990822b7ffff,1.0,True,1.0,0.9940828402366864,,False,False
40308000242,Fredonia High School,Fredonia,Coconino County,43,36.9519,-112.5211,2024-2025,245.0,2,4.0,119.388,0.8894217932163603,True,8929908204fffff,1.0,True,1.0,1.0,,False,False
40308000243,Moccasin Elementary School,Moccasin,Mohave County,43,36.909189,-112.760514,2024-2025,248.0,0,0.0,,21.53868238645666,True,89299096813ffff,0.0,True,0.650887573964497,0.04142011834319527,,False,True
40315000244,Colonel Johnston Elementary School,FORT HUACHUCA,Cochise County,13,31.5496,-110.3437,2024-2025,260.0,16,110.0,140.83565454545456,2.893145951393616,False,8948ee16ac3ffff,1.0,True,1.0,1.0,,False,False
40315000245,Colonel Smith Middle School,FORT HUACHUCA,Cochise County,13,31.554089,-110.337663,2024-2025,258.0,17,114.0,139.73901754385963,3.1042645873901957,False,8948ee16a5bffff,1.0,True,1.0,1.0,,False,False
40315000247,General Myer Elementary School,FORT HUACHUCA,Cochise County,13,31.551,-110.3513,2024-2025,262.0,18,112.0,151.14589285714283,2.173661762942642,False,8948ee16a13ffff,1.0,True,1.0,1.0,,False,False
40320000248,Fort Thomas Elementary School,Fort Thomas,Graham County,43,33.0342,-109.9646,2024-2025,185.0,1,1.0,97.117,4.947496877883848,True,8948ea7295bffff,1.0,True,1.0,0.9704142011834319,,False,False
40320000249,Fort Thomas High School,Fort Thomas,Graham County,43,33.03641,-109.96205,2024-2025,185.0,1,1.0,97.117,5.103142107150339,True,8948ea72b97ffff,1.0,True,1.0,0.9644970414201184,,False,False
40320002946,Mt. Turnbull Academy,BYLAS,Graham County,43,33.121509,-110.109599,2024-2025,124.0,1,2.0,39.7725,8.240964207348352,True,8948ea76aa3ffff,1.0,True,1.0,0.8816568047337278,San Carlos,True,False
40320003460,Mt. Turnbull Elementary School,Bylas,Graham County,43,33.077446,-110.134105,2024-2025,124.0,1,3.0,13.141,9.43717817458535,True,8948ea76c97ffff,1.0,True,1.0,0.7988165680473372,San Carlos,True,False
40324000250,Gadsden Elementary School,Gadsden,Yuma County,42,32.5552,-114.7833,2024-2025,196.0,3,3.0,480.1336666666666,6.387752824968159,True,89485b892a7ffff,1.0,True,0.8757396449704142,0.8757396449704142,,False,False
40324001101,San Luis Middle School,San Luis,Yuma County,32,32.4981,-114.7819,2024-2025,143.0,24,97.0,199.64221649484531,0.7313539308122771,False,89485b8b243ffff,1.0,True,0.7928994082840237,0.7928994082840237,,False,False
40324001108,San Luis Pre-School,San Luis,Yuma County,32,32.497298,-114.780815,2024-2025,141.0,25,98.0,199.67622448979589,0.628199465960332,False,89485b8b243ffff,1.0,True,0.7928994082840237,0.7928994082840237,,False,False
40324001213,Rio Colorado Elementary School,San Luis,Yuma County,32,32.497849,-114.781121,2024-2025,145.0,24,97.0,199.64221649484531,0.6919779321633716,False,89485b8b243ffff,1.0,True,0.7928994082840237,0.7928994082840237,,False,False
40324001806,Arizona Desert Elementary School,San Luis,Yuma County,32,32.5005,-114.781,2024-2025,146.0,24,98.0,199.97072448979597,0.9845545145268249,False,89485b8b24fffff,1.0,True,0.8520710059171598,0.8520710059171598,,False,False
40324002388,Southwest Jr. High School,San Luis,Yuma County,32,32.4955,-114.7597,2024-2025,179.0,18,47.0,211.31221276595747,1.976449323207564,False,89485bd48a7ffff,1.0,True,0.9112426035502958,0.9112426035502958,,False,False
40324002389,Ed Pastor Elementary 4,San Luis,Yuma County,32,32.4955,-114.7681,2024-2025,181.0,27,116.0,211.61402586206896,1.2190707787592117,False,89485bd499bffff,1.0,True,0.8816568047337278,0.8816568047337278,,False,False
40324003066,Cesar Chavez Elementary,San Luis,Yuma County,32,32.4983,-114.7535,2024-2025,183.0,15,38.0,214.1077105263158,2.617458158457505,False,89485bd48afffff,1.0,True,0.9585798816568047,0.9585798816568047,,False,False
40324003116,Desert View Elementary,San Luis,Yuma County,32,32.5052,-114.7534,2024-2025,191.0,12,30.0,232.26243333333332,2.9356921188293503,False,89485bd4827ffff,1.0,True,1.0,1.0,,False,False
40324003876,Gadsden Academy of Remote Learning,San Luis,Yuma County,32,32.494882,-114.768185,2024-2025,,27,116.0,211.61402586206896,1.1891745808885257,False,89485bd4d67ffff,1.0,True,0.8165680473372781,0.8165680473372781,,False,False
40329000251,Ganado Primary School,Ganado,Apache County,43,35.711061,-109.534355,2024-2025,137.0,4,10.0,41.8498,0.3675539566260725,True,8948cbd06bbffff,1.0,True,1.0,0.9289940828402367,Navajo Nation,True,False
40329000252,Ganado High School,Ganado,Apache County,43,35.751478,-109.630781,2024-2025,113.0,1,1.0,60.345,10.120813923918776,True,8948cbd0d97ffff,1.0,True,1.0,1.0,Navajo Nation,True,False
40329000253,Ganado Intermediate School,Ganado,Apache County,43,35.712532,-109.535857,2024-2025,138.0,4,10.0,41.8498,0.5794571621452342,True,8948cbd06a3ffff,1.0,True,1.0,0.9349112426035503,Navajo Nation,True,False
40329000254,Ganado Middle School,Ganado,Apache County,43,35.710678,-109.537839,2024-2025,137.0,4,10.0,41.8498,0.5836476034368505,True,8948cbd06a3ffff,1.0,True,1.0,0.9349112426035503,Navajo Nation,True,False
40331000255,Gila Bend Elementary,Gila Bend,Maricopa County,43,32.953213,-112.718666,2024-2025,126.0,8,48.0,202.69895833333337,3.6063005756521487,True,8948e906b23ffff,1.0,True,1.0,1.0,,False,False
40331000256,Gila Bend High School,Gila Bend,Maricopa County,43,32.953213,-112.718666,2024-2025,126.0,8,48.0,202.69895833333337,3.6063005756521487,True,8948e906b23ffff,1.0,True,1.0,1.0,,False,False
40340000246,Highland High School,GILBERT,Maricopa County,11,33.362921,-111.698268,2024-2025,350.0,39,290.0,298.9827379310345,3.1166909576255484,False,8948eba13a3ffff,1.0,True,1.0,1.0,,False,False
40340000257,Gilbert Elementary School,GILBERT,Maricopa County,11,33.3484,-111.7925,2024-2025,402.0,43,398.0,359.6391532663317,1.3810447688663474,False,8948eba013bffff,1.0,True,1.0,1.0,,False,False
40340000258,Gilbert High School,GILBERT,Maricopa County,11,33.3487,-111.7668,2024-2025,478.0,41,304.0,347.2994802631579,2.43104789001178,False,8948eba038fffff,1.0,True,1.0,1.0,,False,False
40340000260,Greenfield Elementary School,GILBERT,Maricopa County,11,33.350929,-111.735717,2024-2025,451.0,43,220.0,297.51262272727274,5.0442351150157565,False,8948eba0263ffff,1.0,True,1.0,1.0,,False,False
40340000261,Patterson Elementary School,GILBERT,Maricopa County,11,33.3639,-111.7642,2024-2025,357.0,45,411.0,316.2422335766424,2.676843432791582,False,8948eba0367ffff,1.0,True,1.0,1.0,,False,False
40340000265,Mesquite Elementary School,GILBERT,Maricopa County,11,33.3439,-111.7675,2024-2025,466.0,41,233.0,347.34030472103,2.11726014241788,False,8948eba0393ffff,1.0,True,1.0,1.0,,False,False
40340000594,Greenfield Junior High School,GILBERT,Maricopa County,11,33.3488,-111.7367,2024-2025,452.0,46,240.0,296.1790125,5.0016226050350525,False,8948eba0277ffff,1.0,True,1.0,1.0,,False,False
40340000595,Playa del Rey Elementary School,GILBERT,Maricopa County,11,33.3592,-111.8172,2024-2025,379.0,38,315.0,335.70342539682537,3.677351969242074,False,8948eba0c3bffff,1.0,True,1.0,1.0,,False,False
40340000596,Towne Meadows Elementary School,GILBERT,Maricopa County,11,33.3704,-111.704,2024-2025,351.0,38,338.0,302.3805059171597,2.247907242393727,False,8948eba1ecbffff,1.0,True,1.0,1.0,,False,False
40340000601,Sonoma Ranch Elementary School,GILBERT,Maricopa County,11,33.3618,-111.7499,2024-2025,458.0,42,336.0,329.4898095238096,3.3154115229625747,False,8948eba1cb3ffff,1.0,True,1.0,1.0,,False,False
40340000602,Superstition Springs Elementary,MESA,Maricopa County,11,33.3682,-111.6808,2024-2025,342.0,40,336.0,312.0231071428572,3.2621859267181947,False,8948eba1347ffff,1.0,True,1.0,1.0,,False,False
40340001064,Neely Traditional Academy,GILBERT,Maricopa County,11,33.372474,-111.781526,2024-2025,322.0,42,435.0,379.7353701149425,2.158773461941416,False,8948eba0e7bffff,1.0,True,1.0,1.0,,False,False
40340001191,Canyon Valley High School,GILBERT,Maricopa County,11,33.360199,-111.683244,2024-2025,,36,268.0,317.61451119402983,3.8683133578364046,False,8948eba13cfffff,1.0,True,1.0,1.0,,False,False
40340001192,Finley Farms Elementary,GILBERT,Maricopa County,11,33.3448,-111.7434,2024-2025,452.0,41,319.0,354.6011253918495,4.2887951183659,False,8948eba0207ffff,1.0,True,1.0,1.0,,False,False
40340001215,Pioneer Elementary School,GILBERT,Maricopa County,11,33.3769,-111.7382,2024-2025,414.0,42,344.0,385.798988372093,2.96330773584132,False,8948eba1c67ffff,1.0,True,1.0,1.0,,False,False
40340001216,Mesquite Jr High School,GILBERT,Maricopa County,11,33.345232,-111.793343,2024-2025,418.0,42,396.0,376.6905303030304,1.076806249120296,False,8948eba0107ffff,1.0,True,1.0,1.0,,False,False
40340001365,Islands Elementary School,GILBERT,Maricopa County,11,33.3451,-111.823317,2024-2025,379.0,46,446.0,287.9167421524664,2.6241565051802334,False,8948eba2b5bffff,1.0,True,1.0,1.0,,False,False
40340001366,Houston Elementary School,GILBERT,Maricopa County,11,33.372474,-111.781526,2024-2025,322.0,42,435.0,379.7353701149425,2.158773461941416,False,8948eba0e7bffff,1.0,True,1.0,1.0,,False,False
40340001401,Burk Elementary School,GILBERT,Maricopa County,11,33.359,-111.781,2024-2025,354.0,43,313.0,392.7098306709266,2.602328677334907,False,8948eba0ec3ffff,1.0,True,1.0,1.0,,False,False
40340001490,Val Vista Lakes Elementary School,GILBERT,Maricopa County,11,33.3704,-111.7552,2024-2025,373.0,42,447.0,365.1240134228188,2.2408121366357805,False,8948eba1dc3ffff,1.0,True,1.0,1.0,,False,False
40340001537,Harris Elementary School,MESA,Maricopa County,11,33.3817,-111.7985,2024-2025,310.0,45,394.0,422.2640482233501,2.975525817547449,False,8948eba084bffff,1.0,True,1.0,1.0,,False,False
40340001669,Highland Jr High School,MESA,Maricopa County,11,33.3637,-111.6842,2024-2025,328.0,37,295.0,302.83052203389826,3.4866514859796007,False,8948eba131bffff,1.0,True,1.0,1.0,,False,False
40340001670,Mesquite High School,GILBERT,Maricopa County,11,33.3406,-111.8255,2024-2025,311.0,46,508.0,272.64527755905505,2.0849958393331143,False,8948eba2b53ffff,1.0,True,1.0,1.0,,False,False
40340001838,Oak Tree Elementary,GILBERT,Maricopa County,11,33.3709,-111.8009,2024-2025,345.0,41,380.0,407.2539526315789,3.6435701395614615,False,8948eba08dbffff,1.0,True,1.0,1.0,,False,False
40340001839,Settlers Point Elementary,GILBERT,Maricopa County,11,33.3297,-111.7813,2024-2025,456.0,38,390.0,356.41150000000005,1.0031942770360096,False,8948eba056bffff,1.0,True,1.0,1.0,,False,False
40340001984,Carol Rae Ranch Elementary,GILBERT,Maricopa County,11,33.3714,-111.7106,2024-2025,394.0,37,280.0,285.0046821428571,2.2363509426873533,False,8948eba1ec7ffff,1.0,True,1.0,1.0,,False,False
40340001985,Boulder Creek Elementary,MESA,Maricopa County,11,33.3597,-111.6605,2024-2025,327.0,37,138.0,271.75378260869564,5.266541274982664,False,8948eba1263ffff,1.0,True,1.0,1.0,,False,False
40340001986,Ashland Elementary,GILBERT,Maricopa County,11,33.3146,-111.7638,2024-2025,486.0,37,471.0,275.4215690021232,3.3398590604526968,False,8948eba0477ffff,1.0,True,1.0,1.0,,False,False
40340002112,Desert Ridge Jr. High,MESA,Maricopa County,11,33.371,-111.6129,2024-2025,369.0,44,321.0,316.18885046728974,4.022619510455623,False,8948ebaa313ffff,1.0,True,1.0,1.0,,False,False
40340002114,Augusta Ranch Elementary,MESA,Maricopa County,11,33.3674,-111.6313,2024-2025,273.0,40,444.0,262.8257454954955,5.411261901043065,False,8948ebaa147ffff,1.0,True,1.0,1.0,,False,False
40340002283,Desert Ridge High,MESA,Maricopa County,11,33.3705,-111.6177,2024-2025,380.0,43,412.0,277.1285,4.320226629178479,False,8948ebaa38fffff,1.0,True,1.0,1.0,,False,False
40340002284,Canyon Rim Elementary,MESA,Maricopa County,11,33.3603,-111.6276,2024-2025,286.0,36,561.0,214.91326559714796,5.779308906465404,False,8948ebaa153ffff,1.0,True,1.0,1.0,,False,False
40340002432,South Valley Jr. High,GILBERT,Maricopa County,11,33.3127,-111.7747,2024-2025,491.0,42,317.0,284.5631388012618,2.933998509583037,False,8948eba0437ffff,1.0,True,1.0,1.0,,False,False
40340002476,Meridian,MESA,Maricopa County,11,33.3437,-111.5932,2024-2025,406.0,27,108.0,229.1225185185185,6.343460709323689,False,8948ebaa63bffff,1.0,True,1.0,1.0,,False,False
40340002662,Highland Park Elementary,GILBERT,Maricopa County,11,33.354747,-111.711267,2024-2025,393.0,41,199.0,224.2016381909548,4.053063526499066,False,8948eba110bffff,1.0,True,1.0,1.0,,False,False
40340002833,Quartz Hill Elementary,GILBERT,Maricopa County,11,33.2837,-111.7604,2024-2025,538.0,38,446.0,300.7482892376682,3.9075509015097896,False,8948eba2257ffff,1.0,True,1.0,1.0,,False,False
40340002840,Gilbert Classical Academy 7-12,GILBERT,Maricopa County,11,33.36865,-111.783193,2024-2025,313.0,40,423.0,374.6081891252955,2.593516272959404,False,8948eba0e0bffff,1.0,True,1.0,1.0,,False,False
40340002965,Campo Verde High School,GILBERT,Maricopa County,11,33.278899,-111.760337,2024-2025,560.0,37,519.0,308.3529884393064,3.5655935948669906,False,8948eba22cfffff,1.0,True,1.0,1.0,,False,False
40340003146,Spectrum Elementary,GILBERT,Maricopa County,11,33.2999,-111.7615,2024-2025,497.0,39,485.0,280.18744948453616,4.774262216324886,False,8948eba04d7ffff,1.0,True,1.0,1.0,,False,False
40340003147,Gilbert Classical Academy - Closed,GILBERT,Maricopa County,11,33.351276,-111.737347,2024-2025,455.0,42,286.0,271.62229370629376,4.925845833986722,False,8948eba0267ffff,1.0,True,1.0,1.0,,False,False
40340003261,GPS Global Academy,GILBERT,Maricopa County,11,33.351276,-111.737347,2024-2025,454.0,42,286.0,271.62229370629376,4.925845833986722,False,8948eba0267ffff,1.0,True,1.0,1.0,,False,False
40342000058,Discovery School,GLENDALE,Maricopa County,21,33.5295,-112.2284,2024-2025,210.0,34,273.0,362.29266666666666,8.806090121818057,False,8929b6d7083ffff,1.0,True,1.0,1.0,,False,False
40342000262,Glendale American School,GLENDALE,Maricopa County,21,33.5612,-112.1788,2024-2025,222.0,42,516.0,197.06144186046515,6.891664961078181,False,8929b6d0907ffff,1.0,True,1.0,1.0,,False,False
40342000264,Glenn F Burton School,GLENDALE,Maricopa County,21,33.5305,-112.1631,2024-2025,143.0,37,433.0,353.02829792147804,4.574893150518694,False,8929b6d0c37ffff,1.0,True,1.0,1.0,,False,False
40342000266,Harold W Smith School,GLENDALE,Maricopa County,21,33.53273,-112.195329,2024-2025,144.0,37,512.0,192.47689257812505,7.563525598134055,False,8929b6d7673ffff,1.0,True,1.0,1.0,,False,False
40342000269,Glendale Landmark School,GLENDALE,Maricopa County,21,33.5427,-112.1829,2024-2025,167.0,39,522.0,200.70983716475092,6.536166716322589,False,8929b6d0d33ffff,1.0,True,1.0,1.0,,False,False
40342000270,Don Mensendick School,GLENDALE,Maricopa County,21,33.5178,-112.2023,2024-2025,148.0,44,388.0,232.0012551546392,7.896547719454196,False,8929b6d7683ffff,1.0,True,1.0,1.0,,False,False
40342000271,Horizon School,GLENDALE,Maricopa County,21,33.5612,-112.1615,2024-2025,206.0,43,288.0,299.4659791666666,5.54391813027509,False,8929b6d095bffff,1.0,True,1.0,1.0,,False,False
40342000272,William C Jack School,GLENDALE,Maricopa County,21,33.5172,-112.2011,2024-2025,149.0,42,369.0,222.1676693766938,7.868766010135036,False,8929b6d769bffff,1.0,True,1.0,1.0,,False,False
40342001254,Desert Garden Elementary School,GLENDALE,Maricopa County,21,33.5356,-112.2102,2024-2025,176.0,40,391.0,326.66974424552427,8.953348169584734,False,8929b6d7627ffff,1.0,True,1.0,1.0,,False,False
40342001402,Challenger Middle School,GLENDALE,Maricopa County,21,33.5303,-112.2098,2024-2025,171.0,40,393.0,301.173737913486,8.903485957288684,False,8929b6d7637ffff,1.0,True,1.0,1.0,,False,False
40342001538,Bicentennial South School,GLENDALE,Maricopa County,21,33.5131,-112.2149,2024-2025,170.0,42,340.0,261.4818941176471,7.100056128900821,False,8929b6d7453ffff,1.0,True,1.0,1.0,,False,False
40342002281,Desert Spirit,GLENDALE,Maricopa County,21,33.5439,-112.2176,2024-2025,210.0,29,248.0,363.75374193548384,9.728778422145885,False,8929b6d707bffff,1.0,True,1.0,1.0,,False,False
40342002493,Sunset Vista,GLENDALE,Maricopa County,21,33.5442,-112.2261,2024-2025,207.0,32,235.0,351.8510085106383,10.443538040842167,False,8929b6d703bffff,1.0,True,1.0,1.0,,False,False
40342003695,Glendale Elementary Online (G.E.O.) Learning,GLENDALE,Maricopa County,21,33.544076,-112.183234,2024-2025,171.0,39,524.0,198.18313167938928,6.59806274982634,False,8929b6d0d23ffff,1.0,True,1.0,1.0,,False,False
40345000275,Apollo High School,GLENDALE,Maricopa County,21,33.5541,-112.159,2024-2025,209.0,44,415.0,270.12679759036143,4.908143636608103,False,8929b6d0837ffff,1.0,True,1.0,1.0,,False,False
40345000277,Cortez High School,PHOENIX,Maricopa County,11,33.5666,-112.1268,2024-2025,213.0,43,709.0,294.0456332863188,4.121433315731963,False,8929b6d0a77ffff,1.0,True,1.0,1.0,,False,False
40345000278,Glendale High School,GLENDALE,Maricopa County,21,33.5398,-112.1935,2024-2025,159.0,41,578.0,206.01365224913496,7.4537734233129775,False,8929b6d72d3ffff,1.0,True,1.0,1.0,,False,False
40345000279,Greenway High School,PHOENIX,Maricopa County,11,33.625772,-112.142968,2024-2025,272.0,39,338.0,337.6264349112426,4.807901565879478,False,8929b6c2173ffff,1.0,True,1.0,1.0,,False,False
40345000280,Moon Valley High School,PHOENIX,Maricopa County,11,33.5958,-112.1372,2024-2025,233.0,50,603.0,334.02048092868984,7.052405446738407,False,8929b6c2543ffff,1.0,True,1.0,1.0,,False,False
40345000281,Sunnyslope High School,PHOENIX,Maricopa County,11,33.5666,-112.0759,2024-2025,253.0,39,514.0,247.2855992217899,5.275132155926835,False,8929b6d1877ffff,1.0,True,1.0,1.0,,False,False
40345000282,Thunderbird High School,PHOENIX,Maricopa County,11,33.6129,-112.097,2024-2025,325.0,29,193.0,345.1824093264249,9.21986755748324,False,8929b6c228bffff,1.0,True,1.0,1.0,,False,False
40345000283,Washington High School,PHOENIX,Maricopa County,11,33.5378,-112.106,2024-2025,185.0,44,518.0,250.29870849420848,1.0295786873489492,False,8929b6d1d93ffff,1.0,True,1.0,1.0,,False,False
40345000284,Independence High School,GLENDALE,Maricopa County,21,33.532,-112.2215,2024-2025,229.0,39,315.0,322.47960000000006,9.109043684898705,False,8929b6d70c7ffff,1.0,True,1.0,1.0,,False,False
40345001574,Glendale Union High School District Online Learning Academy,GLENDALE,Maricopa County,21,33.553548,-112.15683,2024-2025,211.0,42,403.0,269.18015632754344,4.704715268595411,False,8929b6d0833ffff,1.0,True,1.0,1.0,,False,False
40345003510,Glendale Union Online,GLENDALE,Maricopa County,21,33.553548,-112.15683,2024-2025,211.0,42,403.0,269.18015632754344,4.704715268595411,False,8929b6d0833ffff,1.0,True,1.0,1.0,,False,False
40350000287,Globe High School,Globe,Gila County,33,33.3938,-110.7813,2024-2025,194.0,19,231.0,184.60552813852811,10.20887586569702,False,8948eb42587ffff,1.0,True,1.0,0.9940828402366864,,False,False
40350000289,Copper Rim Elementary School,Globe,Gila County,33,33.4033,-110.7722,2024-2025,197.0,13,187.0,199.82843850267375,11.516483931908702,False,8948eb4250bffff,1.0,True,1.0,0.9881656804733728,,False,False
40350002422,High Desert Middle School,Globe,Gila County,41,33.390917,-110.741878,2024-2025,198.0,5,5.0,98.2574,13.216849683128332,True,8948eb42443ffff,1.0,True,1.0,0.9467455621301775,,False,False
40350003772,Tiger Knowledge Online (TKO),GLOBE,Gila County,33,33.397461,-110.79154,2024-2025,192.0,14,216.0,178.82958796296296,9.713147749265078,False,8948eb5567bffff,1.0,True,1.0,0.9940828402366864,,False,False
40355000290,Grand Canyon Elementary,Grand Canyon Village,Coconino County,43,36.052395,-112.137976,2024-2025,228.0,14,131.0,68.27442748091603,0.2624022569106741,True,892994c5117ffff,1.0,True,1.0,0.834319526627219,,False,False
40355000291,Grand Canyon High School,Grand Canyon Village,Coconino County,43,36.052335,-112.138634,2024-2025,229.0,14,131.0,68.27442748091603,0.2464738400611179,True,892994c5117ffff,1.0,True,1.0,0.834319526627219,,False,False
40366000065,Cedar Hills School,KINGMAN,Mohave County,43,35.173724,-113.778946,2024-2025,302.0,6,38.0,221.1947631578948,11.684540889749014,True,8929b390353ffff,1.0,True,1.0,0.9881656804733728,,False,False
40373000293,Hayden High School,Winkelman,Gila County,43,32.993072,-110.771434,2024-2025,228.0,5,8.0,226.056375,8.843096210445337,True,8948ebd813bffff,1.0,True,1.0,0.9704142011834319,,False,False
40373000295,Leonor Hambly K-8,Winkelman,Gila County,43,32.993072,-110.771434,2024-2025,228.0,5,8.0,226.056375,8.843096210445337,True,8948ebd813bffff,1.0,True,1.0,0.9704142011834319,,False,False
40378001392,Higley Traditional Academy,GILBERT,Maricopa County,11,33.3097,-111.7174,2024-2025,445.0,35,254.0,298.98238188976376,2.5034107053731764,False,8948eba330fffff,1.0,True,1.0,1.0,,False,False
40378001987,Coronado Elementary School,GILBERT,Maricopa County,11,33.2713,-111.7133,2024-2025,514.0,32,195.0,313.2022923076923,1.943646231210013,False,8948eba346fffff,1.0,True,1.0,1.0,,False,False
40378002118,San Tan Elementary,GILBERT,Maricopa County,11,33.2876,-111.7154,2024-2025,488.0,35,265.0,259.52292452830187,1.1670224757114878,False,8948eba3077ffff,1.0,True,1.0,1.0,,False,False
40378002119,Higley High School,GILBERT,Maricopa County,11,33.2941,-111.7014,2024-2025,422.0,39,357.0,242.5972829131652,0.4387844548642782,False,8948eba32afffff,1.0,True,1.0,1.0,,False,False
40378002356,Power Ranch Elementary,GILBERT,Maricopa County,11,33.272851,-111.696727,2024-2025,480.0,37,337.0,331.1887151335312,2.0563195609493747,False,8948eba3607ffff,1.0,True,1.0,1.0,,False,False
40378002477,Gateway Pointe Elementary,Gilbert,Maricopa County,11,33.312871,-111.69418,2024-2025,362.0,43,298.0,301.269932885906,2.628974365296416,False,8948eba148fffff,1.0,True,1.0,1.0,,False,False
40378002663,Cortina Elementary,QUEEN CREEK,Maricopa County,21,33.270961,-111.677194,2024-2025,412.0,39,250.0,353.70095999999995,3.259537188722619,False,8948eba365bffff,1.0,True,1.0,1.0,,False,False
40378002805,Chaparral Elementary School,GILBERT,Maricopa County,11,33.3007,-111.7174,2024-2025,465.0,33,301.0,282.1580099667774,1.7307930693278306,False,8948eba338fffff,1.0,True,1.0,1.0,,False,False
40378002835,Williams Field High School,Gilbert,Maricopa County,11,33.313875,-111.722003,2024-2025,422.0,39,290.0,336.66336551724135,3.125093540114214,False,8948eba3323ffff,1.0,True,1.0,1.0,,False,False
40378003007,Centennial Elementary School,GILBERT,Maricopa County,11,33.28576,-111.696939,2024-2025,412.0,39,356.0,277.6115533707865,0.794388817998727,False,8948eba3283ffff,1.0,True,1.0,1.0,,False,False
40378003361,Sue Sossaman Early Childhood Development Center,QUEEN CREEK,Maricopa County,21,33.257829,-111.681267,2024-2025,544.0,31,87.0,420.2028390804598,4.172029261002724,False,8948ebbaba7ffff,1.0,True,1.0,1.0,,False,False
40378003381,Cooley Middle School,GILBERT,Maricopa County,11,33.330981,-111.707202,2024-2025,423.0,44,171.0,274.33486549707607,4.515614951235824,False,8948eba1557ffff,1.0,True,1.0,1.0,,False,False
40378003401,Sossaman Middle School,QUEEN CREEK,Maricopa County,21,33.257737,-111.680871,2024-2025,544.0,31,87.0,420.2028390804598,4.199126251546313,False,8948ebbaba7ffff,1.0,True,1.0,1.0,,False,False
40378003417,Elona P. Cooley Early Child Development Center,GILBERT,Maricopa County,11,33.330774,-111.706196,2024-2025,421.0,41,149.0,262.5172953020134,4.486158449254772,False,8948eba1543ffff,1.0,True,1.0,1.0,,False,False
40378003490,Bridges Elementary School,GILBERT,Maricopa County,11,33.255898,-111.706106,2024-2025,534.0,29,135.0,278.68294074074066,2.206129446648215,False,8948eba3453ffff,1.0,True,1.0,1.0,,False,False
40378003689,Higley Virtual Academy,GILBERT,Maricopa County,11,33.297191,-111.702845,2024-2025,420.0,41,323.0,246.63708049535603,0.7453883945480312,False,8948eba32afffff,1.0,True,1.0,1.0,,False,False
40382000298,Holbrook High School,HOLBROOK,Navajo County,43,34.9064,-110.1701,2024-2025,198.0,18,72.0,110.992,3.521349225443298,True,8948c88c86bffff,1.0,True,1.0,1.0,,False,False
40382000299,Holbrook Junior High School,HOLBROOK,Navajo County,43,34.905,-110.1637,2024-2025,200.0,19,84.0,106.74914285714286,3.334361706784266,True,8948c88cab7ffff,1.0,True,1.0,1.0,,False,False
40382000300,Hulet Elementary School,HOLBROOK,Navajo County,43,34.905404,-110.166916,2024-2025,199.0,18,72.0,110.992,3.3830189552694034,True,8948c88c86bffff,1.0,True,1.0,1.0,,False,False
40382000301,Park Elementary School,HOLBROOK,Navajo County,43,34.9042,-110.1513,2024-2025,198.0,21,97.0,105.26652577319588,3.4707178979292546,True,8948c88ca13ffff,1.0,True,1.0,1.0,,False,False
40382002239,Indian Wells Elementary,Indian Wells,Navajo County,43,35.399944,-110.069623,2024-2025,123.0,0,0.0,,13.4236041446724,True,8948c839873ffff,1.0,True,1.0,0.9230769230769231,Navajo Nation,True,True
40386002365,Continued Hope High Schools,PHOENIX,Maricopa County,11,33.4908,-112.202651,2024-2025,144.0,47,629.0,260.23228139904614,5.1134982931684965,False,8929b6d2d67ffff,1.0,True,1.0,1.0,,False,False
40386003209,Southwest Key Transitional Learning Center,PHOENIX,Maricopa County,11,33.5018,-112.115,2024-2025,106.0,45,574.0,301.9115261324042,3.267479915331122,False,8929b6d00a7ffff,1.0,True,1.0,1.0,,False,False
40386003535,Hope College and Career Readiness Academy,PHOENIX,Maricopa County,11,33.389086,-112.04666,2024-2025,216.0,41,555.0,325.41100720720726,3.22327609078561,False,8948e969e4fffff,1.0,True,1.0,1.0,,False,False
40386003552,Esperanza Prep,TEMPE,Maricopa County,12,33.415594,-111.902184,2024-2025,188.0,46,874.0,288.97114645308926,6.706019976025172,False,8948eba42d3ffff,1.0,True,1.0,1.0,,False,False
40387000306,Bradshaw Mountain High School,Prescott Valley,Yavapai County,13,34.600561,-112.348013,2024-2025,292.0,36,256.0,331.1197734375,21.3784943590433,False,8929b29b627ffff,1.0,True,1.0,1.0,,False,False
40387000307,Bradshaw Mountain Middle School,Dewey-Humboldt,Yavapai County,41,34.544416,-112.253272,2024-2025,268.0,20,87.0,98.67603448275862,21.523095468718665,True,8929b66c4a7ffff,1.0,True,1.0,0.9881656804733728,,False,False
40387000308,Lake Valley Elementary School,Prescott Valley,Yavapai County,13,34.5977,-112.3519,2024-2025,263.0,36,273.0,346.9662747252748,20.90412525823684,False,8929b29b0dbffff,1.0,True,1.0,1.0,,False,False
40387000381,Coyote Springs Elementary School,Prescott Valley,Yavapai County,41,34.63742,-112.323198,2024-2025,232.0,24,151.0,489.6835298013244,20.178560224357938,True,8929b299453ffff,1.0,True,1.0,1.0,,False,False
40387001041,Glassford Hill Middle School,Prescott Valley,Yavapai County,13,34.5977,-112.3453,2024-2025,266.0,38,293.0,302.5380614334471,21.39931897661432,False,8929b29b633ffff,1.0,True,1.0,1.0,,False,False
40387001057,Liberty Traditional School,Prescott Valley,Yavapai County,13,34.592,-112.3351,2024-2025,248.0,42,422.0,312.442345971564,21.83556953630119,False,8929b29b61bffff,1.0,True,1.0,1.0,,False,False
40387001228,Humboldt Elementary School,Dewey-Humboldt,Yavapai County,41,34.504909,-112.238868,2024-2025,290.0,10,46.0,493.702695652174,21.901932832310077,True,8929b66e677ffff,1.0,True,1.0,0.9644970414201184,,False,False
40387001465,Mountain View Elementary School,Prescott Valley,Yavapai County,13,34.6035,-112.3136,2024-2025,180.0,39,315.0,292.01920317460315,21.061718032890266,False,8929b66cd17ffff,1.0,True,1.0,0.9763313609467456,,False,False
40387002563,Granville Elementary School,Prescott Valley,Yavapai County,13,34.6178,-112.3462,2024-2025,489.0,29,91.0,164.0675054945055,22.67540949907628,False,8929b29b2afffff,1.0,True,1.0,0.9940828402366864,,False,False
40387002564,Bradshaw Mountain Online Academy,Prescott Valley,Yavapai County,13,34.600561,-112.348013,2024-2025,292.0,36,256.0,331.1197734375,21.3784943590433,False,8929b29b627ffff,1.0,True,1.0,1.0,,False,False
40387002926,Bright Futures Preschool,Prescott Valley,Yavapai County,41,34.6338,-112.3149,2024-2025,252.0,18,112.0,595.9866160714286,19.62461023064825,True,8929b66c93bffff,1.0,True,1.0,0.9940828402366864,,False,False
40387003867,Pronghorn Ridge Middle School,PRESCOTT VLY,Yavapai County,41,34.6338,-112.3149,2024-2025,,18,112.0,595.9866160714286,19.62461023064825,True,8929b66c93bffff,1.0,True,1.0,0.9940828402366864,,False,False
40390000309,Dateland Elementary School,Dateland,Yuma County,43,32.8068,-113.5414,2024-2025,253.0,6,13.0,371.8698461538461,1.3422398235864814,True,89485a6e1c7ffff,1.0,True,1.0,1.0,,False,False
40395000310,Baboquivari High School,Topawa,Pima County,43,31.823212,-111.835325,2024-2025,193.0,1,10.0,58.429,12.365481715912033,True,8948ed485dbffff,1.0,True,1.0,1.0,Tohono O'odham Nation,True,False
40395000311,Baboquivari Middle School,Topawa,Pima County,43,31.823212,-111.835325,2024-2025,193.0,1,10.0,58.429,12.365481715912033,True,8948ed485dbffff,1.0,True,1.0,1.0,Tohono O'odham Nation,True,False
40395000312,Indian Oasis Primary Elementary School,Sells,Pima County,43,31.913574,-111.881854,2024-2025,213.0,6,17.0,19.81647058823529,8.557177763956721,True,8948ed48bb7ffff,1.0,True,0.9940828402366864,0.9171597633136095,Tohono O'odham Nation,True,False
40395000313,Indian Oasis Intermediate School to Baboquivari Middle Schoo,Sells,Pima County,43,31.917466,-111.861857,2024-2025,178.0,0,0.0,,6.621974245497352,True,8948ed48b0bffff,1.0,True,1.0,0.9408284023668639,Tohono O'odham Nation,True,True
40395003210,Alternative Middle School (Indian Oasis Middle School),Sells,Pima County,43,31.917466,-111.861857,2024-2025,178.0,0,0.0,,6.621974245497352,True,8948ed48b0bffff,1.0,True,1.0,0.9408284023668639,Tohono O'odham Nation,True,True
40395003222,Alternative High School (Indian Oasis High School),Sells,Pima County,43,31.917466,-111.861857,2024-2025,178.0,0,0.0,,6.621974245497352,True,8948ed48b0bffff,1.0,True,1.0,0.9408284023668639,Tohono O'odham Nation,True,True
40395003566,Indian Oasis Intermediate Elementary School,Sells,Pima County,43,31.917466,-111.861857,2024-2025,178.0,0,0.0,,6.621974245497352,True,8948ed48b0bffff,1.0,True,1.0,0.9408284023668639,Tohono O'odham Nation,True,True
40396000314,Alta E Butler School,PHOENIX,Maricopa County,11,33.4581,-112.1422,2024-2025,134.0,40,356.0,311.29262640449446,4.346766828111553,False,8929b6d2143ffff,1.0,True,1.0,1.0,,False,False
40396000315,Isaac Middle School,PHOENIX,Maricopa County,11,33.4668,-112.1331,2024-2025,138.0,43,316.0,254.43551265822785,5.616862798282942,False,8929b6d2307ffff,1.0,True,1.0,1.0,,False,False
40396000316,Mitchell Elementary School,PHOENIX,Maricopa County,11,33.4682,-112.149,2024-2025,130.0,43,356.0,301.9258792134832,5.099803206380537,False,8929b6d216fffff,1.0,True,1.0,1.0,,False,False
40396000317,P T Coe Elementary School,PHOENIX,Maricopa County,11,33.478115,-112.142548,2024-2025,146.0,42,349.0,256.0257621776504,6.339814865818782,False,8929b6d2e53ffff,1.0,True,1.0,1.0,,False,False
40396000318,J B Sutton Elementary School,PHOENIX,Maricopa County,11,33.459,-112.1256,2024-2025,125.0,41,326.0,320.8023006134969,5.386975051187387,False,8929b6d23d7ffff,1.0,True,1.0,1.0,,False,False
40396000319,Joseph Zito Elementary School,PHOENIX,Maricopa County,11,33.4726,-112.1574,2024-2025,154.0,41,453.0,263.5933885209713,5.387054453454682,False,8929b6d2e8fffff,1.0,True,1.0,1.0,,False,False
40396000650,Pueblo Del Sol Middle School,PHOENIX,Maricopa County,11,33.4893,-112.1423,2024-2025,146.0,43,411.0,316.62819464720195,5.355254231393691,False,8929b6d05a7ffff,1.0,True,1.0,1.0,,False,False
40396001542,Esperanza Elementary School,PHOENIX,Maricopa County,11,33.464842,-112.125453,2024-2025,137.0,42,306.0,274.494137254902,5.8726992265098845,False,8929b6d231bffff,1.0,True,1.0,1.0,,False,False
40396001543,Bret Tarver Education Complex,PHOENIX,Maricopa County,11,33.46514,-112.126127,2024-2025,139.0,42,306.0,274.494137254902,5.857491668095634,False,8929b6d231bffff,1.0,True,1.0,1.0,,False,False
40396001876,Morris K. Udall Escuela de Bellas Artes,PHOENIX,Maricopa County,11,33.4582,-112.1394,2024-2025,135.0,40,346.0,312.14673988439307,4.497258132298355,False,8929b6d214bffff,1.0,True,1.0,1.0,,False,False
40396002282,Moya Elementary,PHOENIX,Maricopa County,11,33.4539,-112.1479,2024-2025,133.0,39,347.0,355.777553314121,3.677968936766435,False,8929b6d2157ffff,1.0,True,1.0,1.0,,False,False
40396003590,David Kazan Family Educational Center,PHOENIX,Maricopa County,11,33.48203,-112.150481,2024-2025,148.0,41,325.0,289.88134461538465,6.438208021421607,False,8929b6d2e0fffff,1.0,True,1.0,1.0,,False,False
40396003739,Isaac Online Prep Academy,PHOENIX,Maricopa County,11,33.466619,-112.131672,2024-2025,139.0,43,315.0,257.40181269841275,5.67494401051075,False,8929b6d2307ffff,1.0,True,1.0,1.0,,False,False
40399000320,J. O. Combs Middle School,San Tan Valley,Pinal County,21,33.221558,-111.548555,2024-2025,294.0,28,221.0,271.4942850678733,3.100835530919672,False,8948ebbb307ffff,1.0,True,1.0,1.0,,False,False
40399002561,Jack Harmon Elementary School,San Tan Valley,Pinal County,21,33.2376,-111.5546,2024-2025,274.0,31,255.0,278.48499215686275,1.429963739201507,False,8948ebb9587ffff,1.0,True,1.0,1.0,,False,False
40399002811,Ellsworth Elementary School,QUEEN CREEK,Pinal County,21,33.2284,-111.5549,2024-2025,262.0,31,308.0,249.31940909090912,2.412022759841492,False,8948ebbb323ffff,1.0,True,1.0,1.0,,False,False
40399002895,Combs High School,San Tan Valley,Pinal County,41,33.27734,-111.538185,2024-2025,321.0,11,22.0,168.7214090909091,3.24979111069989,True,8948ebb916bffff,1.0,True,1.0,1.0,,False,False
40399002938,Ranch Elementary School,San Tan Valley,Pinal County,41,33.274303,-111.54479,2024-2025,314.0,17,41.0,216.6758292682927,2.7868840636384062,True,8948ebb9177ffff,1.0,True,1.0,1.0,,False,False
40399003067,Kathryn Sue Simonton Elementary,QUEEN CREEK,Pinal County,21,33.245174,-111.520547,2024-2025,303.0,11,111.0,171.47603603603605,2.652631887530494,False,8948ebb909bffff,1.0,True,1.0,1.0,,False,False
40399003231,Combs Traditional Academy,San Tan Valley,Pinal County,21,33.218638,-111.561874,2024-2025,354.0,32,321.0,248.38401246105923,2.1832086006628018,False,8948ebbb3b7ffff,1.0,True,1.0,1.0,,False,False
40399003708,Combs Online School for Success,SAN TAN VLY,Pinal County,21,33.219772,-111.562204,2024-2025,357.0,33,324.0,247.01075308641975,2.144896011573429,False,8948ebbb3a7ffff,1.0,True,1.0,1.0,,False,False
40399003785,Combs Center for Success High School,SAN TAN VLY,Pinal County,21,33.219772,-111.562204,2024-2025,357.0,33,324.0,247.01075308641975,2.144896011573429,False,8948ebbb3a7ffff,1.0,True,1.0,1.0,,False,False
40399003786,Combs Center for Success Middle School,SAN TAN VLY,Pinal County,21,33.219772,-111.562204,2024-2025,357.0,33,324.0,247.01075308641975,2.144896011573429,False,8948ebbb3a7ffff,1.0,True,1.0,1.0,,False,False
40401000321,Joseph City Elementary School,JOSEPH CITY,Navajo County,43,34.959296,-110.332028,2024-2025,183.0,11,29.0,130.94948275862072,17.863524407221902,True,8948c8b8c5bffff,1.0,True,1.0,1.0,,False,False
40401000322,Joseph City High School,Joseph City,Navajo County,43,34.95903,-110.322041,2024-2025,185.0,10,27.0,131.9698518518519,17.082832992293383,True,8948c8b8e9bffff,1.0,True,1.0,0.9940828402366864,,False,False
40401002542,Joseph City Junior High School,Joseph City,Navajo County,43,34.95903,-110.322041,2024-2025,185.0,10,27.0,131.9698518518519,17.082832992293383,True,8948c8b8e9bffff,1.0,True,1.0,0.9940828402366864,,False,False
40406000324,Monument Valley High School,Kayenta,Navajo County,43,36.725845,-110.245672,2024-2025,105.0,16,162.0,45.64607407407408,1.780301031819725,True,8948cb2ea7bffff,1.0,True,1.0,0.9763313609467456,Navajo Nation,True,False
40406001160,Debbie Braff Elementary School,Kayenta,Navajo County,43,36.726446,-110.241046,2024-2025,105.0,14,157.0,46.12643949044587,2.19663022785443,True,8948cb2c1b7ffff,1.0,True,1.0,0.9763313609467456,Navajo Nation,True,False
40406001161,Baker Middle School,Kayenta,Navajo County,43,36.728351,-110.244441,2024-2025,105.0,12,106.0,51.12017924528303,1.9704671906897335,True,8948cb2ea6bffff,1.0,True,1.0,0.9644970414201184,Navajo Nation,True,False
40406003809,K.U.S.D.#27 - A B C Preschool,Kayenta,Navajo County,43,36.730378,-110.25821,2024-2025,,12,104.0,48.448557692307695,1.122603143408187,True,8948cb2cc93ffff,1.0,True,1.0,0.9230769230769231,Navajo Nation,True,False
40417000330,Kirkland Elementary School,Kirkland,Yavapai County,42,34.418716,-112.710818,2024-2025,294.0,0,0.0,,17.667283872456565,True,8929b62f4c7ffff,0.0,True,0.9940828402366864,0.46745562130177515,,False,True
40423000083,Kyrene Akimel A-Al Middle School,PHOENIX,Maricopa County,11,33.2932,-112.025,2024-2025,473.0,24,240.0,350.5428333333333,3.277865581674359,False,8948e96b2dbffff,1.0,True,1.0,1.0,,False,False
40423000099,Kyrene de la Mirada School,CHANDLER,Maricopa County,11,33.313,-111.9372,2024-2025,566.0,43,366.0,318.2025601092896,3.4598854548806908,False,8948ebb599bffff,1.0,True,1.0,1.0,,False,False
40423000297,Kyrene de la Esperanza School,PHOENIX,Maricopa County,11,33.3119,-111.9933,2024-2025,426.0,41,525.0,345.38783238095243,2.496500893269596,False,8948ebb4b97ffff,1.0,True,1.0,1.0,,False,False
40423000332,Kyrene de las Lomas School,PHOENIX,Maricopa County,11,33.3394,-111.9955,2024-2025,454.0,31,218.0,368.3080504587156,2.739356571062926,False,8948e96964bffff,1.0,True,1.0,1.0,,False,False
40423000334,Kyrene Middle School,TEMPE,Maricopa County,12,33.342405,-111.92268,2024-2025,788.0,39,249.0,358.4794578313253,2.668362671895665,False,8948ebb5b27ffff,1.0,True,1.0,1.0,,False,False
40423000335,Kyrene del Norte School,TEMPE,Maricopa County,12,33.3578,-111.9174,2024-2025,212.0,45,468.0,280.0757243589743,2.340417930968317,False,8948eba75abffff,1.0,True,1.0,1.0,,False,False
40423000336,C I Waggoner School,TEMPE,Maricopa County,12,33.3427,-111.9216,2024-2025,788.0,39,253.0,351.78352173913044,2.5630366276948986,False,8948ebb5b27ffff,1.0,True,1.0,1.0,,False,False
40423000653,Kyrene Aprende Middle School,Chandler,Maricopa County,11,33.3155,-111.9185,2024-2025,528.0,45,6668.0,225.46447120575883,4.265820678374745,False,8948ebb5823ffff,1.0,True,1.0,1.0,,False,False
40423000656,Kyrene de las Brisas School,CHANDLER,Maricopa County,11,33.3144,-111.9173,2024-2025,532.0,43,6667.0,225.13434618269088,4.316205329134054,False,8948ebb583bffff,1.0,True,1.0,1.0,,False,False
40423000660,Kyrene de los Cerritos School,PHOENIX,Maricopa County,11,33.3127,-112.0568,2024-2025,524.0,24,130.0,291.4228076923077,0.6499689254414515,False,8948e96b30bffff,1.0,True,1.0,1.0,,False,False
40423000665,Kyrene Altadena Middle School,Phoenix,Maricopa County,11,33.3135,-112.0572,2024-2025,528.0,22,117.0,305.9767350427351,0.7413021983948271,False,8948e96b30bffff,1.0,True,1.0,1.0,,False,False
40423000677,Kyrene de las Manitas School,TEMPE,Maricopa County,12,33.32354,-111.957988,2024-2025,637.0,40,419.0,416.95836992840094,1.2692404071712808,False,8948ebb4a6fffff,1.0,True,1.0,1.0,,False,False
40423001127,Kyrene de los Ninos School,TEMPE,Maricopa County,12,33.354,-111.9198,2024-2025,320.0,40,392.0,283.4294897959184,2.398954591925135,False,8948eba75bbffff,1.0,True,1.0,1.0,,False,False
40423001128,Kyrene del Cielo School,CHANDLER,Maricopa County,11,33.3268,-111.9176,2024-2025,555.0,41,287.0,352.7358327526132,3.1976445163150147,False,8948ebb5b87ffff,1.0,True,1.0,1.0,,False,False
40423001231,Kyrene de la Paloma School,CHANDLER,Maricopa County,11,33.2963,-111.9317,2024-2025,482.0,31,255.0,301.3450666666666,3.724646266636801,False,8948ebb5dcfffff,1.0,True,1.0,1.0,,False,False
40423001299,Kyrene de la Colina School,PHOENIX,Maricopa County,11,33.3234,-112.0071,2024-2025,382.0,27,220.0,326.18411363636363,3.3101989714920688,False,8948ebb496fffff,1.0,True,1.0,1.0,,False,False
40423001300,Kyrene del Pueblo Middle School,CHANDLER,Maricopa County,11,33.2959,-111.9283,2024-2025,476.0,31,305.0,308.28105901639344,4.032429895136567,False,8948ebb5d53ffff,1.0,True,1.0,1.0,,False,False
40423001370,Kyrene Traditional Academy,CHANDLER,Maricopa County,11,33.3107,-111.901,2024-2025,349.0,46,6952.0,226.1050188434982,4.229444782096161,False,8948ebb5843ffff,1.0,True,1.0,1.0,,False,False
40423001371,Kyrene de la Mariposa School,TEMPE,Maricopa County,12,33.327,-111.936,2024-2025,552.0,40,256.0,346.68534765625,3.3079521262899707,False,8948ebb590fffff,1.0,True,1.0,1.0,,False,False
40423001405,Kyrene De Los Lagos School,PHOENIX,Maricopa County,11,33.2925,-112.008,2024-2025,472.0,25,213.0,286.2403286384977,3.4041167021042398,False,8948ebb4d73ffff,1.0,True,1.0,1.0,,False,False
40423001466,Kyrene Monte Vista School,PHOENIX,Maricopa County,11,33.3084,-112.0265,2024-2025,390.0,30,265.0,326.48574339622644,2.775681422207888,False,8948ebb49b7ffff,1.0,True,1.0,1.0,,False,False
40423001496,Kyrene Centennial Middle School,PHOENIX,Maricopa County,11,33.3211,-112.0074,2024-2025,364.0,30,228.0,283.27244736842107,3.36188991924869,False,8948ebb4963ffff,1.0,True,1.0,1.0,,False,False
40423001546,Kyrene de la Sierra School,PHOENIX,Maricopa County,11,33.2963,-112.0584,2024-2025,459.0,24,124.0,324.1781774193548,1.1812238197093032,False,8948e96b063ffff,1.0,True,1.0,1.0,,False,False
40423001877,Kyrene de la Estrella Elementary School,PHOENIX,Maricopa County,11,33.2932,-112.0274,2024-2025,469.0,25,249.0,343.88343775100407,3.0815974111382305,False,8948e96b2c3ffff,1.0,True,1.0,1.0,,False,False
40423002000,Kyrene del Milenio,PHOENIX,Maricopa County,11,33.299,-111.9836,2024-2025,410.0,43,398.0,347.45831658291456,1.397495714812974,False,8948ebb481bffff,1.0,True,1.0,1.0,,False,False
40423003693,Kyrene Digital Academy,TEMPE,Maricopa County,11,33.3211,-112.0074,2024-2025,637.0,30,228.0,283.27244736842107,3.36188991924869,False,8948ebb4963ffff,1.0,True,1.0,1.0,,False,False
40428000337,Havasupai Elementary School,Lake Havasu City,Mohave County,13,34.509329,-114.315753,2024-2025,240.0,28,93.0,241.94188172043013,5.565468921274873,False,8929b0a66cfffff,1.0,True,1.0,1.0,,False,False
40428000338,Thunderbolt Middle School,Lake Havasu City,Mohave County,13,34.4689,-114.2914,2024-2025,250.0,31,174.0,323.29960344827583,3.993700079604313,False,8929b0b58c3ffff,1.0,True,1.0,1.0,,False,False
40428000339,Smoketree Elementary School,Lake Havasu City,Mohave County,13,34.4857,-114.3214,2024-2025,255.0,32,277.0,196.12435018050544,5.809152115628543,False,8929b0b591bffff,1.0,True,1.0,1.0,,False,False
40428000340,Starline Elementary School,Lake Havasu City,Mohave County,13,34.4841,-114.2967,2024-2025,281.0,35,196.0,182.07846938775512,3.6186203122340137,False,8929b0b5863ffff,1.0,True,1.0,1.0,,False,False
40428000433,Lake Havasu High School,Lake Havasu City,Mohave County,13,34.4944,-114.3178,2024-2025,258.0,33,227.0,198.45032158590308,5.433616248479801,False,8929b0b597bffff,1.0,True,1.0,1.0,,False,False
40428001129,Nautilus Elementary School,Lake Havasu City,Mohave County,13,34.5162,-114.3433,2024-2025,168.0,29,110.0,249.92829090909092,8.20044472782903,False,8929b0a60c7ffff,1.0,True,1.0,1.0,,False,False
40428001130,Oro Grande Classical Academy,Lake Havasu City,Mohave County,13,34.4638,-114.2713,2024-2025,250.0,27,155.0,159.9030322580645,3.398385933341877,False,8929b0b5e1bffff,1.0,True,1.0,1.0,,False,False
40428001756,Daytona Middle School,Lake Havasu City,Mohave County,13,34.472799,-114.32153,2024-2025,262.0,32,309.0,229.0146537216828,6.173817218398351,False,8929b0b5d63ffff,1.0,True,1.0,1.0,,False,False
40428002182,Jamaica Elementary School,Lake Havasu City,Mohave County,13,34.491,-114.2876,2024-2025,317.0,33,99.0,199.6610707070707,2.667077527526281,False,8929b0b5bdbffff,1.0,True,1.0,1.0,,False,False
40428002538,Havasuonline,Lake Havasu City,Mohave County,13,34.497001,-114.331196,2024-2025,225.0,32,135.0,258.1083851851852,6.675878451923046,False,8929b0b592fffff,1.0,True,1.0,1.0,,False,False
40429000341,Laveen Elementary School,LAVEEN,Maricopa County,11,33.356811,-112.148941,2024-2025,367.0,25,172.0,343.8657790697674,6.786514979946017,False,8948e968ccfffff,1.0,True,1.0,0.9408284023668639,,False,False
40429000342,Maurice C. Cash Elementary School,PHOENIX,Maricopa County,11,33.399728,-112.14096,2024-2025,159.0,21,128.0,235.2048671875,3.669328572886074,False,8948e968a37ffff,1.0,True,1.0,1.0,,False,False
40429001391,Vista del Sur Accelerated,LAVEEN,Maricopa County,11,33.370573,-112.144729,2024-2025,321.0,35,278.0,304.84410791366906,6.362887073797536,False,8948e968eb7ffff,1.0,True,1.0,0.9940828402366864,,False,False
40429002398,Cheatham Elementary School,LAVEEN,Maricopa County,11,33.3686,-112.1599,2024-2025,345.0,42,326.0,326.51176993865033,5.330754263649211,False,8948e968c2bffff,1.0,True,1.0,1.0,,False,False
40429002769,Desert Meadows Elementary School,LAVEEN,Maricopa County,11,33.3721,-112.2051,2024-2025,286.0,24,201.0,369.83834328358216,2.0535390118948955,False,8948e96f667ffff,1.0,True,1.0,1.0,,False,False
40429002845,Trailside Point Performing Arts Academy,LAVEEN,Maricopa County,11,33.3849,-112.2144,2024-2025,290.0,21,192.0,372.6852864583333,0.6129413342675709,False,8948e96f2a3ffff,1.0,True,1.0,1.0,,False,False
40429003336,Rogers Ranch STEM Academy,LAVEEN,Maricopa County,11,33.385879,-112.159847,2024-2025,217.0,38,305.0,255.64520655737704,4.371799504156364,False,8948e968807ffff,1.0,True,1.0,1.0,,False,False
40429003530,Paseo Pointe Dual Language Academy,LAVEEN,Maricopa County,11,33.367559,-112.17855,2024-2025,338.0,33,221.0,354.5824796380091,3.9264348454579703,False,8948e968dc7ffff,1.0,True,1.0,1.0,,False,False
40429003697,Estrella Foothills Global Academy,Laveen,Maricopa County,41,33.341838,-112.176437,2024-2025,279.0,21,95.0,372.58109473684215,5.782880603574221,True,8948e96abc3ffff,1.0,True,1.0,0.9822485207100592,,False,False
40429003777,Laveen Online Academy,LAVEEN,Maricopa County,41,33.341838,-112.176437,2024-2025,279.0,21,95.0,372.58109473684215,5.782880603574221,True,8948e96abc3ffff,1.0,True,1.0,0.9822485207100592,,False,False
40432000343,Liberty Elementary School,BUCKEYE,Maricopa County,41,33.3789,-112.4861,2024-2025,292.0,4,4.0,196.59,6.935675601683754,True,8948e964eafffff,1.0,True,1.0,1.0,,False,False
40432001467,Estrella Mountain Elementary School,GOODYEAR,Maricopa County,31,33.352845,-112.443565,2024-2025,464.0,15,82.0,402.4473170731707,2.0773893679644253,False,8948e9642a7ffff,1.0,True,1.0,1.0,,False,False
40432002133,Rainbow Valley Elementary School,BUCKEYE,Maricopa County,41,33.3347,-112.4753,2024-2025,294.0,12,104.0,323.8675480769231,5.012601028898656,True,8948e964573ffff,1.0,True,1.0,1.0,,False,False
40432002383,Westar Elementary School,GOODYEAR,Maricopa County,31,33.3249,-112.4319,2024-2025,470.0,24,80.0,327.5739125,2.4486421447643445,False,8948e96468fffff,1.0,True,1.0,1.0,,False,False
40432002489,Freedom Elementary School,BUCKEYE,Maricopa County,21,33.43209,-112.52791,2024-2025,228.0,30,156.0,206.5490512820513,4.333935003145116,False,8929b69162bffff,1.0,True,1.0,1.0,,False,False
40432003480,Las Brisas Academy,GOODYEAR,Maricopa County,21,33.409585,-112.451283,2024-2025,346.0,11,22.0,222.43954545454545,5.4427028833992175,False,8948e965913ffff,1.0,True,1.0,1.0,,False,False
40432003692,Liberty Online School,BUCKEYE,Maricopa County,41,33.380633,-112.486259,2024-2025,295.0,4,4.0,196.59,7.052663699866029,True,8948e964eafffff,1.0,True,1.0,1.0,,False,False
40432003733,Blue Horizons Elementary School,Buckeye,Maricopa County,21,33.44701,-112.49406,2024-2025,333.0,18,73.0,222.28638356164385,7.665800983818691,False,8929b69a56fffff,1.0,True,1.0,1.0,,False,False
40438000344,Litchfield Elementary School,Litchfield Park,Maricopa County,21,33.492507,-112.356759,2024-2025,390.0,38,168.0,358.46201190476194,7.552752373533241,False,8948e96c92fffff,1.0,True,1.0,1.0,,False,False
40438000345,Scott L Libby Elementary School,Litchfield Park,Maricopa County,41,33.4783,-112.463,2024-2025,323.0,15,82.0,466.0557804878049,7.368374669716847,True,8929b6984b7ffff,1.0,True,1.0,1.0,,False,False
40438001420,Palm Valley Elementary,GOODYEAR,Maricopa County,21,33.4772,-112.3488,2024-2025,395.0,41,265.0,326.33607924528303,6.281101833185523,False,8948e96c913ffff,1.0,True,1.0,1.0,,False,False
40438001547,Western Sky Middle School,Goodyear,Maricopa County,21,33.4917,-112.3699,2024-2025,431.0,36,145.0,300.5709724137931,6.870496345182154,False,8929b69941bffff,1.0,True,1.0,1.0,,False,False
40438001881,Rancho Santa Fe Elementary School,Avondale,Maricopa County,21,33.47285,-112.331586,2024-2025,385.0,39,295.0,320.4227288135594,4.919658947816221,False,8948e96c833ffff,1.0,True,1.0,1.0,,False,False
40438002003,White Tanks Learning Center,Litchfield Park,Maricopa County,41,33.477321,-112.465565,2024-2025,321.0,17,104.0,416.1645096153846,7.485662133706345,True,8929b69a37bffff,1.0,True,1.0,1.0,,False,False
40438002004,Wigwam Creek Middle School,Litchfield Park,Maricopa County,21,33.5005,-112.3328,2024-2025,336.0,30,138.0,324.9191666666667,7.730604603561984,False,8948e96cb23ffff,1.0,True,1.0,1.0,,False,False
40438002342,Corte Sierra Elementary School,AVONDALE,Maricopa County,21,33.4876,-112.3336,2024-2025,362.0,36,141.0,268.1869858156029,6.443503945960943,False,8948e96cbb3ffff,1.0,True,1.0,1.0,,False,False
40438002430,Dreaming Summit Elementary,Litchfield Park,Maricopa County,21,33.5144,-112.3469,2024-2025,420.0,37,247.0,312.02179757085014,9.664332461317787,False,8929b699667ffff,1.0,True,1.0,1.0,,False,False
40438002431,Verrado Middle School,BUCKEYE,Maricopa County,21,33.4964,-112.5086,2024-2025,464.0,24,114.0,382.6708421052632,9.38447983161463,False,8929b69a85bffff,1.0,True,1.0,1.0,,False,False
40438002499,Barbara B. Robey Elementary School,Litchfield Park,Maricopa County,21,33.512879,-112.330568,2024-2025,374.0,25,103.0,250.29933980582527,8.968665006311227,False,8929b6d65bbffff,1.0,True,1.0,1.0,,False,False
40438002782,Verrado Elementary School,BUCKEYE,Maricopa County,21,33.497526,-112.507776,2024-2025,463.0,23,97.0,324.7735051546392,9.31609814672052,False,8929b69a84bffff,1.0,True,1.0,1.0,,False,False
40438003036,L. Thomas Heck Middle School,Litchfield Park,Maricopa County,21,33.524415,-112.326962,2024-2025,370.0,22,73.0,318.26664383561643,10.126432532650066,False,8929b6d652bffff,1.0,True,1.0,1.0,,False,False
40438003185,Mabel Padgett Elementary School,Litchfield Park,Maricopa County,21,33.499464,-112.39016,2024-2025,432.0,34,131.0,299.6767404580153,7.143299519383255,False,8929b6995c3ffff,1.0,True,1.0,1.0,,False,False
40438003424,Rancho Santa Fe Preschool,Avondale,Maricopa County,21,33.472844,-112.331538,2024-2025,385.0,39,295.0,320.4227288135594,4.916701952844178,False,8948e96c833ffff,1.0,True,1.0,1.0,,False,False
40438003435,Palm Valley Preschool,GOODYEAR,Maricopa County,21,33.4772,-112.3488,2024-2025,395.0,41,265.0,326.33607924528303,6.281101833185523,False,8948e96c913ffff,1.0,True,1.0,1.0,,False,False
40438003450,Litchfield Preschool,Litchfield Park,Maricopa County,21,33.492576,-112.357087,2024-2025,391.0,37,157.0,335.1937515923568,7.542330924445077,False,8948e96c92fffff,1.0,True,1.0,1.0,,False,False
40438003478,Verrado Heritage Elementary School,Buckeye,Maricopa County,21,33.477588,-112.508597,2024-2025,483.0,27,153.0,264.6068104575163,7.971753713255724,False,8929b69aeb3ffff,1.0,True,1.0,1.0,,False,False
40438003661,Belen Soto Elementary School,Goodyear,Maricopa County,21,33.500046,-112.458738,2024-2025,404.0,26,82.0,102.64536585365856,8.863851365759343,False,8929b6980b3ffff,1.0,True,1.0,1.0,,False,False
40438003757,Digital Learning Academy,LITCHFIELD PK,Maricopa County,21,33.491776,-112.35653,2024-2025,388.0,39,171.0,353.8132748538012,7.497144476639183,False,8948e96c92fffff,1.0,True,1.0,1.0,,False,False
40441001302,Beaver Dam Elementary,BEAVER DAM,Mohave County,42,36.905695,-113.928733,2024-2025,230.0,12,39.0,362.76912820512825,0.820589085788719,True,892995a999bffff,1.0,True,1.0,1.0,,False,False
40441002418,Beaver Dam High School,BEAVER DAM,Mohave County,42,36.911579,-113.927462,2024-2025,236.0,10,24.0,389.6411666666667,1.2266297371778043,True,892995a9913ffff,1.0,True,1.0,1.0,,False,False
40444000347,Littleton Elementary School,AVONDALE,Maricopa County,21,33.4343,-112.308,2024-2025,236.0,45,270.0,265.4586481481482,0.4795832671189734,False,8948e96c1abffff,1.0,True,1.0,1.0,,False,False
40444000348,Underdown Learning Center,AVONDALE,Maricopa County,21,33.431714,-112.290287,2024-2025,210.0,41,378.0,315.11251587301587,1.2595049407762304,False,8948e96c153ffff,1.0,True,1.0,1.0,,False,False
40444002247,Collier Elementary School,AVONDALE,Maricopa County,21,33.441801,-112.312557,2024-2025,269.0,43,216.0,239.43526388888893,1.122299471210216,False,8948e96c127ffff,1.0,True,1.0,1.0,,False,False
40444002435,Quentin Elementary School,AVONDALE,Maricopa County,21,33.4256,-112.2976,2024-2025,221.0,41,329.0,316.1149513677812,1.2172797365012753,False,8948e96c1d7ffff,1.0,True,1.0,1.0,,False,False
40444002497,Country Place Elementary,TOLLESON,Maricopa County,11,33.417496,-112.27863,2024-2025,246.0,37,284.0,264.38380281690144,2.140687890940835,False,8948e96c013ffff,1.0,True,1.0,1.0,,False,False
40444002771,Estrella Vista Elementary School,AVONDALE,Maricopa County,21,33.4311,-112.3142,2024-2025,240.0,43,240.0,274.78301666666664,1.1467016710199418,False,8948e96c1b7ffff,1.0,True,1.0,1.0,,False,False
40444002908,Tres Rios Elementary School,TOLLESON,Maricopa County,11,33.40113,-112.27905,2024-2025,232.0,23,76.0,186.01725,3.6805410025593353,False,8948e96c40fffff,1.0,True,1.0,1.0,,False,False
40444003533,Fine Arts Academy,TOLLESON,Maricopa County,11,33.430365,-112.282114,2024-2025,215.0,39,423.0,308.2332884160756,1.8326194324028235,False,8948e96c02bffff,1.0,True,1.0,1.0,,False,False
40444003760,LESD Online Academy,AVONDALE,Maricopa County,21,33.431419,-112.29161,2024-2025,211.0,43,381.0,314.88275328083984,1.157412710062088,False,8948e96c153ffff,1.0,True,1.0,1.0,,False,False
40444003843,Lakin Prep Academy,Avondale,Maricopa County,41,33.405207,-112.318133,2024-2025,,20,65.0,281.9213846153847,2.1628271305214226,True,8948e96ee4fffff,1.0,True,1.0,1.0,,False,False
40450000353,Madison Heights Elementary School,PHOENIX,Maricopa County,11,33.5414,-112.0353,2024-2025,491.0,26,191.0,378.785989528796,7.359635910039549,False,8929b6d1323ffff,1.0,True,1.0,0.9881656804733728,,False,False
40450000354,Madison Meadows School,PHOENIX,Maricopa County,11,33.533909,-112.076548,2024-2025,575.0,42,375.0,402.24333866666666,3.461673062173096,False,8929b6d1c13ffff,1.0,True,1.0,1.0,,False,False
40450000355,Madison #1 Elementary School,PHOENIX,Maricopa County,11,33.5172,-112.0453,2024-2025,466.0,43,663.0,457.0353951734541,6.532467198183102,False,8929b6d11c3ffff,1.0,True,1.0,1.0,,False,False
40450000357,Madison Park School,Phoenix,Maricopa County,11,33.50129,-112.050022,2024-2025,183.0,48,758.0,292.7695039577836,6.777980622445013,False,8929b6d150bffff,1.0,True,1.0,1.0,,False,False
40450000358,Madison Richard Simis School,PHOENIX,Maricopa County,11,33.5428,-112.0617,2024-2025,499.0,41,380.0,448.8158657894736,4.994633449589011,False,8929b6d1eb3ffff,1.0,True,1.0,1.0,,False,False
40450000359,Madison Rose Lane School,PHOENIX,Maricopa County,11,33.5264,-112.0567,2024-2025,414.0,44,399.0,415.828388471178,5.314633266568798,False,8929b6d1107ffff,1.0,True,1.0,1.0,,False,False
40450000678,Madison Camelview Elementary,PHOENIX,Maricopa County,11,33.5033,-112.038,2024-2025,243.0,47,650.0,317.2557076923076,7.675682719809841,False,8929b6d154bffff,1.0,True,1.0,1.0,,False,False
40450002874,Madison Traditional Academy,PHOENIX,Maricopa County,11,33.530699,-112.061233,2024-2025,400.0,41,339.0,421.7699587020649,4.868116534573334,False,8929b6d1123ffff,1.0,True,1.0,1.0,,False,False
40450003758,Madison Virtual Academy,PHOENIX,Maricopa County,11,33.518198,-112.046832,2024-2025,486.0,40,592.0,402.4979780405405,6.368538495739022,False,8929b6d11c3ffff,1.0,True,1.0,1.0,,False,False
40453000361,Maine Consolidated School,Parks,Coconino County,42,35.261993,-111.949912,2024-2025,356.0,4,7.0,145.28528571428572,24.119925832808445,True,8929b247253ffff,1.0,True,1.0,0.8106508875739645,,False,False
40457000362,Avenue B School - Closed,SAN MANUEL,Pinal County,42,32.605053,-110.629378,2024-2025,204.0,9,73.0,259.9384109589041,0.4467436436028391,True,8948eab0853ffff,1.0,True,1.0,1.0,,False,False
40457000363,First Avenue Elementary School,SAN MANUEL,Pinal County,42,32.596783,-110.638082,2024-2025,210.0,9,73.0,259.9384109589041,0.7908590507357378,True,8948eab0c6fffff,1.0,True,1.0,0.9526627218934911,,False,False
40457000364,Mammoth Elementary School,Mammoth,Pinal County,42,32.728963,-110.648912,2024-2025,216.0,8,74.0,396.1547162162162,12.598828158904023,True,8948eaa2bdbffff,1.0,True,1.0,0.9644970414201184,,False,False
40457000365,San Manuel Jr. High School,SAN MANUEL,Pinal County,42,32.597768,-110.630399,2024-2025,208.0,9,73.0,259.9384109589041,0.45704659412547,True,8948eab08dbffff,1.0,True,1.0,0.9704142011834319,,False,False
40457000366,San Manuel High School,SAN MANUEL,Pinal County,42,32.597768,-110.630399,2024-2025,208.0,9,73.0,259.9384109589041,0.45704659412547,True,8948eab08dbffff,1.0,True,1.0,0.9704142011834319,,False,False
40463000333,Quail Run Elementary School,TUCSON,Pima County,21,32.3607,-111.0642,2024-2025,358.0,28,145.0,326.7107655172414,8.26775779652165,False,8948e80916fffff,1.0,True,1.0,1.0,,False,False
40463000367,Marjorie W Estes Elementary School,MARANA,Pima County,31,32.45441,-111.207035,2024-2025,316.0,21,471.0,758.9967006369427,0.5198777531212261,False,8948e80d363ffff,1.0,True,1.0,1.0,,False,False
40463000368,Marana Middle School,MARANA,Pima County,31,32.452216,-111.20635,2024-2025,323.0,24,481.0,750.0038960498961,0.2762380232595537,False,8948e80d363ffff,1.0,True,1.0,1.0,,False,False
40463000369,Butterfield Elementary School,TUCSON,Pima County,21,32.3461,-111.0391,2024-2025,328.0,38,439.0,247.52962186788156,11.082259970485296,False,8948e80906fffff,1.0,True,1.0,1.0,,False,False
40463000370,Marana High School,TUCSON,Pima County,41,32.366912,-111.220812,2024-2025,330.0,7,18.0,141.6930555555556,4.489036083534598,True,8948e80f287ffff,1.0,True,1.0,1.0,,False,False
40463000984,Coyote Trail Elementary School,TUCSON,Pima County,21,32.3538,-111.1073,2024-2025,383.0,26,315.0,350.3751142857143,5.313735112371858,False,8948e80834fffff,1.0,True,1.0,1.0,,False,False
40463000999,A. C. E.,MARANA,Pima County,31,32.453107,-111.20769,2024-2025,317.0,23,475.0,754.29572,0.4322590561927633,False,8948e80d363ffff,1.0,True,1.0,1.0,,False,False
40463001131,Tortolita Middle School,TUCSON,Pima County,21,32.364359,-111.054252,2024-2025,359.0,29,187.0,296.7522780748663,9.006971258057247,False,8948e809337ffff,1.0,True,1.0,1.0,,False,False
40463001163,Degrazia Elementary School,TUCSON,Pima County,21,32.3732,-111.0734,2024-2025,314.0,23,260.0,698.5142923076924,7.005837189391262,False,8948e809e33ffff,1.0,True,1.0,1.0,,False,False
40463001164,Picture Rocks Elementary,TUCSON,Pima County,42,32.311399,-111.236108,2024-2025,287.0,16,36.0,221.38847222222225,1.9674762366625331,True,8948e801ac7ffff,1.0,True,1.0,1.0,,False,False
40463001165,Roadrunner Elementary School,MARANA,Pima County,42,32.4142,-111.3236,2024-2025,313.0,6,49.0,324.38789795918365,4.075495083266761,True,8948e80ea43ffff,1.0,True,1.0,1.0,,False,False
40463001372,Mountain View High School,TUCSON,Pima County,21,32.379643,-111.048412,2024-2025,329.0,20,74.0,194.71616216216216,9.1881297330843,False,8948e846dbbffff,1.0,True,1.0,1.0,,False,False
40463001408,Ironwood Elementary School,TUCSON,Pima County,21,32.3784,-111.0374,2024-2025,349.0,25,94.0,236.52108510638297,9.23807821016181,False,8948e846dcfffff,1.0,True,1.0,1.0,,False,False
40463002197,Twin Peaks Elementary School,TUCSON,Pima County,21,32.3743,-111.1338,2024-2025,444.0,27,194.0,201.940324742268,1.9716918425409315,False,8948e808ad3ffff,1.0,True,1.0,1.0,,False,False
40463002548,Marana Distance Learning,MARANA,Pima County,31,32.453852,-111.208622,2024-2025,316.0,23,475.0,754.29572,0.5523466358979521,False,8948e80d363ffff,1.0,True,1.0,1.0,,False,False
40463002784,Rattlesnake Ridge Elementary,TUCSON,Pima County,21,32.3607,-111.123,2024-2025,443.0,26,137.0,203.22436496350363,3.792581785928189,False,8948e809d97ffff,1.0,True,1.0,1.0,,False,False
40463003302,MCAT High School,MARANA,Pima County,31,32.453852,-111.208622,2024-2025,316.0,23,475.0,754.29572,0.5523466358979521,False,8948e80d363ffff,1.0,True,1.0,1.0,,False,False
40463003516,Gladden Farms Elementary,MARANA,Pima County,31,32.432991,-111.214654,2024-2025,334.0,20,96.0,367.07352083333336,2.131340687672164,False,8948e80d393ffff,1.0,True,1.0,1.0,,False,False
40463003588,Dove Mountain K-8,MARANA,Pima County,41,32.44029,-111.087297,2024-2025,382.0,14,47.0,268.66380851063826,7.910918853020385,True,8948e873567ffff,1.0,True,1.0,1.0,,False,False
40463003663,MUSD Early Learning and Resource Center,TUCSON,Pima County,21,32.34582,-111.056593,2024-2025,349.0,36,256.0,355.73059375,9.640300989686772,False,8948e809153ffff,1.0,True,1.0,1.0,,False,False
40472000371,Maricopa Elementary School,MARICOPA,Pinal County,23,33.04479,-112.054352,2024-2025,186.0,31,335.0,264.7599940298508,2.054962518941588,False,8948e945333ffff,1.0,True,1.0,1.0,,False,False
40472000372,Maricopa High School,MARICOPA,Pinal County,23,33.053827,-112.052503,2024-2025,205.0,35,472.0,269.902,1.037764681034358,False,8948e94ed97ffff,1.0,True,1.0,1.0,,False,False
40472001468,Maricopa Wells Middle School,MARICOPA,Pinal County,23,33.052821,-112.059248,2024-2025,175.0,26,400.0,285.65042,1.4320392636605843,False,8948e945e53ffff,1.0,True,1.0,1.0,,False,False
40472002560,Pima Butte Elementary School,MARICOPA,Pinal County,23,33.086554,-112.02115,2024-2025,405.0,26,170.0,348.75767647058825,3.738445298794108,False,8948e94e867ffff,1.0,True,1.0,1.0,,False,False
40472002665,Santa Cruz Elementary School,MARICOPA,Pinal County,23,33.060042,-111.955202,2024-2025,270.0,16,60.0,224.2632833333333,0.9711104215635064,False,8948e94c4bbffff,1.0,True,1.0,1.0,,False,False
40472002914,Desert Wind Middle School,MARICOPA,Pinal County,23,33.050804,-111.949514,2024-2025,272.0,19,59.0,198.9320338983051,1.5932934666440115,False,8948e94c493ffff,1.0,True,1.0,1.0,,False,False
40472002920,Butterfield Elementary School,MARICOPA,Pinal County,23,33.05885,-112.037631,2024-2025,335.0,44,511.0,306.33167514677103,1.1986909626240942,False,8948e94edc3ffff,1.0,True,1.0,1.0,,False,False
40472002922,Saddleback Elementary School,MARICOPA,Pinal County,23,33.047199,-112.014788,2024-2025,293.0,36,327.0,252.3849633027523,0.4529590562619864,False,8948e94ecc3ffff,1.0,True,1.0,1.0,,False,False
40472003113,Santa Rosa Elementary School,MARICOPA,Pinal County,23,33.073834,-112.028348,2024-2025,363.0,45,399.0,249.85106265664163,2.326339126556962,False,8948e94e8bbffff,1.0,True,1.0,1.0,,False,False
40472003378,Santa Rosa Preschool,MARICOPA,Pinal County,23,33.073834,-112.028348,2024-2025,363.0,45,399.0,249.85106265664163,2.326339126556962,False,8948e94e8bbffff,1.0,True,1.0,1.0,,False,False
40472003396,Saddleback Preschool,MARICOPA,Pinal County,23,33.047199,-112.014788,2024-2025,293.0,36,327.0,252.3849633027523,0.4529590562619864,False,8948e94ecc3ffff,1.0,True,1.0,1.0,,False,False
40472003707,Maricopa Virtual Academy,MARICOPA,Pinal County,23,33.054507,-112.041662,2024-2025,319.0,39,435.0,303.1115448275862,1.1841279091709365,False,8948e94536fffff,1.0,True,1.0,1.0,,False,False
40472003810,Desert Sunrise High School,MARICOPA,Pinal County,41,33.026731,-111.948147,2024-2025,,9,13.0,235.311,4.248642624405679,True,8948e94e667ffff,1.0,True,1.0,1.0,,False,False
40477001005,Altar Valley Middle School,TUCSON,Pima County,42,32.0776,-111.3148,2024-2025,191.0,7,10.0,677.7962,0.6048528448222932,True,8948e8100b7ffff,1.0,True,1.0,1.0,,False,False
40477002400,Robles Elementary School,TUCSON,Pima County,42,32.066873,-111.319313,2024-2025,195.0,6,8.0,780.6455000000001,1.5084409414653042,True,8948e8105cfffff,1.0,True,1.0,1.0,,False,False
40482000374,Mayer Elementary School,MAYER,Yavapai County,42,34.4013,-112.2432,2024-2025,288.0,6,40.0,642.1203250000001,12.759997237766814,True,8929b660013ffff,1.0,True,1.0,0.9053254437869822,,False,False
40482000375,Mayer High School,MAYER,Yavapai County,42,34.34645,-112.156628,2024-2025,284.0,8,46.0,360.3815,2.815400176848054,True,8929b66365bffff,1.0,True,1.0,0.9822485207100592,,False,False
40482002997,Mayer Junior High School,MAYER,Yavapai County,42,34.400085,-112.241393,2024-2025,288.0,6,40.0,642.1203250000001,12.546207939783072,True,8929b6600c7ffff,1.0,True,1.0,0.9230769230769231,,False,False
40486000376,Mcnary Elementary School,McNary,Apache County,41,34.074997,-109.856551,2024-2025,159.0,2,2.0,46.186,1.4594020030464072,True,8948cc08abbffff,1.0,True,1.0,0.7455621301775148,Fort Apache,True,False
40492000377,Mcneal Elementary School,McNeal,Cochise County,43,31.599194,-109.672209,2024-2025,213.0,1,2.0,7.325,28.08503470888843,True,8948ee50bbbffff,1.0,True,1.0,0.9940828402366864,,False,False
40497000118,Franklin Accelerated Academy - Downtown Campus,MESA,Maricopa County,11,33.4097,-111.8294,2024-2025,154.0,46,801.0,314.6997740324594,5.553036876234248,False,8948eba56cfffff,1.0,True,1.0,1.0,,False,False
40497000229,Kerr Center for Agriscience,MESA,Maricopa County,11,33.443421,-111.827369,2024-2025,245.0,39,255.0,247.4572274509804,8.323657493675322,False,8948eba527bffff,1.0,True,1.0,1.0,,False,False
40497000230,Entz Elementary School,MESA,Maricopa County,11,33.4312,-111.7424,2024-2025,261.0,42,500.0,287.407508,2.627238566558928,False,8948ebaf5bbffff,1.0,True,1.0,1.0,,False,False
40497000378,Adams Elementary School,MESA,Maricopa County,11,33.4013,-111.8664,2024-2025,159.0,45,866.0,349.4463013856814,3.892511965098885,False,8948eba54bbffff,1.0,True,1.0,1.0,,False,False
40497000379,Alma Elementary School,Mesa,Maricopa County,11,33.370311,-111.86166,2024-2025,308.0,45,1050.0,425.68072380952384,0.4326091348267924,False,8948eba729bffff,1.0,True,1.0,1.0,,False,False
40497000380,Carson Junior  High School,MESA,Maricopa County,11,33.4249,-111.8515,2024-2025,198.0,40,659.0,338.4722579666161,6.515474755453103,False,8948eba5057ffff,1.0,True,1.0,1.0,,False,False
40497000382,Edison Elementary School,MESA,Maricopa County,11,33.4251,-111.8137,2024-2025,156.0,42,336.0,269.7852857142857,5.97642707512653,False,8948ebae517ffff,1.0,True,1.0,1.0,,False,False
40497000383,Eisenhower Center for Innovation,MESA,Maricopa County,11,33.4308,-111.8234,2024-2025,156.0,46,543.0,237.77739594843464,7.066560806319146,False,8948eba52cbffff,1.0,True,1.0,1.0,,False,False
40497000384,Emerson Elementary School,MESA,Maricopa County,11,33.4227,-111.8513,2024-2025,193.0,44,710.0,352.82782957746474,6.274981677033873,False,8948eba50cfffff,1.0,True,1.0,1.0,,False,False
40497000385,Field Elementary School,MESA,Maricopa County,11,33.4292,-111.7811,2024-2025,224.0,40,530.0,491.3986698113208,4.774652912821347,False,8948ebae0d7ffff,1.0,True,1.0,1.0,,False,False
40497000386,Franklin Accelerated Academy - East Campus,MESA,Maricopa County,11,33.3998,-111.7937,2024-2025,209.0,44,398.0,373.9172889447236,2.788370246169187,False,8948eba0a2fffff,1.0,True,1.0,1.0,,False,False
40497000387,Fremont Junior High School,MESA,Maricopa County,11,33.432878,-111.683341,2024-2025,301.0,38,470.0,282.5515085106383,4.070420360178168,False,8948ebaf61bffff,1.0,True,1.0,1.0,,False,False
40497000388,Hale Elementary School,MESA,Maricopa County,11,33.4419,-111.7805,2024-2025,328.0,40,366.0,479.45064207650273,4.686708816460347,False,8948ebae073ffff,1.0,True,1.0,1.0,,False,False
40497000389,Michael T. Hughes Elementary School,MESA,Maricopa County,11,33.4274,-111.7989,2024-2025,181.0,43,272.0,283.4757095588235,5.287458104313952,False,8948ebae543ffff,1.0,True,1.0,1.0,,False,False
40497000391,Holmes Elementary School,MESA,Maricopa County,11,33.398,-111.8149,2024-2025,153.0,46,596.0,374.80224496644297,4.560915452228226,False,8948eba0b8fffff,1.0,True,1.0,1.0,,False,False
40497000393,Irving Elementary School,MESA,Maricopa County,11,33.4016,-111.7608,2024-2025,270.0,41,308.0,265.0876168831169,1.6456176090128714,False,8948eba1903ffff,1.0,True,1.0,1.0,,False,False
40497000394,Salk Elementary School,MESA,Maricopa County,11,33.4358,-111.6791,2024-2025,293.0,33,420.0,273.8860595238095,3.635202837256077,False,8948ebaf657ffff,1.0,True,1.0,1.0,,False,False
40497000396,Kino Junior High School,MESA,Maricopa County,11,33.4314,-111.8147,2024-2025,166.0,44,377.0,279.0944880636605,6.543769074225423,False,8948ebae53bffff,1.0,True,1.0,1.0,,False,False
40497000397,Lehi Elementary School,MESA,Maricopa County,11,33.4619,-111.8041,2024-2025,379.0,20,187.0,380.3276684491979,6.777538549152128,False,8948ebae16fffff,1.0,True,1.0,1.0,,False,False
40497000398,Lincoln Elementary School,MESA,Maricopa County,11,33.3977,-111.8285,2024-2025,143.0,47,597.0,348.6446633165829,4.510441896894021,False,8948eba097bffff,1.0,True,1.0,1.0,,False,False
40497000399,Lindbergh Elementary School,MESA,Maricopa County,11,33.3979,-111.8022,2024-2025,202.0,46,466.0,389.9591137339056,3.427482231539692,False,8948eba0bcfffff,1.0,True,1.0,1.0,,False,False
40497000400,Longfellow Elementary School,MESA,Maricopa County,11,33.409,-111.7926,2024-2025,186.0,46,612.0,461.0964101307189,3.324658082258558,False,8948ebae4bbffff,1.0,True,1.0,1.0,,False,False
40497000401,Lowell Elementary School,MESA,Maricopa County,11,33.408629,-111.810122,2024-2025,162.0,42,455.0,339.27514065934065,4.5984611094300245,False,8948eba0b77ffff,1.0,True,1.0,1.0,,False,False
40497000402,MacArthur Elementary School,MESA,Maricopa County,11,33.4435,-111.7995,2024-2025,347.0,36,261.0,398.4354674329502,6.370912986369141,False,8948ebae1cbffff,1.0,True,1.0,1.0,,False,False
40497000404,Mesa High School,MESA,Maricopa County,11,33.3959,-111.796,2024-2025,214.0,43,392.0,376.68170663265306,2.8109327085962184,False,8948eba0a37ffff,1.0,True,1.0,1.0,,False,False
40497000406,Mountain View High School,MESA,Maricopa County,11,33.438737,-111.77346,2024-2025,284.0,36,317.0,518.6773753943218,4.182238472666193,False,8948ebae043ffff,1.0,True,1.0,1.0,,False,False
40497000407,Power Learning Center,MESA,Maricopa County,11,33.431256,-111.679531,2024-2025,289.0,36,418.0,284.99069856459334,3.7611178015487168,False,8948ebaf6cfffff,1.0,True,1.0,1.0,,False,False
40497000409,Poston Junior High School,MESA,Maricopa County,11,33.4289,-111.7784,2024-2025,226.0,38,515.0,542.294867961165,4.681085112890557,False,8948ebae0c3ffff,1.0,True,1.0,1.0,,False,False
40497000410,Powell Junior High School,MESA,Maricopa County,11,33.399511,-111.849545,2024-2025,156.0,45,784.0,357.58386479591843,3.769665306003154,False,8948eba5453ffff,1.0,True,1.0,1.0,,False,False
40497000411,Redbird Elementary School,MESA,Maricopa County,11,33.3963,-111.8495,2024-2025,154.0,46,824.0,358.4114696601942,3.426713794428573,False,8948eba54cbffff,1.0,True,1.0,1.0,,False,False
40497000412,Rhodes Junior High School,MESA,Maricopa County,11,33.3801,-111.8708,2024-2025,266.0,44,875.0,348.13251428571425,1.8012720738235783,False,8948eba72afffff,1.0,True,1.0,1.0,,False,False
40497000413,Roosevelt Elementary School,MESA,Maricopa County,11,33.3995,-111.8816,2024-2025,172.0,44,754.0,334.4599217506632,4.166301567931881,False,8948eba7363ffff,1.0,True,1.0,1.0,,False,False
40497000415,Stevenson Elementary School,MESA,Maricopa County,21,33.403406,-111.625113,2024-2025,237.0,47,523.0,311.28945124282984,1.6802884494711576,False,8948eba8537ffff,1.0,True,1.0,1.0,,False,False
40497000416,Taft Elementary School,MESA,Maricopa County,21,33.4267,-111.6196,2024-2025,286.0,40,239.0,309.89134728033474,1.2339244223442012,False,8948eba8133ffff,1.0,True,1.0,1.0,,False,False
40497000417,Washington Elementary School,MESA,Maricopa County,11,33.3843,-111.8802,2024-2025,261.0,46,800.0,330.64508,2.717930211516488,False,8948eba73d7ffff,1.0,True,1.0,1.0,,False,False
40497000418,Webster Elementary School,MESA,Maricopa County,11,33.4187,-111.8709,2024-2025,166.0,47,686.0,353.3397580174927,5.869822575140689,False,8948eba554bffff,1.0,True,1.0,1.0,,False,False
40497000419,Westwood High School,MESA,Maricopa County,11,33.429125,-111.850234,2024-2025,204.0,41,640.0,337.7896546875,6.996189943312288,False,8948eba5047ffff,1.0,True,1.0,1.0,,False,False
40497000420,Whitman Elementary School,MESA,Maricopa County,11,33.449,-111.8341,2024-2025,213.0,31,200.0,207.73875,9.202733159172968,False,8948eba5267ffff,1.0,True,1.0,1.0,,False,False
40497000421,Whittier Elementary School,MESA,Maricopa County,11,33.4286,-111.8646,2024-2025,193.0,39,610.0,372.6394737704918,6.8945446980155705,False,8948eba5033ffff,1.0,True,1.0,1.0,,False,False
40497000551,K-8 STEM Academy at Red Mountain Ranch,MESA,Maricopa County,11,33.4833,-111.6855,2024-2025,420.0,33,249.0,339.8422449799197,3.671252261427936,False,8948ebad407ffff,1.0,True,1.0,0.9881656804733728,,False,False
40497000553,Bush Elementary,MESA,Maricopa County,11,33.4466,-111.7239,2024-2025,387.0,39,249.0,402.8961646586346,1.0306019867756575,False,8948ebaf0a7ffff,1.0,True,1.0,1.0,,False,False
40497000555,Sunridge Learning Center,Mesa,Maricopa County,11,33.363558,-111.850342,2024-2025,347.0,42,956.0,434.22476569037656,0.9514668688608356,False,8948eba0db7ffff,1.0,True,1.0,1.0,,False,False
40497000578,McKellips Learning Center,MESA,Maricopa County,11,33.450999,-111.824017,2024-2025,239.0,34,276.0,251.29745289855077,8.558157687306155,False,8948ebaecd3ffff,1.0,True,1.0,1.0,,False,False
40497000580,Stapley Junior High School,MESA,Maricopa County,11,33.4604,-111.7599,2024-2025,472.0,30,127.0,308.48596062992124,2.729437044110325,False,8948ebac49bffff,1.0,True,1.0,1.0,,False,False
40497001070,Jefferson Elementary School,MESA,Maricopa County,11,33.412511,-111.678702,2024-2025,249.0,40,563.0,301.8237317939609,3.349212547716515,False,8948ebaa957ffff,1.0,True,1.0,1.0,,False,False
40497001071,Keller Elementary School,MESA,Maricopa County,11,33.3879,-111.7995,2024-2025,257.0,42,390.0,387.0849333333333,2.989063932305197,False,8948eba0ab7ffff,1.0,True,1.0,1.0,,False,False
40497001072,Pomeroy Elementary School,CHANDLER,Maricopa County,11,33.3434,-111.8683,2024-2025,326.0,47,288.0,374.2931041666666,2.528820441832586,False,8948eba292fffff,1.0,True,1.0,1.0,,False,False
40497001073,Highland Arts Elementary,MESA,Maricopa County,11,33.4308,-111.7652,2024-2025,274.0,38,390.0,418.51388717948726,3.9693460019595,False,8948ebae63bffff,1.0,True,1.0,1.0,,False,False
40497001074,Crismon Elementary School,MESA,Maricopa County,11,33.3708,-111.8533,2024-2025,331.0,43,1172.0,404.53424829351536,0.759496098204367,False,8948eba72d3ffff,1.0,True,1.0,1.0,,False,False
40497001076,S H A R P,MESA,Maricopa County,11,33.430403,-111.674464,2024-2025,,36,449.0,288.9822249443207,3.332697496167094,False,8948ebaf6cbffff,1.0,True,1.0,1.0,,False,False
40497001132,Dobson High School,MESA,Maricopa County,11,33.3624,-111.8682,2024-2025,324.0,46,511.0,323.1749295499022,0.9114352102358092,False,8948eba7623ffff,1.0,True,1.0,1.0,,False,False
40497001166,Robson Elementary School,MESA,Maricopa County,11,33.4016,-111.7845,2024-2025,197.0,43,498.0,496.0037008032129,2.2116468678501557,False,8948eba0a6fffff,1.0,True,1.0,1.0,,False,False
40497001167,Sirrine Montessori Center,CHANDLER,Maricopa County,11,33.3429,-111.8495,2024-2025,358.0,45,303.0,357.1797326732673,2.5206839472785627,False,8948eba2ba3ffff,1.0,True,1.0,1.0,,False,False
40497001186,Las Sendas Elementary School,MESA,Maricopa County,11,33.472427,-111.677872,2024-2025,389.0,33,167.0,343.68839520958085,2.548770064432575,False,8948ebad4d3ffff,1.0,True,1.0,0.9940828402366864,,False,False
40497001188,Eagleridge Enrichment Program,Mesa,Maricopa County,11,33.370311,-111.86166,2024-2025,308.0,45,1050.0,425.68072380952384,0.4326091348267924,False,8948eba729bffff,1.0,True,1.0,1.0,,False,False
40497001233,Johnson Elementary School,MESA,Maricopa County,11,33.4004,-111.7484,2024-2025,286.0,46,378.0,276.74750529100527,2.2434557691755543,False,8948eba195bffff,1.0,True,1.0,1.0,,False,False
40497001234,Taylor Junior High School,MESA,Maricopa County,11,33.4032,-111.7613,2024-2025,258.0,44,325.0,263.41457230769225,1.7973533748636,False,8948eba190fffff,1.0,True,1.0,1.0,,False,False
40497001235,Hendrix Junior High School,CHANDLER,Maricopa County,11,33.3549,-111.8683,2024-2025,320.0,44,290.0,407.9743206896552,1.53047355484092,False,8948eba76abffff,1.0,True,1.0,1.0,,False,False
40497001305,O'Connor Elementary School,MESA,Maricopa County,11,33.430865,-111.726027,2024-2025,319.0,46,587.0,266.644405451448,2.5310955355271,False,8948ebaf5cbffff,1.0,True,1.0,1.0,,False,False
40497001373,Frost Elementary School,CHANDLER,Maricopa County,11,33.3556,-111.8707,2024-2025,322.0,42,289.0,412.25787197231824,1.5946228880626296,False,8948eba76a3ffff,1.0,True,1.0,1.0,,False,False
40497001374,Mendoza Elementary School,MESA,Maricopa County,11,33.4439,-111.7044,2024-2025,413.0,45,324.0,312.6819228395062,2.741197554983473,False,8948ebaf0cfffff,1.0,True,1.0,1.0,,False,False
40497001375,Ishikawa Elementary School,MESA,Maricopa County,11,33.4636,-111.7613,2024-2025,493.0,32,130.0,316.18366153846154,2.974360545901221,False,8948ebac483ffff,1.0,True,1.0,1.0,,False,False
40497001376,Shepherd Junior High School,MESA,Maricopa County,11,33.4407,-111.706,2024-2025,446.0,43,351.0,309.626566951567,2.7635149602178037,False,8948ebaf0c7ffff,1.0,True,1.0,1.0,,False,False
40497001409,Madison Elementary School,MESA,Maricopa County,11,33.4006,-111.7131,2024-2025,284.0,46,488.0,322.06258811475413,1.425680005895955,False,8948eba1a03ffff,1.0,True,1.0,1.0,,False,False
40497001410,Sousa Elementary School,MESA,Maricopa County,11,33.4276,-111.5901,2024-2025,306.0,34,374.0,222.23113368983957,2.671475619445165,False,8948eba838fffff,1.0,True,1.0,1.0,,False,False
40497001411,Red Mountain High School,MESA,Maricopa County,11,33.4354,-111.6738,2024-2025,302.0,33,434.0,280.69606682027654,3.152230357017781,False,8948ebaf643ffff,1.0,True,1.0,1.0,,False,False
40497001413,Riverview High School,MESA,Maricopa County,11,33.3624,-111.8682,2024-2025,,46,511.0,323.1749295499022,0.9114352102358092,False,8948eba7623ffff,1.0,True,1.0,1.0,,False,False
40497001469,Hermosa Vista Elementary School,MESA,Maricopa County,11,33.4634,-111.7802,2024-2025,519.0,33,165.0,514.6266545454546,4.63296434607138,False,8948ebae30bffff,1.0,True,1.0,1.0,,False,False
40497001497,Falcon Hill Elementary School,MESA,Maricopa County,11,33.4467,-111.6733,2024-2025,349.0,30,327.0,267.32626605504583,3.025705470660052,False,8948eba8da7ffff,1.0,True,1.0,1.0,,False,False
40497001550,Porter Elementary School,MESA,Maricopa County,11,33.3905,-111.7722,2024-2025,294.0,38,330.0,403.9451424242424,0.5425995577624122,False,8948eba0a5bffff,1.0,True,1.0,1.0,,False,False
40497001667,Wilson Elementary School,MESA,Maricopa County,11,33.3912,-111.7111,2024-2025,321.0,45,421.0,256.47968408551066,0.7111881570047188,False,8948eba1a9bffff,1.0,True,1.0,1.0,,False,False
40497001827,Patterson Elementary,MESA,Maricopa County,11,33.403,-111.6048,2024-2025,271.0,47,510.0,314.9669823529412,1.3895274672611193,False,8948eba854fffff,1.0,True,1.0,1.0,,False,False
40497001830,Skyline High School,MESA,Maricopa County,11,33.3997,-111.6137,2024-2025,253.0,46,434.0,336.5725967741936,1.837930285109289,False,8948eba8503ffff,1.0,True,1.0,1.0,,False,False
40497001831,East Valley Academy,MESA,Maricopa County,11,33.399511,-111.849545,2024-2025,156.0,45,784.0,357.58386479591843,3.769665306003154,False,8948eba5453ffff,1.0,True,1.0,1.0,,False,False
40497001832,Mesa Digital Learning Program,MESA,Maricopa County,11,33.370311,-111.86166,2024-2025,189.0,45,1050.0,425.68072380952384,0.4326091348267924,False,8948eba729bffff,1.0,True,1.0,1.0,,False,False
40497001833,Superstition High School,MESA,Maricopa County,11,33.39403,-111.610366,2024-2025,,46,393.0,322.48289058524176,2.0796397224827032,False,8948eba85c7ffff,1.0,True,1.0,1.0,,False,False
40497001981,Guerrero Elementary School,MESA,Maricopa County,11,33.4064,-111.8547,2024-2025,156.0,44,704.0,337.9488579545454,4.437913438885646,False,8948eba5447ffff,1.0,True,1.0,1.0,,False,False
40497002108,Brinton Elementary,MESA,Maricopa County,11,33.3963,-111.583,2024-2025,264.0,34,531.0,209.8324877589454,0.8765742202825504,False,8948eba846bffff,1.0,True,1.0,1.0,,False,False
40497002109,Red Mountain Center for Early Education,MESA,Maricopa County,11,33.431254,-111.672967,2024-2025,287.0,33,434.0,286.9375806451613,3.1724640373187314,False,8948ebaab27ffff,1.0,True,1.0,1.0,,False,False
40497002110,Smith Junior High School,MESA,Maricopa County,11,33.4306,-111.6139,2024-2025,298.0,37,135.0,319.7649481481481,1.6110739510351602,False,8948eba812bffff,1.0,True,1.0,1.0,,False,False
40497002280,Zaharis Elementary,MESA,Maricopa County,11,33.455,-111.628,2024-2025,351.0,16,101.0,348.5952277227723,2.084800703904292,False,8948eba88cfffff,1.0,True,1.0,1.0,,False,False
40497002337,Early Education Center,MESA,Maricopa County,11,33.417745,-111.840392,2024-2025,175.0,48,795.0,321.1672226415094,5.954439301518651,False,8948eba5633ffff,1.0,True,1.0,1.0,,False,False
40497002678,Crossroads at East Valley Academy,MESA,Maricopa County,11,33.399511,-111.849545,2024-2025,,45,784.0,357.58386479591843,3.769665306003154,False,8948eba5453ffff,1.0,True,1.0,1.0,,False,False
40497002770,Mesa Academy for Advanced Studies,MESA,Maricopa County,11,33.4363,-111.6816,2024-2025,332.0,38,458.0,275.54229912663754,3.860894354427642,False,8948ebaf60bffff,1.0,True,1.0,1.0,,False,False
40497003005,Franklin Junior High School,MESA,Maricopa County,11,33.39288,-111.725209,2024-2025,337.0,44,424.0,285.5461155660377,2.033744245720466,False,8948eba184fffff,1.0,True,1.0,1.0,,False,False
40497003205,Franklin Accelerated Academy - Jordan Campus,Mesa,Maricopa County,11,33.370311,-111.86166,2024-2025,308.0,45,1050.0,425.68072380952384,0.4326091348267924,False,8948eba729bffff,1.0,True,1.0,1.0,,False,False
40497003229,Summit Academy,CHANDLER,Maricopa County,11,33.355625,-111.870656,2024-2025,322.0,42,289.0,412.25787197231824,1.589887854440738,False,8948eba76abffff,1.0,True,1.0,1.0,,False,False
40497003348,Franklin Accelerated Academy - Brimhall Campus,MESA,Maricopa County,11,33.3921,-111.7248,2024-2025,337.0,44,431.0,290.29144315545244,1.9869818103717296,False,8948eba184bffff,1.0,True,1.0,1.0,,False,False
40497003377,Mesa Center for Success,MESA,Maricopa County,11,33.399511,-111.849545,2024-2025,318.0,45,784.0,357.58386479591843,3.769665306003154,False,8948eba5453ffff,1.0,True,1.0,1.0,,False,False
40503001077,Miami Junior Senior High School,Miami,Gila County,41,33.410774,-110.833222,2024-2025,190.0,16,46.0,250.27315217391305,8.569704420648884,True,8948eb55027ffff,1.0,True,1.0,1.0,,False,False
40503001134,Lee Kornegay Intermediate School,Miami,Gila County,41,33.410774,-110.833222,2024-2025,190.0,16,46.0,250.27315217391305,8.569704420648884,True,8948eb55027ffff,1.0,True,1.0,1.0,,False,False
40503002789,M.U.S.D. #40 - Little Vandal Preschool,MIAMI,Gila County,41,33.408053,-110.836538,2024-2025,190.0,15,32.0,240.71753125000004,8.169795654189445,True,8948eb551dbffff,1.0,True,1.0,1.0,,False,False
40503003134,Dr. Charles A. Bejarano Elementary School,Miami,Gila County,41,33.410587,-110.833984,2024-2025,190.0,17,48.0,254.3929791666667,8.52217804308616,True,8948eb55027ffff,1.0,True,1.0,1.0,,False,False
40503003686,Miami Virtual Program,MIAMI,Gila County,41,33.408053,-110.836538,2024-2025,190.0,15,32.0,240.71753125000004,8.169795654189445,True,8948eb551dbffff,1.0,True,1.0,1.0,,False,False
40507000430,Mingus Union High School,COTTONWOOD,Yavapai County,32,34.7163,-112.0051,2024-2025,217.0,29,137.0,318.99794890510947,10.357217064207257,False,8929b2d1a1bffff,1.0,True,1.0,0.9940828402366864,,False,False
40507003009,The Academy At Mingus,COTTONWOOD,Yavapai County,32,34.7163,-112.0051,2024-2025,217.0,29,137.0,318.99794890510947,10.357217064207257,False,8929b2d1a1bffff,1.0,True,1.0,0.9940828402366864,,False,False
40507003308,Mingus Online Academy,COTTONWOOD,Yavapai County,32,34.7163,-112.0051,2024-2025,217.0,29,137.0,318.99794890510947,10.357217064207257,False,8929b2d1a1bffff,1.0,True,1.0,0.9940828402366864,,False,False
40510000431,Mobile Elementary School,MARICOPA,Maricopa County,42,33.0565,-112.271,2024-2025,238.0,5,55.0,283.63369090909094,0.0875592040237981,True,8948e9731abffff,1.0,True,1.0,1.0,,False,False
40519001414,Mohave Valley Junior High School,MOHAVE VALLEY,Mohave County,41,34.9657,-114.555,2024-2025,330.0,6,32.0,93.88059375,8.16247691440862,True,8929b1ce8d3ffff,1.0,True,1.0,1.0,,False,False
40519001415,Fort Mohave Elementary School,FORT MOHAVE,Mohave County,23,34.9964,-114.5882,2024-2025,309.0,33,193.0,159.1671450777202,10.65618483408054,False,8929b1ce967ffff,1.0,True,1.0,0.9940828402366864,,False,False
40519001758,Camp Mohave Elementary School,FORT MOHAVE,Mohave County,23,35.030512,-114.588244,2024-2025,300.0,26,1097.0,76.38240838650866,9.06055523609309,False,8929b11b213ffff,1.0,True,1.0,1.0,,False,False
40519003782,Mohave Valley Connections Academy,MOHAVE VALLEY,Mohave County,41,34.91115,-114.599604,2024-2025,254.0,5,25.0,187.30364,1.1730438281229871,True,8929b1c50b3ffff,1.0,True,1.0,1.0,,False,False
40522000436,Mohawk Valley School,Roll,Yuma County,42,32.751802,-113.97004,2024-2025,263.0,0,0.0,,21.009098287268078,True,89485a2f3bbffff,1.0,True,1.0,1.0,,False,True
40532000438,Metcalf Elementary School,Morenci,Greenlee County,43,33.044814,-109.321618,2024-2025,251.0,18,46.0,115.20489130434784,8.202046048914793,True,8948c1b30bbffff,1.0,True,1.0,0.9940828402366864,,False,False
40532000441,Morenci High School,MORENCI,Greenlee County,43,33.040195,-109.32031,2024-2025,247.0,16,41.0,106.98046341463416,8.64662496590206,True,8948c1b3087ffff,1.0,True,1.0,0.9881656804733728,,False,False
40532003369,Fairbanks Middle School,Morenci,Greenlee County,43,33.044045,-109.322367,2024-2025,251.0,18,46.0,115.20489130434784,8.210115242423944,True,8948c1b30a3ffff,1.0,True,1.0,0.9940828402366864,,False,False
40534000442,Morristown Elementary School,Morristown,Maricopa County,42,33.8556,-112.6211,2024-2025,311.0,5,8.0,205.13175,0.5500724281896483,True,8929b6160cbffff,1.0,True,1.0,1.0,,False,False
40536003742,Pima County Schools Superintendent's Diploma Program,TUCSON,Pima County,11,32.222109,-110.973641,2024-2025,214.0,44,541.0,254.80317005545288,1.797922465306086,False,8948e8545c7ffff,1.0,True,1.0,1.0,,False,False
40540000446,Arthur M Hamilton School,PHOENIX,Maricopa County,11,33.4299,-112.1029,2024-2025,56.0,34,156.0,261.8110705128205,3.723802465412119,False,8929b6d261bffff,1.0,True,1.0,1.0,,False,False
40540000447,William R Sullivan Elementary School,PHOENIX,Maricopa County,11,33.448,-112.1267,2024-2025,162.0,35,261.0,335.04552490421463,4.521111499437053,False,8929b6d2073ffff,1.0,True,1.0,1.0,,False,False
40540001309,Jack L Kuban Elementary School,PHOENIX,Maricopa County,11,33.439375,-112.128147,2024-2025,137.0,37,262.0,303.1409809160306,3.9281046291357096,False,8929b6d2013ffff,1.0,True,1.0,1.0,,False,False
40543000448,Naco Elementary School,Naco,Cochise County,42,31.3364,-109.9468,2024-2025,217.0,3,68.0,99.67841176470586,16.195495495019966,True,8948eec7113ffff,1.0,True,0.5621301775147929,0.5562130177514792,,False,False
40546000449,Nadaburg Elementary School,WITTMANN,Maricopa County,42,33.7816,-112.5233,2024-2025,329.0,5,10.0,151.824,12.575099764478477,True,8929b68d237ffff,1.0,True,1.0,1.0,,False,False
40546002875,Desert Oasis Elementary School,SURPRISE,Maricopa County,41,33.728313,-112.431427,2024-2025,388.0,15,59.0,214.0025593220339,13.990959824215418,True,8929b689d6bffff,1.0,True,1.0,1.0,,False,False
40546003623,Nadaburg Online Virtual Academy,Wittmann,Maricopa County,42,33.781271,-112.525561,2024-2025,329.0,6,13.0,182.08584615384615,12.440548579777998,True,8929b68d3dbffff,1.0,True,1.0,1.0,,False,False
40546003690,Mountainside High School,WITTMANN,Maricopa County,42,33.781194,-112.524433,2024-2025,329.0,5,10.0,151.824,12.524910317904691,True,8929b68d237ffff,1.0,True,1.0,1.0,,False,False
40550001237,Navajo County Instruction for Success (NCIS),HOLBROOK,Navajo County,43,34.929824,-110.145267,2024-2025,181.0,15,98.0,119.25975510204084,6.348956329658729,True,8948c81641bffff,1.0,True,1.0,0.9881656804733728,,False,False
40553000451,A J Mitchell Elementary School,NOGALES,Santa Cruz County,33,31.3477,-110.9389,2024-2025,160.0,24,119.0,219.11575630252105,1.9118741842562892,False,8948ec7b46fffff,1.0,True,0.8875739644970414,0.8875739644970414,,False,False
40553000453,Lincoln Elementary School,NOGALES,Santa Cruz County,33,31.3435,-110.9284,2024-2025,163.0,20,87.0,202.42619540229887,1.1522683777151943,False,8948ec7b6b3ffff,1.0,True,0.7514792899408284,0.7455621301775148,,False,False
40553000454,Mary L Welty Elementary School,NOGALES,Santa Cruz County,33,31.3438,-110.9539,2024-2025,168.0,23,168.0,218.3728095238096,2.7139250404435407,False,8948ec7b427ffff,1.0,True,0.8165680473372781,0.8106508875739645,,False,False
40553000455,Nogales High School,NOGALES,Santa Cruz County,33,31.36714,-110.949164,2024-2025,162.0,22,147.0,355.9403197278911,4.020610906078337,False,8948ec7b023ffff,1.0,True,1.0,1.0,,False,False
40553000456,Wade Carpenter Middle School,NOGALES,Santa Cruz County,33,31.3508,-110.9405,2024-2025,159.0,26,122.0,270.9305,2.285246341412211,False,8948ec7b0d7ffff,1.0,True,0.9467455621301775,0.9467455621301775,,False,False
40553001034,Robert Bracker Elementary,NOGALES,Santa Cruz County,41,31.4029,-110.9716,2024-2025,178.0,7,9.0,27.317,4.66929906181469,True,8948ec78623ffff,1.0,True,1.0,0.9704142011834319,,False,False
40553001238,Desert Shadows Middle School,Nogales,Santa Cruz County,41,31.4025,-110.9696,2024-2025,184.0,7,9.0,27.317,4.474675485281104,True,8948ec7863bffff,1.0,True,1.0,0.9704142011834319,,False,False
40553001310,Challenger Elementary School,NOGALES,Santa Cruz County,33,31.372177,-110.914651,2024-2025,162.0,11,68.0,247.2464558823529,2.733383430796903,False,8948ec7b20bffff,1.0,True,1.0,1.0,,False,False
40553001470,Francisco Vasquez De Coronado Elementary School,NOGALES,Santa Cruz County,33,31.3741,-110.9617,2024-2025,167.0,12,64.0,419.6073281249999,4.37604324488924,False,8948ec7b10bffff,1.0,True,1.0,0.9644970414201184,,False,False
40553001552,Pierson High School,Nogales,Santa Cruz County,33,31.340657,-110.941007,2024-2025,167.0,21,91.0,221.8574065934066,1.4763506824901007,False,8948ec7b473ffff,1.0,True,0.7159763313609467,0.7159763313609467,,False,False
40553003246,NUSD Online,Nogales,Santa Cruz County,33,31.340657,-110.941007,2024-2025,167.0,21,91.0,221.8574065934066,1.4763506824901007,False,8948ec7b473ffff,1.0,True,0.7159763313609467,0.7159763313609467,,False,False
40564001416,Mountain Vista School,ORACLE,Pinal County,42,32.6163,-110.8012,2024-2025,250.0,6,10.0,353.8543,1.2673924463310977,True,8948eab6edbffff,1.0,True,1.0,0.9704142011834319,,False,False
40567000459,Clarendon School,PHOENIX,Maricopa County,11,33.490661,-112.088709,2024-2025,373.0,48,550.0,252.0962672727273,5.067158029665442,False,8929b6d06afffff,1.0,True,1.0,1.0,,False,False
40567000460,Encanto School,PHOENIX,Maricopa County,11,33.488773,-112.090052,2024-2025,392.0,43,489.0,255.46820858895703,5.200841151027111,False,8929b6d06a3ffff,1.0,True,1.0,1.0,,False,False
40567000461,Osborn Middle School,PHOENIX,Maricopa County,11,33.5075,-112.088,2024-2025,287.0,44,362.0,238.94179834254135,3.5529797098268348,False,8929b6d02b3ffff,1.0,True,1.0,1.0,,False,False
40567000464,Solano School,PHOENIX,Maricopa County,11,33.518475,-112.092671,2024-2025,208.0,48,336.0,279.3717797619048,2.410312490948689,False,8929b6d03cbffff,1.0,True,1.0,1.0,,False,False
40567001170,Longview Elementary School,PHOENIX,Maricopa County,11,33.4931,-112.0549,2024-2025,253.0,45,838.0,268.9829307875895,6.905438498998555,False,8929b6d158bffff,1.0,True,1.0,1.0,,False,False
40567003613,Montecito Community School,PHOENIX,Maricopa County,11,33.49868,-112.064064,2024-2025,253.0,45,713.0,247.28870827489487,5.853797128842082,False,8929b6d15a3ffff,1.0,True,1.0,1.0,,False,False
40567003729,Osborn Community iSchool,PHOENIX,Maricopa County,11,33.488082,-112.088506,2024-2025,393.0,46,512.0,256.709763671875,5.331930940463833,False,8929b6d06a3ffff,1.0,True,1.0,1.0,,False,False
40573000466,Owens Elementary School,Wikieup,Mohave County,43,34.705436,-113.615176,2024-2025,248.0,7,31.0,61.38264516129032,11.48185466202368,True,8929b00f1b7ffff,1.0,True,1.0,0.9112426035502958,,False,False
40576000467,Tonto Basin Elementary,Tonto Basin,Gila County,43,33.870867,-111.313532,2024-2025,316.0,7,111.0,77.43993693693696,0.8086679962420197,True,8948eb66dcfffff,1.0,True,1.0,1.0,,False,False
40582000468,Page Middle School,Page,Coconino County,33,36.9149,-111.4514,2024-2025,229.0,27,271.0,245.91625092250925,0.7836160139035403,False,892996326b3ffff,1.0,True,1.0,0.9881656804733728,,False,False
40582000469,Page High School,Page,Coconino County,33,36.911924,-111.456617,2024-2025,229.0,31,303.0,240.5446303630364,0.4707660904776605,False,89299632447ffff,1.0,True,1.0,0.9822485207100592,,False,False
40582001078,Desert View Elementary Intermediate,Page,Coconino County,33,36.9112,-111.4595,2024-2025,229.0,34,311.0,238.3795530546624,0.5841669147104083,False,89299632447ffff,1.0,True,1.0,0.9822485207100592,,False,False
40582001312,Lake View Elementary Primary,Page,Coconino County,33,36.931079,-111.459483,2024-2025,229.0,19,215.0,222.5476465116279,2.589069299540677,False,89299632057ffff,1.0,True,1.0,0.9408284023668639,,False,False
40582003492,Manson Mesa High School,Page,Coconino County,33,36.912039,-111.459191,2024-2025,229.0,33,310.0,237.99488387096773,0.6218828043831984,False,89299632447ffff,1.0,True,1.0,0.9822485207100592,,False,False
40582003684,Sage & Sand Academy,PAGE,Coconino County,33,36.912039,-111.459191,2024-2025,229.0,33,310.0,237.99488387096773,0.6218828043831984,False,89299632447ffff,1.0,True,1.0,0.9822485207100592,,False,False
40585000470,Palo Verde Elementary School,Palo Verde,Maricopa County,42,33.34977,-112.678254,2024-2025,267.0,0,0.0,,13.250388108344948,True,8929b692583ffff,1.0,True,1.0,0.9644970414201184,,False,True
40588000471,Palominas Elementary School,HEREFORD,Cochise County,42,31.381022,-110.124366,2024-2025,250.0,5,10.0,63.85249999999999,7.777230667859074,True,8948ee89babffff,1.0,True,1.0,0.9704142011834319,,False,False
40588001498,Coronado Elementary School,SIERRA VISTA,Cochise County,41,31.4756,-110.1955,2024-2025,254.0,11,57.0,269.6472631578947,5.79546243705081,True,8948ee12a27ffff,1.0,True,1.0,1.0,,False,False
40588001818,Valley View Elementary School,Hereford,Cochise County,41,31.381023,-110.205917,2024-2025,248.0,4,47.0,168.92721276595745,0.1526818826166042,True,8948ee8d6cfffff,1.0,True,1.0,0.9171597633136095,,False,False
40593000126,Cactus View Elementary School,PHOENIX,Maricopa County,11,33.6466,-112.0749,2024-2025,373.0,45,536.0,256.1569776119403,10.87067443077516,False,8929b6c068bffff,1.0,True,1.0,1.0,,False,False
40593000130,Greenway Middle School,PHOENIX,Maricopa County,11,33.6234,-112.0173,2024-2025,207.0,41,427.0,320.0826955503513,8.26851707155712,False,8929b6c32c3ffff,1.0,True,1.0,1.0,,False,False
40593000276,Copper Canyon Elementary School,SCOTTSDALE,Maricopa County,11,33.6471,-111.9653,2024-2025,381.0,40,628.0,296.6507898089172,4.18238306764512,False,8929b6d8bcfffff,1.0,True,1.0,1.0,,False,False
40593000473,James P. Lee Early Childhood Learning Center,PHOENIX,Maricopa County,11,33.62348,-111.999284,2024-2025,,43,350.0,337.26860000000005,7.444128819665982,False,8929b6d8d77ffff,1.0,True,1.0,1.0,,False,False
40593000475,Campo Bello Elementary School,PHOENIX,Maricopa County,11,33.647407,-112.02562,2024-2025,239.0,46,391.0,218.17164194373404,6.848447423923728,False,8929b6c148fffff,1.0,True,1.0,1.0,,False,False
40593000477,Desert Cove Elementary School,PHOENIX,Maricopa County,11,33.5874,-112.0229,2024-2025,448.0,39,242.0,389.3963140495868,8.5627996461196,False,8929b6da973ffff,1.0,True,1.0,1.0,,False,False
40593000478,Desert Shadows Elementary School,SCOTTSDALE,Maricopa County,11,33.605625,-111.953291,2024-2025,656.0,36,231.0,282.3827359307359,3.9480808678415857,False,8929b6d8e93ffff,1.0,True,1.0,1.0,,False,False
40593000479,Desert Shadows Middle School,SCOTTSDALE,Maricopa County,11,33.6059,-111.9544,2024-2025,642.0,39,221.0,281.8742895927602,4.027207113951292,False,8929b6d8e93ffff,1.0,True,1.0,1.0,,False,False
40593000482,Indian Bend Elementary School,PHOENIX,Maricopa County,11,33.6126,-112.0037,2024-2025,352.0,41,367.0,313.8779046321526,7.8720660458875,False,8929b6d8d8fffff,1.0,True,1.0,1.0,,False,False
40593000483,Larkspur Elementary School,PHOENIX,Maricopa County,11,33.601291,-112.028951,2024-2025,362.0,37,256.0,363.0668203125,9.472770283739548,False,8929b6c368fffff,1.0,True,1.0,1.0,,False,False
40593000484,Liberty Elementary School,SCOTTSDALE,Maricopa County,11,33.6206,-111.9702,2024-2025,539.0,43,280.0,267.11570000000006,6.198040930116804,False,8929b6d88d7ffff,1.0,True,1.0,1.0,,False,False
40593000485,Mercury Mine Elementary School,PHOENIX,Maricopa County,11,33.5738,-112.0223,2024-2025,475.0,23,116.0,414.4595775862068,8.397751822082304,False,8929b6da9d7ffff,1.0,True,1.0,0.9940828402366864,,False,False
40593000487,Palomino Primary School,PHOENIX,Maricopa County,11,33.6321,-112.0189,2024-2025,171.0,45,386.0,261.12476683937825,7.584428112095779,False,8929b6c3247ffff,1.0,True,1.0,1.0,,False,False
40593000488,North Canyon High School,PHOENIX,Maricopa County,11,33.6566,-112.0449,2024-2025,288.0,46,534.0,275.8452958801499,7.880285887003503,False,8929b6c15d7ffff,1.0,True,1.0,1.0,,False,False
40593000491,Shadow Mountain High School,PHOENIX,Maricopa County,11,33.5842,-112.0191,2024-2025,453.0,35,209.0,396.8063636363637,8.16365306776427,False,8929b6da947ffff,1.0,True,1.0,1.0,,False,False
40593000492,Shea Middle School,PHOENIX,Maricopa County,11,33.5838,-112.0229,2024-2025,459.0,33,195.0,397.3370564102565,8.507840287772508,False,8929b6da90bffff,1.0,True,1.0,1.0,,False,False
40593000606,Sonoran Sky Elementary School,SCOTTSDALE,Maricopa County,12,33.6031,-111.9209,2024-2025,722.0,35,274.0,278.7117153284672,3.276933976797007,False,8929b6d8357ffff,1.0,True,1.0,1.0,,False,False
40593000610,Whispering Wind Academy,PHOENIX,Maricopa County,11,33.6314,-111.9894,2024-2025,365.0,43,340.0,387.6452852941176,6.2867964441632,False,8929b6d89dbffff,1.0,True,1.0,1.0,,False,False
40593000611,Boulder Creek Elementary School,PHOENIX,Maricopa County,11,33.6936,-112.0353,2024-2025,392.0,21,98.0,572.2781938775511,6.421678295533821,False,8929b6c114fffff,1.0,True,1.0,1.0,,False,False
40593001081,Sandpiper Elementary School,SCOTTSDALE,Maricopa County,11,33.6155,-111.9355,2024-2025,555.0,43,642.0,458.48738006230536,4.5142898079311005,False,8929b6d8e5bffff,1.0,True,1.0,1.0,,False,False
40593001083,Echo Mountain Primary School,PHOENIX,Maricopa County,11,33.6506,-112.0431,2024-2025,268.0,46,459.0,203.72296078431367,8.020815685956364,False,8929b6c3363ffff,1.0,True,1.0,1.0,,False,False
40593001084,Horizon High School,SCOTTSDALE,Maricopa County,11,33.6251,-111.9589,2024-2025,552.0,42,493.0,527.8578478701826,6.112439969157335,False,8929b6d8e27ffff,1.0,True,1.0,1.0,,False,False
40593001136,Sunrise Middle School,SCOTTSDALE,Maricopa County,11,33.619332,-111.972479,2024-2025,527.0,49,302.0,262.8311523178808,6.209512190705059,False,8929b6d88d7ffff,1.0,True,1.0,1.0,,False,False
40593001195,Desert Trails Elementary School,PHOENIX,Maricopa County,11,33.6905,-111.9799,2024-2025,651.0,22,199.0,491.92276381909545,1.3795937602867303,False,8929b6ca187ffff,1.0,True,1.0,1.0,,False,False
40593001218,Vista Verde Middle School,PHOENIX,Maricopa County,11,33.6488,-112.0217,2024-2025,237.0,41,323.0,195.94079256965944,6.46661851905625,False,8929b6c1413ffff,1.0,True,1.0,1.0,,False,False
40593001230,Explorer Middle School,PHOENIX,Maricopa County,11,33.688,-111.9856,2024-2025,663.0,24,195.0,481.4671794871795,1.7848988570195226,False,8929b6c1243ffff,1.0,True,1.0,1.0,,False,False
40593001239,Desert Springs Preparatory Elementary School,SCOTTSDALE,Maricopa County,11,33.6202,-111.9523,2024-2025,604.0,42,451.0,506.03619290465633,5.374181537545763,False,8929b6d8e3bffff,1.0,True,1.0,1.0,,False,False
40593001240,Eagle Ridge Elementary School,PHOENIX,Maricopa County,11,33.6669,-112.0541,2024-2025,350.0,34,175.0,286.9047942857144,8.324097361728736,False,8929b6c1533ffff,1.0,True,1.0,1.0,,False,False
40593001313,Roadrunner School,PHOENIX,Maricopa County,11,33.635659,-112.038415,2024-2025,307.0,41,418.0,191.2768971291866,8.588186450929767,False,8929b6c33cbffff,1.0,True,1.0,1.0,,False,False
40593001378,North Ranch Elementary School,SCOTTSDALE,Maricopa County,11,33.636,-111.949525,2024-2025,504.0,41,655.0,497.8834534351145,5.64366190587972,False,8929b6d8a13ffff,1.0,True,1.0,1.0,,False,False
40593001419,Quail Run Elementary School,PHOENIX,Maricopa County,11,33.6618,-112.0101,2024-2025,388.0,40,340.0,392.2171647058824,4.753285165276426,False,8929b6c16a3ffff,1.0,True,1.0,1.0,,False,False
40593001471,Hidden Hills Elementary School,PHOENIX,Maricopa County,11,33.6109,-112.0423,2024-2025,335.0,30,166.0,280.48898795180725,10.783023987535705,False,8929b6c30c3ffff,1.0,True,1.0,1.0,,False,False
40593001553,Paradise Valley High School,PHOENIX,Maricopa County,11,33.641243,-111.997946,2024-2025,266.0,40,294.0,369.82193197278906,5.629803738122875,False,8929b6d8903ffff,1.0,True,1.0,1.0,,False,False
40593001672,Grayhawk Elementary School,SCOTTSDALE,Maricopa County,12,33.6751,-111.9177,2024-2025,806.0,23,90.0,320.3700555555555,4.659831458011488,False,8929b6ca657ffff,1.0,True,1.0,1.0,,False,False
40593001869,Sunset Canyon School,PHOENIX,Maricopa County,11,33.6581,-112.0233,2024-2025,273.0,44,517.0,343.0731914893617,6.013101584415809,False,8929b6c1477ffff,1.0,True,1.0,1.0,,False,False
40593001995,Pinnacle High School,PHOENIX,Maricopa County,11,33.6803,-112.0081,2024-2025,544.0,27,150.0,370.29618,3.859656038356864,False,8929b6c104bffff,1.0,True,1.0,1.0,,False,False
40593002266,Mountain Trail Middle School,PHOENIX,Maricopa County,11,33.6939,-112.0338,2024-2025,393.0,23,103.0,551.1143980582525,6.289925380812429,False,8929b6c13b3ffff,1.0,True,1.0,1.0,,False,False
40593002268,Pinnacle Peak Preparatory,SCOTTSDALE,Maricopa County,12,33.6935,-111.9137,2024-2025,840.0,21,112.0,386.53084821428575,3.733010054904664,False,8929b6ca2cbffff,1.0,True,1.0,1.0,,False,False
40593002343,Echo Mountain Intermediate School,PHOENIX,Maricopa County,11,33.6507,-112.0431,2024-2025,268.0,45,439.0,198.8119225512528,8.015562299731227,False,8929b6c3363ffff,1.0,True,1.0,1.0,,False,False
40593002668,Wildfire Elementary School,PHOENIX,Maricopa County,11,33.6931,-111.988,2024-2025,677.0,15,101.0,330.6668712871287,2.1792501874243717,False,8929b6c124fffff,1.0,True,1.0,1.0,,False,False
40593002842,Cholla Complex,PHOENIX,Maricopa County,11,33.5907,-112.0036,2024-2025,386.0,44,323.0,302.05334365325075,6.887651253298103,False,8929b6dab17ffff,1.0,True,1.0,1.0,,False,False
40593003104,Palomino Intermediate School,PHOENIX,Maricopa County,11,33.6307,-112.0186,2024-2025,164.0,42,368.0,256.9150434782609,7.687754782199327,False,8929b6c320bffff,1.0,True,1.0,1.0,,False,False
40593003216,pvONLINE,PHOENIX,Maricopa County,11,33.623494,-112.014146,2024-2025,216.0,39,412.0,326.02906553398054,8.098019927150544,False,8929b6c32cbffff,1.0,True,1.0,1.0,,False,False
40593003313,Fireside Elementary School,Phoenix,Maricopa County,11,33.681063,-112.001265,2024-2025,598.0,28,170.0,335.0639176470588,3.22156388543609,False,8929b6c128fffff,1.0,True,1.0,1.0,,False,False
40593003431,Sweetwater Community School,PHOENIX,Maricopa County,11,33.606518,-111.990309,2024-2025,326.0,44,450.0,284.8570222222222,6.462639362965933,False,8929b6d8ca7ffff,1.0,True,1.0,1.0,,False,False
40593003763,Sky Crossing Elementary School,Phoenix,Maricopa County,11,33.688345,-112.010714,2024-2025,524.0,22,122.0,381.15766393442624,4.090468232425607,False,8929b6c12a7ffff,1.0,True,1.0,1.0,,False,False
40598000457,Parker High School,PARKER,La Paz County,32,34.1422,-114.2885,2024-2025,231.0,18,176.0,93.92584090909094,7.330015075963749,False,8929b541e33ffff,1.0,True,0.9585798816568047,0.9585798816568047,Colorado River,True,False
40598000493,Blake Primary School,PARKER,La Paz County,32,34.1504,-114.2958,2024-2025,234.0,18,174.0,95.1829367816092,8.254248497541786,False,8929b541857ffff,1.0,True,0.6923076923076923,0.6923076923076923,Colorado River,True,False
40598000494,Le Pera Elementary School,PARKER,La Paz County,43,33.942017,-114.432344,2024-2025,226.0,1,1.0,105.675,28.68649020427656,True,8929b55769bffff,1.0,True,1.0,1.0,Colorado River,True,False
40598000495,Wallace Elementary School,PARKER,La Paz County,32,34.141588,-114.290727,2024-2025,229.0,18,176.0,93.92584090909094,7.509613738228851,False,8929b541e37ffff,1.0,True,0.9053254437869822,0.9053254437869822,Colorado River,True,False
40598001977,Wallace Jr High School,PARKER,La Paz County,32,34.140293,-114.289984,2024-2025,227.0,17,164.0,78.33470731707318,7.407499096038069,False,8929b541eafffff,1.0,True,0.9408284023668639,0.9408284023668639,Colorado River,True,False
40598002364,Parker Alternative School,PARKER,La Paz County,32,34.149303,-114.291034,2024-2025,234.0,19,178.0,93.62921348314607,7.800937712324801,False,8929b54185bffff,1.0,True,0.8047337278106509,0.8047337278106509,Colorado River,True,False
40600000497,Patagonia Elementary School,Patagonia,Santa Cruz County,42,31.54629,-110.746147,2024-2025,241.0,7,24.0,30.37683333333333,4.816412512373407,True,8948eea2d33ffff,1.0,True,1.0,0.9763313609467456,,False,False
40603000499,Patagonia Union High School,Patagonia,Santa Cruz County,42,31.54629,-110.746147,2024-2025,245.0,7,24.0,30.37683333333333,4.816412512373407,True,8948eea2d33ffff,1.0,True,1.0,0.9763313609467456,,False,False
40607000500,Payson High School,PAYSON,Gila County,33,34.2368,-111.3327,2024-2025,207.0,31,734.0,159.47975613079018,0.330446970386747,False,8948cd8f403ffff,1.0,True,1.0,1.0,,False,False
40607000501,Rim Country Middle School,PAYSON,Gila County,33,34.2373,-111.3286,2024-2025,210.0,38,802.0,159.0176271820449,0.5037098741970797,False,8948cd8f40bffff,1.0,True,1.0,1.0,,False,False
40607001088,Julia Randall Elementary School,PAYSON,Gila County,33,34.233043,-111.342681,2024-2025,202.0,22,191.0,274.2679633507853,0.9708608790211556,False,8948cd8f4b3ffff,1.0,True,1.0,0.9349112426035503,,False,False
40607001423,Payson Elementary School,Payson,Gila County,33,34.261249,-111.31544,2024-2025,224.0,28,348.0,101.17838505747127,3.4114711551678982,False,8948cd8f05bffff,1.0,True,1.0,1.0,,False,False
40607001823,Payson Center for Success High School,PAYSON,Gila County,33,34.235922,-111.332544,2024-2025,206.0,33,744.0,162.14820833333334,0.2317708636220857,False,8948cd8f403ffff,1.0,True,1.0,1.0,,False,False
40607003305,Payson Center for Success - Online,PAYSON,Gila County,33,34.235922,-111.332544,2024-2025,206.0,33,744.0,162.14820833333334,0.2317708636220857,False,8948cd8f403ffff,1.0,True,1.0,1.0,,False,False
40612000502,Peach Springs School,Peach Springs,Mohave County,43,35.534394,-113.42552,2024-2025,245.0,2,2.0,220.665,38.16921112558147,True,8929b3c59d3ffff,1.0,True,0.9822485207100592,0.7514792899408284,Hualapai,True,False
40612002033,Music Mountain Jr./Sr. High School,Peach Springs,Mohave County,43,35.501414,-113.526531,2024-2025,270.0,1,1.0,5.039,33.80611790667572,True,8929b313647ffff,1.0,True,1.0,0.7988165680473372,Hualapai,True,False
40612003781,Music Mountain Academy,Peach Springs,Mohave County,43,35.534394,-113.42552,2024-2025,245.0,2,2.0,220.665,38.16921112558147,True,8929b3c59d3ffff,1.0,True,0.9822485207100592,0.7514792899408284,Hualapai,True,False
40615000503,Pearce Elementary School,PEARCE,Cochise County,43,31.901534,-109.823731,2024-2025,221.0,1,1.0,35.196,28.52486779754605,True,8948ee7a18fffff,1.0,True,0.9881656804733728,0.8698224852071006,,False,False
40621000304,Desert Mirage Elementary School,GLENDALE,Maricopa County,21,33.5278,-112.2431,2024-2025,223.0,35,1530.0,580.2112901960785,8.718747699889528,False,8929b6d7557ffff,1.0,True,1.0,1.0,,False,False
40621000505,Desert Horizon Elementary School,PHOENIX,Maricopa County,11,33.4861,-112.2444,2024-2025,208.0,39,460.0,258.94330652173915,4.235743751209605,False,8948e96d87bffff,1.0,True,1.0,1.0,,False,False
40621000506,Pendergast Elementary School,PHOENIX,Maricopa County,11,33.490258,-112.258266,2024-2025,244.0,39,353.0,228.4967365439093,5.2170114226274045,False,8948e96d82fffff,1.0,True,1.0,1.0,,False,False
40621001089,Westwind Intermediate School - Closed,PHOENIX,Maricopa County,11,33.5025,-112.2518,2024-2025,235.0,39,414.0,225.86105314009663,6.184098027785321,False,8948e96db03ffff,1.0,True,1.0,1.0,,False,False
40621001241,Villa De Paz Elementary School,PHOENIX,Maricopa County,11,33.507097,-112.284552,2024-2025,290.0,31,233.0,246.2762188841202,8.138083322185755,False,8929b6d644bffff,1.0,True,1.0,1.0,,False,False
40621001499,Garden Lakes Elementary School,AVONDALE,Maricopa County,21,33.4871,-112.2925,2024-2025,309.0,39,482.0,288.31498340248964,5.814523389107401,False,8948e96ca7bffff,1.0,True,1.0,1.0,,False,False
40621001573,Copper King Elementary,PHOENIX,Maricopa County,11,33.5021,-112.2918,2024-2025,277.0,30,328.0,319.791600609756,7.472696716089301,False,8929b6d64cfffff,1.0,True,1.0,1.0,,False,False
40621002006,Canyon Breeze Elementary,AVONDALE,Maricopa County,21,33.4702,-112.3119,2024-2025,353.0,38,227.0,240.26514537444936,3.938704387051069,False,8948e96c85bffff,1.0,True,1.0,1.0,,False,False
40621002136,Sonoran Sky Elementary School,GLENDALE,Maricopa County,11,33.5164,-112.2783,2024-2025,298.0,26,795.0,516.8709547169811,8.666416270731053,False,8929b6d6607ffff,1.0,True,1.0,1.0,,False,False
40621002274,Rio Vista Elementary,AVONDALE,Maricopa County,21,33.471,-112.28,2024-2025,301.0,40,512.0,207.32618554687505,4.48425174375472,False,8948e96dd07ffff,1.0,True,1.0,1.0,,False,False
40621002385,Sunset Ridge Elementary School,GLENDALE,Maricopa County,21,33.517,-112.2434,2024-2025,230.0,37,885.0,468.5360587570622,7.539049400178213,False,8929b6d75d3ffff,1.0,True,1.0,1.0,,False,False
40621002570,Amberlea Elementary School,PHOENIX,Maricopa County,11,33.4756,-112.2402,2024-2025,203.0,44,514.0,301.176513618677,3.0055742116531112,False,8948e96d8cbffff,1.0,True,1.0,1.0,,False,False
40621003077,Westwind Elementary School,Phoenix,Maricopa County,11,33.5025,-112.2518,2024-2025,235.0,39,414.0,225.86105314009663,6.184098027785321,False,8948e96db03ffff,1.0,True,1.0,1.0,,False,False
40625000132,Marshall Ranch Elementary School,GLENDALE,Maricopa County,21,33.6,-112.179,2024-2025,344.0,41,428.0,355.0732102803738,4.583693512002648,False,8929b6d5287ffff,1.0,True,1.0,1.0,,False,False
40625000238,Santa Fe Elementary School,PEORIA,Maricopa County,21,33.5748,-112.2263,2024-2025,247.0,45,484.0,211.75985743801652,7.885661003439755,False,8929b6d5593ffff,1.0,True,1.0,1.0,,False,False
40625000507,Alta Loma School,PEORIA,Maricopa County,21,33.5726,-112.2479,2024-2025,258.0,44,406.0,222.8179187192118,9.079979503254448,False,8929b6d4603ffff,1.0,True,1.0,1.0,,False,False
40625000508,Cactus High School,GLENDALE,Maricopa County,21,33.6257,-112.1952,2024-2025,301.0,38,428.0,398.1038668224299,1.5882465419872986,False,8929b6d5373ffff,1.0,True,1.0,1.0,,False,False
40625000510,Desert Palms Elementary School,GLENDALE,Maricopa County,21,33.5903,-112.1764,2024-2025,251.0,44,340.0,290.9284794117647,5.6878017788407,False,8929b6d563bffff,1.0,True,1.0,1.0,,False,False
40625000511,Ira A Murphy,PEORIA,Maricopa County,21,33.5801,-112.2147,2024-2025,173.0,45,443.0,225.46495711060956,6.954828299202513,False,8929b6d55cbffff,1.0,True,1.0,1.0,,False,False
40625000512,Kachina Elementary School,GLENDALE,Maricopa County,21,33.616136,-112.175258,2024-2025,209.0,37,324.0,390.3421296296297,3.05440027140438,False,8929b6d522bffff,1.0,True,1.0,1.0,,False,False
40625000513,Peoria Elementary School,PEORIA,Maricopa County,21,33.5897,-112.2278,2024-2025,283.0,43,405.0,242.93515802469136,6.472593207669098,False,8929b6d553bffff,1.0,True,1.0,1.0,,False,False
40625000514,Peoria High School,PEORIA,Maricopa County,21,33.587382,-112.239511,2024-2025,279.0,44,387.0,242.9438527131784,7.292061771252849,False,8929b6d42d3ffff,1.0,True,1.0,1.0,,False,False
40625000515,Pioneer Elementary School,GLENDALE,Maricopa County,21,33.619773,-112.194704,2024-2025,304.0,39,245.0,357.0779510204082,2.234275201304618,False,8929b6d531bffff,1.0,True,1.0,1.0,,False,False
40625000584,Paseo Verde Elementary School,PEORIA,Maricopa County,21,33.6256,-112.2275,2024-2025,375.0,43,568.0,299.53864612676057,3.634573798484373,False,8929b6d5e87ffff,1.0,True,1.0,1.0,,False,False
40625000585,Desert Harbor Elementary School,PEORIA,Maricopa County,21,33.6255,-112.252,2024-2025,513.0,46,322.0,304.5276055900621,5.7665754905796005,False,8929b6d5c33ffff,1.0,True,1.0,1.0,,False,False
40625000586,Cheyenne Elementary School,PEORIA,Maricopa County,21,33.5918,-112.2472,2024-2025,338.0,47,351.0,276.0862905982907,7.379053202360921,False,8929b6d428bffff,1.0,True,1.0,1.0,,False,False
40625000589,Sunrise Mountain High School,PEORIA,Maricopa County,21,33.6769,-112.2405,2024-2025,379.0,37,167.0,318.1834131736527,6.092779129578962,False,8929b6d5b63ffff,1.0,True,1.0,1.0,,False,False
40625001090,Heritage School,GLENDALE,Maricopa County,21,33.575661,-112.173957,2024-2025,226.0,44,301.0,309.99892691029896,7.321999722996211,False,8929b6d569bffff,1.0,True,1.0,1.0,,False,False
40625001091,Foothills Elementary School,GLENDALE,Maricopa County,21,33.6289,-112.1954,2024-2025,315.0,40,457.0,389.2344726477024,1.2442943700417035,False,8929b6d5367ffff,1.0,True,1.0,1.0,,False,False
40625001092,Copperwood School,GLENDALE,Maricopa County,21,33.5882,-112.2002,2024-2025,279.0,47,372.0,263.4386370967742,5.78083210537765,False,8929b6d5083ffff,1.0,True,1.0,1.0,,False,False
40625001137,Sundance Elementary School,PEORIA,Maricopa County,21,33.588007,-112.21027,2024-2025,297.0,48,391.0,202.1143478260869,5.994249948620259,False,8929b6d554bffff,1.0,True,1.0,1.0,,False,False
40625001242,Cotton Boll School,PEORIA,Maricopa County,21,33.5602,-112.243,2024-2025,280.0,40,387.0,527.8690930232559,10.022859798616862,False,8929b6d716bffff,1.0,True,1.0,1.0,,False,False
40625001243,Oakwood Elementary School,PEORIA,Maricopa County,21,33.6024,-112.2122,2024-2025,401.0,42,325.0,224.1849476923077,4.550659550014606,False,8929b6d51cbffff,1.0,True,1.0,1.0,,False,False
40625001315,Ironwood High School,GLENDALE,Maricopa County,21,33.6028,-112.1894,2024-2025,472.0,37,297.0,341.2231447811448,4.116314216912069,False,8929b6d507bffff,1.0,True,1.0,1.0,,False,False
40625001316,Desert Valley Elementary School,GLENDALE,Maricopa County,21,33.6025,-112.1938,2024-2025,507.0,41,289.0,327.78003806228367,4.144962031129004,False,8929b6d5073ffff,1.0,True,1.0,1.0,,False,False
40625001380,Sahuaro Ranch Elementary School,GLENDALE,Maricopa County,21,33.5797,-112.1941,2024-2025,287.0,45,321.0,213.76119314641747,6.679795091000232,False,8929b6d5473ffff,1.0,True,1.0,1.0,,False,False
40625001424,Oasis Elementary School,PEORIA,Maricopa County,21,33.602,-112.2269,2024-2025,300.0,47,459.0,258.93185838779954,5.29115878470434,False,8929b6d5183ffff,1.0,True,1.0,1.0,,False,False
40625001425,Sun Valley Elementary School,PEORIA,Maricopa County,21,33.5579,-112.2627,2024-2025,213.0,38,405.0,540.8034148148148,11.206090684197584,False,8929b6d44cbffff,1.0,True,1.0,1.0,,False,False
40625001473,Sky View Elementary School,PEORIA,Maricopa County,21,33.6034,-112.2443,2024-2025,397.0,42,397.0,323.15951385390423,6.299907524941627,False,8929b6d4273ffff,1.0,True,1.0,1.0,,False,False
40625001500,Centennial High School,PEORIA,Maricopa County,21,33.6158,-112.231,2024-2025,418.0,46,440.0,279.4222681818182,4.478448072320192,False,8929b6d5123ffff,1.0,True,1.0,1.0,,False,False
40625001501,Apache Elementary School,PEORIA,Maricopa County,21,33.6485,-112.2447,2024-2025,447.0,44,609.0,293.3461658456486,4.964388202491413,False,8929b6d580fffff,1.0,True,1.0,1.0,,False,False
40625001554,Canyon Elementary School,GLENDALE,Maricopa County,21,33.633698,-112.176368,2024-2025,286.0,38,258.0,278.13810077519383,1.605313559359944,False,8929b6c2c07ffff,1.0,True,1.0,1.0,,False,False
40625001668,Frontier Elementary School,PEORIA,Maricopa County,21,33.6757,-112.2328,2024-2025,389.0,36,180.0,336.9568777777778,5.49199336941296,False,8929b6c74b7ffff,1.0,True,1.0,1.0,,False,False
40625001982,Country Meadows Elementary School,PEORIA,Maricopa County,21,33.5572,-112.2964,2024-2025,242.0,27,141.0,260.0586099290781,13.324936307410276,False,8929b6d6377ffff,1.0,True,1.0,1.0,,False,False
40625001983,Coyote Hills Elementary School,PEORIA,Maricopa County,21,33.675622,-112.247526,2024-2025,388.0,39,150.0,279.7270000000001,6.49738811203285,False,8929b6d5b2bffff,1.0,True,1.0,1.0,,False,False
40625002111,Zuni Hills Elementary School,SUN CITY,Maricopa County,21,33.688,-112.2933,2024-2025,392.0,20,144.0,236.29772222222223,10.792813369252206,False,8929b6c6013ffff,1.0,True,1.0,1.0,,False,False
40625002396,Peoria eCampus,Peoria,Maricopa County,21,33.616435,-112.175537,2024-2025,279.0,36,319.0,395.5540282131662,3.012625586963364,False,8929b6d522bffff,1.0,True,1.0,1.0,,False,False
40625002426,Raymond S. Kellis,GLENDALE,Maricopa County,21,33.5461,-112.253,2024-2025,220.0,43,1197.0,592.4729281537176,10.886076695664872,False,8929b6d718fffff,1.0,True,1.0,1.0,,False,False
40625002475,Peoria Flex Academy,PEORIA,Maricopa County,21,33.587382,-112.239511,2024-2025,279.0,44,387.0,242.9438527131784,7.292061771252849,False,8929b6d42d3ffff,1.0,True,1.0,1.0,,False,False
40625002586,Liberty High School,PEORIA,Maricopa County,21,33.684864,-112.265446,2024-2025,457.0,36,187.0,289.3571764705883,8.439769693454448,False,8929b6c6673ffff,1.0,True,1.0,1.0,,False,False
40625002657,Vistancia Elementary School,PEORIA,Maricopa County,31,33.7557,-112.3322,2024-2025,512.0,28,254.0,152.43302362204727,11.30453518007995,False,8929b6c6bc3ffff,1.0,True,1.0,1.0,,False,False
40625002990,Lake Pleasant Elementary,PEORIA,Maricopa County,31,33.767995,-112.345632,2024-2025,428.0,17,46.0,141.93930434782607,10.772396168742556,False,8929b6c6b3bffff,1.0,True,1.0,0.9408284023668639,,False,False
40625003145,Parkridge Elementary,PEORIA,Maricopa County,21,33.6681,-112.2739,2024-2025,376.0,41,211.0,303.93995734597155,8.200393802383763,False,8929b6c6693ffff,1.0,True,1.0,1.0,,False,False
40625003255,Peoria Traditional School,SUN CITY,Maricopa County,21,33.675622,-112.247526,2024-2025,388.0,39,150.0,279.7270000000001,6.49738811203285,False,8929b6d5b2bffff,1.0,True,1.0,1.0,,False,False
40625003441,Sunset Heights Elementary School,PEORIA,Maricopa County,21,33.678835,-112.269215,2024-2025,446.0,43,270.0,278.1664037037037,8.355438305828276,False,8929b6c6603ffff,1.0,True,1.0,1.0,,False,False
40625003447,Sunflower School,GLENDALE,Maricopa County,21,33.633698,-112.176368,2024-2025,286.0,38,258.0,278.13810077519383,1.605313559359944,False,8929b6c2c07ffff,1.0,True,1.0,1.0,,False,False
40625003643,GCC Early Childhood Learning Lab,GLENDALE,Maricopa County,21,33.570428,-112.189379,2024-2025,266.0,43,324.0,215.69238271604937,7.712406349018358,False,8929b6d5453ffff,1.0,True,1.0,1.0,,False,False
40630000148,Phoenix Prep Academy,PHOENIX,Maricopa County,11,33.454094,-112.063964,2024-2025,140.0,46,1626.0,415.3354028290283,5.463191055759472,False,8929b6d30abffff,1.0,True,1.0,1.0,,False,False
40630000518,Mary Mcleod Bethune School,PHOENIX,Maricopa County,11,33.434707,-112.092211,2024-2025,137.0,41,296.0,379.58635472972975,3.586011364099009,False,8929b6d264bffff,1.0,True,1.0,1.0,,False,False
40630000520,Paul Dunbar Lawrence School,PHOENIX,Maricopa County,11,33.4407,-112.0841,2024-2025,112.0,46,1209.0,426.7400893300248,3.967913786645057,False,8929b6d3517ffff,1.0,True,1.0,1.0,,False,False
40630000521,Thomas A Edison School,PHOENIX,Maricopa County,11,33.4574,-112.044,2024-2025,118.0,46,708.0,589.0736694915255,6.415111387109361,False,8929b6d304fffff,1.0,True,1.0,1.0,,False,False
40630000522,Ralph Waldo Emerson Elementary School,PHOENIX,Maricopa County,11,33.4688,-112.0617,2024-2025,319.0,45,970.0,359.204,7.109506884163323,False,8929b6d3387ffff,1.0,True,1.0,1.0,,False,False
40630000525,Garfield School,PHOENIX,Maricopa County,11,33.4575,-112.0536,2024-2025,129.0,46,1237.0,552.3803282134197,6.078607248283145,False,8929b6d300fffff,1.0,True,1.0,1.0,,False,False
40630000530,Maie Bartlett Heard School,PHOENIX,Maricopa County,11,33.4799,-112.1092,2024-2025,257.0,43,301.0,367.301122923588,5.716181834604692,False,8929b6d0433ffff,1.0,True,1.0,1.0,,False,False
40630000531,Silvestre S Herrera School,PHOENIX,Maricopa County,11,33.4348,-112.0594,2024-2025,119.0,41,1099.0,444.2224413102821,3.5313857807657847,False,8929b6d343bffff,1.0,True,1.0,1.0,,False,False
40630000533,Kenilworth Elementary School,PHOENIX,Maricopa County,11,33.4622,-112.0808,2024-2025,396.0,49,1720.0,444.9856639534884,6.2907529592557,False,8929b6d3113ffff,1.0,True,1.0,1.0,,False,False
40630000535,Lowell Elementary School,PHOENIX,Maricopa County,11,33.436354,-112.076791,2024-2025,92.0,45,1230.0,447.5949154471545,3.397811432428741,False,8929b6d35c7ffff,1.0,True,1.0,1.0,,False,False
40630000537,Whittier Elementary School,PHOENIX,Maricopa County,11,33.4697,-112.0482,2024-2025,196.0,46,636.0,351.45408805031445,7.524461471602019,False,8929b6d33c3ffff,1.0,True,1.0,1.0,,False,False
40630001028,Capitol Elementary School,PHOENIX,Maricopa County,11,33.4517,-112.095,2024-2025,96.0,43,1047.0,443.8341222540592,5.42735458118909,False,8929b6d2253ffff,1.0,True,1.0,1.0,,False,False
40630001555,Magnet Traditional School,PHOENIX,Maricopa County,11,33.4773,-112.109,2024-2025,256.0,46,290.0,378.05821724137934,6.005869936153485,False,8929b6d04abffff,1.0,True,1.0,1.0,,False,False
40630002129,Augustus H. Shaw Montessori,PHOENIX,Maricopa County,11,33.44904,-112.053508,2024-2025,121.0,46,1503.0,533.4434544244845,5.20191185225537,False,8929b6d30c7ffff,1.0,True,1.0,1.0,,False,False
40630003174,ACE Day & Night School  - Closed,PHOENIX,Maricopa County,11,33.454094,-112.063964,2024-2025,140.0,46,1626.0,415.3354028290283,5.463191055759472,False,8929b6d30abffff,1.0,True,1.0,1.0,,False,False
40630003554,Faith North Early Childhood Learning Center,PHOENIX,Maricopa County,11,33.449032,-112.061574,2024-2025,125.0,46,1551.0,418.18869890393313,4.962433708234952,False,8929b6d30bbffff,1.0,True,1.0,1.0,,False,False
40630003754,Phoenix #1 iAcademy,PHOENIX,Maricopa County,11,33.46882,-112.064663,2024-2025,368.0,45,1044.0,335.43468390804594,7.06917318682921,False,8929b6d314bffff,1.0,True,1.0,1.0,,False,False
40633000538,Alhambra High School,PHOENIX,Maricopa County,11,33.508387,-112.141388,2024-2025,167.0,44,480.0,386.71553125,3.6028387132415167,False,8929b6d2a4fffff,1.0,True,1.0,1.0,,False,False
40633000539,Metro Tech High School,PHOENIX,Maricopa County,11,33.481614,-112.10087,2024-2025,364.0,45,399.0,305.412007518797,5.637930370349672,False,8929b6d0473ffff,1.0,True,1.0,1.0,,False,False
40633000540,Camelback High School,PHOENIX,Maricopa County,11,33.5045,-112.023,2024-2025,433.0,44,486.0,402.200049382716,8.920215594605459,False,8929b6d10c3ffff,1.0,True,1.0,1.0,,False,False
40633000541,Carl Hayden High School,PHOENIX,Maricopa County,11,33.457854,-112.132373,2024-2025,140.0,40,332.0,312.1249638554217,4.865029526058076,False,8929b6d2383ffff,1.0,True,1.0,1.0,,False,False
40633000542,Central High School,PHOENIX,Maricopa County,11,33.502516,-112.072915,2024-2025,387.0,46,505.0,228.04099009900992,4.947773853924915,False,8929b6d02d3ffff,1.0,True,1.0,1.0,,False,False
40633000549,Maryvale High School,PHOENIX,Maricopa County,11,33.4893,-112.1858,2024-2025,150.0,45,1259.0,198.41193884034948,5.890041371580109,False,8929b6d28a3ffff,1.0,True,1.0,1.0,,False,False
40633000552,South Mountain High School,PHOENIX,Maricopa County,11,33.3973,-112.0623,2024-2025,180.0,36,405.0,421.22913333333327,1.5133468901395504,False,8948e969a83ffff,1.0,True,1.0,1.0,,False,False
40633000554,Trevor Browne High School,PHOENIX,Maricopa County,11,33.483179,-112.21991,2024-2025,175.0,45,737.0,299.6808968792401,3.746769360146,False,8948e96dac3ffff,1.0,True,1.0,1.0,,False,False
40633001244,North High School,PHOENIX,Maricopa County,11,33.4785,-112.058,2024-2025,403.0,44,791.0,291.4738912768647,7.811216579021226,False,8929b6d3307ffff,1.0,True,1.0,1.0,,False,False
40633001382,Bostrom Alternative Center,PHOENIX,Maricopa County,11,33.4888,-112.1164,2024-2025,105.0,44,440.0,326.4468159090909,4.717360759854893,False,8929b6d0553ffff,1.0,True,1.0,1.0,,False,False
40633001429,Desiderata Program,PHOENIX,Maricopa County,11,33.4818,-112.133014,2024-2025,,45,404.0,300.1257524752475,5.772591661978418,False,8929b6d0583ffff,1.0,True,1.0,1.0,,False,False
40633001882,Cesar Chavez High School,LAVEEN,Maricopa County,11,33.3757,-112.1463,2024-2025,280.0,37,285.0,248.58226666666664,5.776274203034848,False,8948e9688dbffff,1.0,True,1.0,1.0,,False,False
40633002138,Linda Abril Educational Academy,PHOENIX,Maricopa County,11,33.483662,-112.100804,2024-2025,342.0,43,396.0,319.5111035353536,5.416934654613855,False,8929b6d0473ffff,1.0,True,1.0,1.0,,False,False
40633002670,Phoenix Union Bioscience High School,PHOENIX,Maricopa County,11,33.456285,-112.066839,2024-2025,169.0,47,1628.0,407.3352383292385,5.660856154002943,False,8929b6d30afffff,1.0,True,1.0,1.0,,False,False
40633002854,Betty Fairfax High School,LAVEEN,Maricopa County,11,33.3714,-112.1824,2024-2025,352.0,32,179.0,295.2437653631285,3.381367002648002,False,8948e968d13ffff,1.0,True,1.0,1.0,,False,False
40633002859,Franklin Police and Fire High School,PHOENIX,Maricopa County,11,33.46544,-112.095016,2024-2025,203.0,47,690.0,435.29042173913047,6.883280476037688,False,8929b6d31a7ffff,1.0,True,1.0,1.0,,False,False
40633003509,Phoenix Coding Academy,PHOENIX,Maricopa County,11,33.500933,-112.07308,2024-2025,336.0,47,617.0,218.8585737439222,5.051501953333107,False,8929b6d066fffff,1.0,True,1.0,1.0,,False,False
40633003555,Phoenix Union-Wilson College Preparatory,PHOENIX,Maricopa County,11,33.45462,-112.016853,2024-2025,125.0,48,930.0,534.5984344086021,7.651478539638766,False,8948eba4dafffff,1.0,True,1.0,1.0,,False,False
40633003578,Phoenix Digital Academy,PHOENIX,Maricopa County,11,33.480115,-112.139084,2024-2025,141.0,43,413.0,277.3960387409201,6.143464945331997,False,8929b6d2e4bffff,1.0,True,1.0,1.0,,False,False
40633003701,PXU City,PHOENIX,Maricopa County,11,33.502319,-112.074283,2024-2025,390.0,43,475.0,220.5698863157895,4.865843272904116,False,8929b6d066fffff,1.0,True,1.0,1.0,,False,False
40633003806,Phoenix Educator Preparatory,PHOENIX,Maricopa County,11,33.502516,-112.072915,2024-2025,,46,505.0,228.04099009900992,4.947773853924915,False,8929b6d02d3ffff,1.0,True,1.0,1.0,,False,False
40636000556,Picacho School,PICACHO,Pinal County,42,32.7175,-111.4976,2024-2025,200.0,15,72.0,282.8356527777778,11.10423954795295,True,8948e82883bffff,1.0,True,1.0,1.0,,False,False
40644000557,Pima Elementary School,Pima,Graham County,41,32.894382,-109.826814,2024-2025,236.0,11,48.0,93.88602083333336,2.3998315407803177,True,8948ea093b3ffff,1.0,True,1.0,1.0,,False,False
40644000558,Pima High School,Pima,Graham County,41,32.893026,-109.826846,2024-2025,236.0,10,47.0,94.66725531914896,2.2685572758275017,True,8948ea0914bffff,1.0,True,1.0,1.0,,False,False
40644003111,Pima Junior High School,Pima,Graham County,41,32.8931,-109.8233,2024-2025,237.0,9,46.0,90.18639130434784,2.464510462672945,True,8948ea09387ffff,1.0,True,1.0,1.0,,False,False
40644003362,Gila Valley Learning Center,Pima,Graham County,41,32.893207,-109.827666,2024-2025,236.0,10,47.0,94.66725531914896,2.246930118798659,True,8948ea0914fffff,1.0,True,1.0,1.0,,False,False
40651000559,Pine Strawberry Elementary School,PINE,Gila County,43,34.3867,-111.457,2024-2025,274.0,20,97.0,369.4301030927834,0.0709482363415371,True,8948cdb9687ffff,1.0,True,1.0,0.9644970414201184,,False,False
40658000560,Blue Ridge Elementary School,Lakeside,Navajo County,41,34.168254,-109.974099,2024-2025,186.0,19,118.0,172.95919491525424,5.100979100330902,True,8948cc0d833ffff,1.0,True,1.0,1.0,,False,False
40658000561,Blue Ridge High School,LAKESIDE,Navajo County,33,34.149616,-109.966544,2024-2025,190.0,27,239.0,184.5879079497908,6.598116963376163,False,8948cc0dc67ffff,1.0,True,1.0,1.0,,False,False
40658001140,Blue Ridge Jr High School,LAKESIDE,Navajo County,33,34.149616,-109.966544,2024-2025,190.0,27,239.0,184.5879079497908,6.598116963376163,False,8948cc0dc67ffff,1.0,True,1.0,1.0,,False,False
40658003564,Blue Ridge High School Online,LAKESIDE,Navajo County,33,34.149616,-109.966544,2024-2025,190.0,27,239.0,184.5879079497908,6.598116963376163,False,8948cc0dc67ffff,1.0,True,1.0,1.0,,False,False
40658003704,Blue Ridge K-12 Virtual Academy,LAKESIDE,Navajo County,33,34.149616,-109.966544,2024-2025,190.0,27,239.0,184.5879079497908,6.598116963376163,False,8948cc0dc67ffff,1.0,True,1.0,1.0,,False,False
40663000562,Pomerene Elementary School,Pomerene,Cochise County,41,31.998745,-110.286114,2024-2025,252.0,3,8.0,393.363875,18.270036748833355,True,8948ee2a287ffff,1.0,True,1.0,0.9704142011834319,,False,False
40673000352,Discovery Gardens Preschool,PRESCOTT,Yavapai County,13,34.542364,-112.465268,2024-2025,238.0,36,430.0,308.5323534883721,8.93648183789218,False,8929b66483bffff,1.0,True,1.0,0.9940828402366864,,False,False
40673000565,Granite Mountain Middle School,PRESCOTT,Yavapai County,13,34.5737,-112.4967,2024-2025,355.0,26,198.0,418.8276868686869,10.182265682013522,False,8929b2916afffff,1.0,True,1.0,0.9704142011834319,,False,False
40673000566,Lincoln Elementary School,PRESCOTT,Yavapai County,13,34.5405,-112.476681,2024-2025,228.0,38,451.0,420.4458248337028,8.039047069890199,False,8929b6649dbffff,1.0,True,1.0,1.0,,False,False
40673000568,Prescott High School,PRESCOTT,Yavapai County,13,34.5629,-112.4779,2024-2025,318.0,32,272.0,351.0094301470588,9.91597199341438,False,8929b2916d3ffff,1.0,True,1.0,1.0,,False,False
40673000569,Prescott Mile High Middle School,PRESCOTT,Yavapai County,13,34.5373,-112.4719,2024-2025,218.0,37,538.0,396.0110576208178,8.10829044327165,False,8929b6648abffff,1.0,True,1.0,0.9940828402366864,,False,False
40673000570,Taylor Hicks School,PRESCOTT,Yavapai County,13,34.5724,-112.4727,2024-2025,252.0,24,224.0,390.50038839285713,11.060902455345884,False,8929b29165bffff,1.0,True,1.0,1.0,,False,False
40673000571,Washington Traditional School,PRESCOTT,Yavapai County,13,34.542364,-112.465268,2024-2025,238.0,36,430.0,308.5323534883721,8.93648183789218,False,8929b66483bffff,1.0,True,1.0,0.9940828402366864,,False,False
40673001433,Abia Judd Elementary School,PRESCOTT,Yavapai County,13,34.5711,-112.4986,2024-2025,369.0,25,191.0,417.110392670157,9.849478035940468,False,8929b2916a3ffff,1.0,True,1.0,0.9763313609467456,,False,False
40673003812,Genesis Academy,PRESCOTT,Yavapai County,13,34.542364,-112.465268,2024-2025,,36,430.0,308.5323534883721,8.93648183789218,False,8929b66483bffff,1.0,True,1.0,0.9940828402366864,,False,False
40674000572,Sanders Elementary School,Sanders,Apache County,43,35.199243,-109.313632,2024-2025,110.0,9,96.0,35.10194791666667,3.8113227481906113,True,8948c84ac23ffff,1.0,True,1.0,0.9822485207100592,Navajo Nation,True,False
40674001043,Sanders Middle School,Sanders,Apache County,43,35.2216,-109.3304,2024-2025,114.0,10,41.0,38.74053658536585,6.1140853600822105,True,8948c84a98bffff,1.0,True,1.0,1.0,,False,False
40674001142,Valley High School,Sanders,Apache County,43,35.199243,-109.313632,2024-2025,110.0,9,96.0,35.10194791666667,3.8113227481906113,True,8948c84ac23ffff,1.0,True,1.0,0.9822485207100592,Navajo Nation,True,False
40674003769,Lich H? Deezh?rhe Learning Academy,Sanders,Apache County,43,35.199243,-109.313632,2024-2025,110.0,9,96.0,35.10194791666667,3.8113227481906113,True,8948c84ac23ffff,1.0,True,1.0,0.9822485207100592,Navajo Nation,True,False
40678000573,Ehrenberg Elementary School,Ehrenberg,La Paz County,41,33.613835,-114.509203,2024-2025,252.0,10,35.0,112.0342285714286,6.129201329742548,True,8929b5c260fffff,1.0,True,0.893491124260355,0.8875739644970414,,False,False
40678001559,Quartzsite Elementary School,Quartzsite,La Paz County,41,33.675533,-114.232676,2024-2025,297.0,24,217.0,170.43131797235023,15.973623686029343,True,8929b43687bffff,1.0,True,1.0,1.0,,False,False
40681000574,Queen Creek Elementary School,QUEEN CREEK,Maricopa County,21,33.232832,-111.643801,2024-2025,537.0,33,271.0,379.6106752767528,5.619166719100097,False,8948ebbae67ffff,1.0,True,1.0,1.0,,False,False
40681001232,Desert Mountain Elementary,QUEEN CREEK,Maricopa County,21,33.2461,-111.6505,2024-2025,576.0,32,341.0,377.408202346041,6.708504732895087,False,8948ebbaaabffff,1.0,True,1.0,1.0,,False,False
40681001322,Queen Creek Junior High School,QUEEN CREEK,Maricopa County,21,33.262,-111.6332,2024-2025,358.0,35,366.0,331.8389016393443,6.426077935275599,False,8948ebb8cdbffff,1.0,True,1.0,1.0,,False,False
40681001383,Queen Creek High School,QUEEN CREEK,Maricopa County,21,33.246529,-111.60569,2024-2025,420.0,40,170.0,202.4228647058824,3.473146785746619,False,8948ebb80afffff,1.0,True,1.0,1.0,,False,False
40681002369,Jack Barnes Elementary School,QUEEN CREEK,Maricopa County,21,33.261114,-111.623418,2024-2025,305.0,33,294.0,250.61544217687077,5.753836656987084,False,8948ebb813bffff,1.0,True,1.0,1.0,,False,False
40681002485,Frances Brandon-Pickett Elementary,Queen Creek,Maricopa County,21,33.2332,-111.6096,2024-2025,487.0,36,179.0,234.5257262569833,2.675664286282075,False,8948ebb8553ffff,1.0,True,1.0,1.0,,False,False
40681002886,Newell Barney College Preparatory School,QUEEN CREEK,Maricopa County,21,33.220722,-111.668146,2024-2025,520.0,29,98.0,484.8028367346938,7.175052876541754,False,8948ebbac67ffff,1.0,True,1.0,1.0,,False,False
40681003438,Queen Creek Virtual Academy,QUEEN CREEK,Maricopa County,21,33.233678,-111.646963,2024-2025,547.0,33,256.0,388.35083984375,5.927392694041616,False,8948ebbaa93ffff,1.0,True,1.0,1.0,,False,False
40681003477,Gateway Polytechnic Academy,MESA,Maricopa County,11,33.323775,-111.599666,2024-2025,451.0,33,171.0,264.7084035087719,8.272774908071693,False,8948ebb9923ffff,1.0,True,1.0,1.0,,False,False
40681003583,Faith Mather Sossaman Elementary School,Queen Creek,Maricopa County,21,33.239204,-111.592762,2024-2025,410.0,32,160.0,247.73776875000004,2.205734203983591,False,8948ebb80c7ffff,1.0,True,1.0,1.0,,False,False
40681003606,Eastmark High School,Mesa,Maricopa County,11,33.322169,-111.626469,2024-2025,387.0,31,141.0,223.65549645390067,7.9639078840768756,False,8948ebaa4b3ffff,1.0,True,1.0,1.0,,False,False
40681003651,Katherine Mecham Barney Elementary,Queen Creek,Maricopa County,41,33.268789,-111.598286,2024-2025,339.0,22,104.0,241.41061538461537,5.095136077861866,True,8948ebb8307ffff,1.0,True,1.0,1.0,,False,False
40681003658,Silver Valley Elementary,Mesa,Maricopa County,11,33.312558,-111.623018,2024-2025,396.0,31,177.0,175.460406779661,7.856836404699143,False,8948ebb8a23ffff,1.0,True,1.0,1.0,,False,False
40681003736,Schnepf Elementary School,QUEEN CREEK,Maricopa County,41,33.210857,-111.583423,2024-2025,550.0,35,245.0,336.6789102040816,1.073438322411687,True,8948ebbb1afffff,1.0,True,1.0,1.0,,False,False
40681003802,Crismon High School,Queen Creek,Maricopa County,41,33.220295,-111.610661,2024-2025,,30,111.0,258.47531531531536,2.3638133215531707,True,8948ebb84a7ffff,1.0,True,1.0,1.0,,False,False
40685000576,Ray JR/SR High School,Kearny,Pinal County,43,33.0649,-110.9122,2024-2025,255.0,5,14.0,209.30850000000007,12.88545704131616,True,8948ebc0003ffff,1.0,True,1.0,0.9881656804733728,,False,False
40685001474,Ray Elementary School,Kearny,Pinal County,43,33.0622,-110.9107,2024-2025,256.0,6,16.0,201.28468750000005,13.018535617332862,True,8948ebc001bffff,1.0,True,1.0,0.9822485207100592,,False,False
40687000141,Red Mesa Elementary School,Teec Nos Pos,Apache County,43,36.961986,-109.381598,2024-2025,178.0,2,2.0,125.7195,12.829664225336618,True,89269a2724fffff,1.0,True,1.0,1.0,Navajo Nation,True,False
40687000142,Red Mesa High School,Teec Nos Pos,Apache County,43,36.961986,-109.381598,2024-2025,178.0,2,2.0,125.7195,12.829664225336618,True,89269a2724fffff,1.0,True,1.0,1.0,Navajo Nation,True,False
40687000143,Round Rock Elementary School,Round Rock,Apache County,43,36.514142,-109.475162,2024-2025,96.0,0,0.0,,22.122844665724823,True,8948cb7868bffff,1.0,True,1.0,0.9940828402366864,Navajo Nation,True,True
40687000206,Red Mesa Junior High School,Teec Nos Pos,Apache County,43,36.961986,-109.381598,2024-2025,178.0,2,2.0,125.7195,12.829664225336618,True,89269a2724fffff,1.0,True,1.0,1.0,Navajo Nation,True,False
40687002867,Red Valley/Cove High School,Teec Nos Pos,Apache County,43,36.576128,-109.055765,2024-2025,132.0,0,0.0,,2.6657186756515623,True,89269b452a3ffff,1.0,True,0.7041420118343196,0.6982248520710059,Navajo Nation,True,True
40690000577,Red Rock Elementary School,Red Rock,Pinal County,42,32.5689,-111.3453,2024-2025,266.0,6,17.0,210.18582352941172,4.88333920749709,True,8948e876847ffff,1.0,True,1.0,1.0,,False,False
40696000526,San Carlos High School,PERIDOT,Gila County,43,33.298194,-110.473998,2024-2025,118.0,4,17.0,270.6253529411765,26.64155728788866,True,8948ea2e953ffff,1.0,True,1.0,0.9112426035502958,San Carlos,True,False
40696001353,Rice School,San Carlos,Gila County,43,33.355968,-110.452893,2024-2025,114.0,7,37.0,47.42305405405405,26.927577730920778,True,8948ea2c91bffff,1.0,True,0.9940828402366864,0.8757396449704142,San Carlos,True,False
40696001656,Rice Elementary School,San Carlos,Gila County,43,33.355968,-110.452893,2024-2025,114.0,7,37.0,47.42305405405405,26.927577730920778,True,8948ea2c91bffff,1.0,True,0.9940828402366864,0.8757396449704142,San Carlos,True,False
40696002788,San Carlos Alternative High School,San Carlos,Gila County,43,33.298039,-110.475413,2024-2025,118.0,4,17.0,270.6253529411765,26.766497669472063,True,8948ea2e957ffff,1.0,True,1.0,0.9112426035502958,San Carlos,True,False
40696003683,San Carlos Middle School,SAN CARLOS,Gila County,43,33.357606,-110.453719,2024-2025,114.0,7,37.0,47.42305405405405,27.078025966521164,True,8948ea2c90bffff,1.0,True,1.0,0.8698224852071006,San Carlos,True,False
40696003685,Shil Gozhoo Academy,San Carlos,Gila County,43,33.357606,-110.453719,2024-2025,114.0,7,37.0,47.42305405405405,27.078025966521164,True,8948ea2c90bffff,1.0,True,1.0,0.8698224852071006,San Carlos,True,False
40702000581,Riverside Traditional School,Phoenix,Maricopa County,11,33.4342,-112.1697,2024-2025,151.0,30,146.0,350.92484931506857,1.0841932512021202,False,8948e96d2dbffff,1.0,True,1.0,1.0,,False,False
40702002487,Kings Ridge School,PHOENIX,Maricopa County,11,33.4149,-112.1995,2024-2025,213.0,27,210.0,236.6883476190476,3.0006968953118656,False,8948e96d473ffff,1.0,True,1.0,1.0,,False,False
40702003485,Maricopa Institute of Technology (MIT),PHOENIX,Maricopa County,11,33.412005,-112.178868,2024-2025,178.0,17,100.0,214.61546,1.814856740287407,False,8948e96d68bffff,1.0,True,1.0,1.0,,False,False
40702003691,Riverside Elementary School District (RESD) STEM2 Online Sch,Phoenix,Maricopa County,11,33.4342,-112.1697,2024-2025,153.0,30,146.0,350.92484931506857,1.0841932512021202,False,8948e96d2dbffff,1.0,True,1.0,1.0,,False,False
40708000582,T G Barr School,PHOENIX,Maricopa County,11,33.3856,-112.037,2024-2025,269.0,38,364.0,280.8355989010989,3.865727799281954,False,8948eba6d83ffff,1.0,True,1.0,1.0,,False,False
40708000587,C O Greenfield School,PHOENIX,Maricopa County,11,33.3818,-112.0576,2024-2025,226.0,38,520.0,334.105025,2.646066714031567,False,8948e969e03ffff,1.0,True,1.0,1.0,,False,False
40708000588,C J Jorgensen School,PHOENIX,Maricopa County,11,33.3985,-112.0955,2024-2025,235.0,39,211.0,282.4077725118484,2.0703325196052504,False,8948e9699dbffff,1.0,True,1.0,1.0,,False,False
40708000592,John F Kennedy Elementary School,PHOENIX,Maricopa County,11,33.3839,-112.0574,2024-2025,217.0,37,516.0,336.0827984496124,2.837481654399077,False,8948e969e03ffff,1.0,True,1.0,1.0,,False,False
40708000593,V H Lassen Elementary School,PHOENIX,Maricopa County,11,33.3838,-112.0847,2024-2025,166.0,34,275.0,404.1268218181819,2.345519417692316,False,8948e969893ffff,1.0,True,1.0,1.0,,False,False
40708000597,Martin Luther King Early Childhood Center,PHOENIX,Maricopa County,11,33.4043,-112.0333,2024-2025,171.0,37,298.0,372.6936308724832,3.874573740134968,False,8948eba6d67ffff,1.0,True,1.0,1.0,,False,False
40708000599,Percy L Julian School,PHOENIX,Maricopa County,11,33.4026,-112.0357,2024-2025,188.0,33,258.0,395.73424806201547,3.665748868670201,False,8948eba6d2bffff,1.0,True,1.0,1.0,,False,False
40708000600,Amy L. Houston Academy,PHOENIX,Maricopa County,11,33.3807,-112.0572,2024-2025,237.0,37,395.0,274.75453417721525,2.5807482767225998,False,8948e969e13ffff,1.0,True,1.0,1.0,,False,False
40708000605,Cesar E Chavez Community School,PHOENIX,Maricopa County,11,33.4108,-112.0674,2024-2025,180.0,31,381.0,436.70537007874015,0.8959103921462654,False,8948e969a37ffff,1.0,True,1.0,1.0,,False,False
40708000607,Irene Lopez School,PHOENIX,Maricopa County,11,33.403935,-112.056839,2024-2025,185.0,31,340.0,408.4646382352941,1.6989701499738812,False,8948e969a13ffff,1.0,True,1.0,1.0,,False,False
40708000609,Sunland Elementary School,PHOENIX,Maricopa County,11,33.3971,-112.0817,2024-2025,190.0,40,306.0,378.95022875817,1.1531995786499922,False,8948e96980fffff,1.0,True,1.0,1.0,,False,False
40708001100,Valley View School,PHOENIX,Maricopa County,11,33.371419,-112.084311,2024-2025,169.0,35,161.0,250.37271428571427,1.116302013327138,False,8948e969c03ffff,1.0,True,1.0,1.0,,False,False
40708001143,Ignacio Conchos School,PHOENIX,Maricopa County,11,33.386,-112.096,2024-2025,191.0,34,177.0,252.6413785310734,2.943525625325175,False,8948e969d43ffff,1.0,True,1.0,1.0,,False,False
40708001144,John R Davis School,PHOENIX,Maricopa County,11,33.3906,-112.0898,2024-2025,186.0,38,320.0,374.4548375,2.1810232939156338,False,8948e9698bbffff,1.0,True,1.0,1.0,,False,False
40708001324,Maxine O Bush Elementary School,PHOENIX,Maricopa County,11,33.3657,-112.069,2024-2025,193.0,29,131.0,210.23922137404577,0.7126610678830947,False,8948e969137ffff,1.0,True,1.0,1.0,,False,False
40708001325,Southwest Elementary School,PHOENIX,Maricopa County,11,33.3625,-112.0876,2024-2025,190.0,28,76.0,232.44244736842103,1.0551209325193378,False,8948e969c83ffff,1.0,True,1.0,0.9822485207100592,,False,False
40708001879,Ed & Verma Pastor Elementary School,PHOENIX,Maricopa County,11,33.3877,-112.1048,2024-2025,228.0,37,174.0,271.11655172413793,3.4232905555367474,False,8948e969d0fffff,1.0,True,1.0,1.0,,False,False
40708001880,Cloves C Campbell Sr Elementary School,PHOENIX,Maricopa County,11,33.3715,-112.0256,2024-2025,320.0,25,165.0,282.6697212121212,2.750196719055297,False,8948e969357ffff,1.0,True,1.0,1.0,,False,False
40708002498,Bernard Black Elementary School,PHOENIX,Maricopa County,11,33.3875,-112.1177,2024-2025,264.0,37,198.0,227.20221212121209,4.457500378243539,False,8948e969d37ffff,1.0,True,1.0,1.0,,False,False
40708003698,iAmRSDOnline Academy,PHOENIX,Maricopa County,11,33.391668,-112.065563,2024-2025,176.0,40,485.0,336.16416701030926,1.802347902937044,False,8948e969e2fffff,1.0,True,1.0,1.0,,False,False
40713000617,Round Valley Middle School,Eagar,Apache County,43,34.107963,-109.294362,2024-2025,236.0,22,75.0,94.56113333333332,25.766762835404705,True,8948cc4830bffff,1.0,True,1.0,1.0,,False,False
40713001044,Round Valley High School,Eagar,Apache County,43,34.120618,-109.287906,2024-2025,226.0,23,113.0,148.55415929203542,26.384108428566417,True,8948cc49ddbffff,1.0,True,1.0,1.0,,False,False
40713001484,Round Valley Elementary School,Eagar,Apache County,43,34.1081,-109.2844,2024-2025,219.0,24,79.0,94.27369620253164,26.68373738679332,True,8948cc4834bffff,1.0,True,1.0,0.9940828402366864,,False,False
40713003442,Round Valley AOI,Eagar,Apache County,43,34.121365,-109.286988,2024-2025,224.0,23,113.0,148.55415929203542,26.47222526142265,True,8948cc49ddbffff,1.0,True,1.0,1.0,,False,False
40717000620,Ruth Fisher Middle School,TONOPAH,Maricopa County,42,33.492511,-112.870435,2024-2025,298.0,5,11.0,97.95145454545454,15.161640439686096,True,8929b696883ffff,1.0,True,1.0,1.0,,False,False
40717002483,Tonopah Valley High School,TONOPAH,Maricopa County,42,33.491661,-112.873252,2024-2025,297.0,5,11.0,97.95145454545454,15.058499230404102,True,8929b696887ffff,1.0,True,1.0,1.0,,False,False
40717002808,Winters Well Elementary School,TONOPAH,Maricopa County,42,33.43659,-112.810539,2024-2025,276.0,4,9.0,90.11355555555556,10.867605465721825,True,8929b69647bffff,1.0,True,1.0,1.0,,False,False
40717002812,Tartesso Elementary School,BUCKEYE,Maricopa County,42,33.4905,-112.6882,2024-2025,306.0,14,36.0,430.8813611111111,12.401131985534647,True,8929b690947ffff,1.0,True,1.0,1.0,,False,False
40717003774,Saddle Mountain Online Academy,TONOPAH,Maricopa County,42,33.492036,-112.87243,2024-2025,298.0,5,11.0,97.95145454545454,15.10225169322942,True,8929b696887ffff,1.0,True,1.0,1.0,,False,False
40717003804,Desert Sunset Elementary School,Buckeye,Maricopa County,42,33.484795,-112.716649,2024-2025,,13,34.0,373.6578529411765,14.439092131754055,True,8929b69726fffff,1.0,True,1.0,1.0,,False,False
40720000621,Sacaton Elementary,Sacaton,Pinal County,42,33.081692,-111.761762,2024-2025,248.0,7,20.0,372.9419,0.7750603106310302,True,8948e949ba3ffff,1.0,True,1.0,1.0,Gila River,True,False
40720001176,Sacaton Middle School,Sacaton,Pinal County,42,33.079184,-111.757917,2024-2025,229.0,7,20.0,391.64305,0.7517045523116479,True,8948e949bbbffff,1.0,True,1.0,1.0,Gila River,True,False
40724000527,Mt Graham High School,SAFFORD,Graham County,33,32.8032,-109.711,2024-2025,200.0,10,23.0,278.7073043478261,2.7462615779113,False,8948ea54343ffff,1.0,True,1.0,1.0,,False,False
40724000623,Dorothy Stinson School,SAFFORD,Graham County,33,32.8161,-109.7151,2024-2025,199.0,20,67.0,261.7195373134328,1.6785439210363489,False,8948ea55dd3ffff,1.0,True,1.0,1.0,,False,False
40724000624,Safford High School,SAFFORD,Graham County,33,32.8288,-109.7265,2024-2025,222.0,25,110.0,358.8226090909091,1.1131573937431016,False,8948ea55d33ffff,1.0,True,1.0,1.0,,False,False
40724001029,Safford Middle School,SAFFORD,Graham County,33,32.827899,-109.714377,2024-2025,196.0,26,97.0,398.9587010309279,1.8950826322025605,False,8948ea55d47ffff,1.0,True,1.0,1.0,,False,False
40724001030,Lafe Nelson School,SAFFORD,Graham County,33,32.8271,-109.7202,2024-2025,205.0,28,119.0,348.18644537815123,1.3809645520542235,False,8948ea55d03ffff,1.0,True,1.0,1.0,,False,False
40724002267,Ruth Powell Elementary School,SAFFORD,Graham County,33,32.828264,-109.723379,2024-2025,213.0,27,118.0,349.89966949152534,1.2389578450156735,False,8948ea55d07ffff,1.0,True,1.0,1.0,,False,False
40724003507,Henry Dunkerson Pathways Academy,SAFFORD,Graham County,33,32.828101,-109.715383,2024-2025,197.0,27,109.0,374.50839449541286,1.8228179204968704,False,8948ea55d0bffff,1.0,True,1.0,1.0,,False,False
40730000625,Sahuarita Primary School,SAHUARITA,Pima County,31,31.959757,-110.981961,2024-2025,374.0,24,145.0,356.4680275862069,11.192159268406852,False,8948e8c0ac3ffff,1.0,True,1.0,1.0,,False,False
40730000626,Sahuarita High School,SAHUARITA,Pima County,31,31.95895,-110.97353,2024-2025,366.0,25,145.0,357.7068068965517,11.801495554069632,False,8948e8c1d37ffff,1.0,True,1.0,1.0,,False,False
40730000627,Sahuarita Middle School,SAHUARITA,Pima County,31,31.960563,-110.976707,2024-2025,365.0,24,144.0,357.66919444444443,11.65042952721483,False,8948e8c0acbffff,1.0,True,1.0,1.0,,False,False
40730000628,Sopori Elementary School,Amado,Pima County,42,31.73002,-111.071101,2024-2025,205.0,4,23.0,68.8744347826087,14.60183326595936,True,8948e8d2d67ffff,1.0,True,1.0,1.0,,False,False
40730002196,Sahuarita Intermediate School,SAHUARITA,Pima County,31,31.959013,-110.977967,2024-2025,370.0,23,143.0,358.2874125874126,11.455423310167784,False,8948e8c0adbffff,1.0,True,1.0,1.0,,False,False
40730002818,Anza Trail,Sahuarita,Pima County,31,31.969979,-110.974087,2024-2025,344.0,25,159.0,310.7457672955975,12.465152408860323,False,8948e8c0a4bffff,1.0,True,1.0,1.0,,False,False
40730003183,Walden Grove High School,Sahuarita,Pima County,41,31.97054,-110.93292,2024-2025,338.0,1,1.0,32.665,12.00318630934756,True,8948e8c187bffff,1.0,True,1.0,1.0,,False,False
40730003339,Copper View Elementary School,Sahuarita,Pima County,41,31.955791,-110.977364,2024-2025,367.0,23,136.0,359.55174264705886,11.307772256087308,True,8948e8c1da7ffff,1.0,True,1.0,1.0,,False,False
40730003582,Wrightson Ridge K-8 School,Sahuarita,Pima County,41,31.954282,-110.981472,2024-2025,370.0,21,132.0,361.1430227272728,10.890597922986537,True,8948e8c0ad3ffff,1.0,True,1.0,1.0,,False,False
40730003783,Sahuarita Digital Pathways Academy,SAHUARITA,Pima County,31,31.958448,-110.976581,2024-2025,363.0,24,144.0,357.66919444444443,11.52965261661835,False,8948e8c0adbffff,1.0,True,1.0,1.0,,False,False
40738000630,San Fernando Elementary School,Sasabe,Pima County,43,31.490165,-111.540904,2024-2025,160.0,2,11.0,66.712,1.2406520772239211,True,8948ec2ae63ffff,1.0,True,0.727810650887574,0.6331360946745562,,False,False
40743000631,San Simon School,San Simon,Cochise County,43,32.266465,-109.223201,2024-2025,198.0,7,45.0,193.54246666666663,34.64834127553976,True,8948c5a9b37ffff,1.0,True,1.0,1.0,,False,False
40750000633,Little Red Schoolhouse,NOGALES,Santa Cruz County,41,31.3879,-110.8719,2024-2025,175.0,1,1.0,259.084,4.939615651950916,True,8948ec4cb8fffff,1.0,True,1.0,0.8461538461538461,,False,False
40752000634,Calabasas School,RIO RICO,Santa Cruz County,42,31.4379,-110.9682,2024-2025,202.0,15,48.0,154.94916666666666,6.351212983836023,True,8948ec79c8fffff,1.0,True,1.0,0.9822485207100592,,False,False
40752000635,Mountain View School,RIO RICO,Santa Cruz County,42,31.5059,-111.0147,2024-2025,185.0,9,23.0,184.838,0.5654277880912776,True,8948ec6a097ffff,1.0,True,1.0,0.9881656804733728,,False,False
40752000637,San Cayetano Elementary School,RIO RICO,Santa Cruz County,42,31.479616,-110.962965,2024-2025,196.0,4,9.0,293.93966666666665,5.6988006961490685,True,8948ec79b93ffff,1.0,True,1.0,0.9526627218934911,,False,False
40752001036,Rio Rico High School,Rio Rico,Santa Cruz County,42,31.504634,-111.01861,2024-2025,185.0,9,23.0,161.45004347826085,0.3818985447376,True,8948ec6a55bffff,1.0,True,1.0,0.9644970414201184,,False,False
40752002768,Coatimundi Middle School,RIO RICO,Santa Cruz County,42,31.508262,-111.015073,2024-2025,185.0,9,23.0,184.838,0.7981363192566433,True,8948ec6a087ffff,1.0,True,1.0,0.9881656804733728,,False,False
40752003709,Santa Cruz Valley Digital Learning Program,RIO RICO,Santa Cruz County,42,31.504634,-111.01861,2024-2025,185.0,9,23.0,161.45004347826085,0.3818985447376,True,8948ec6a55bffff,1.0,True,1.0,0.9644970414201184,,False,False
40753000638,Santa Cruz Valley Union High School,ELOY,Pinal County,42,32.75926,-111.555596,2024-2025,169.0,10,164.0,191.13132926829263,5.215440372693342,True,8948e82d0a7ffff,1.0,True,1.0,1.0,,False,False
40753002966,Santa Cruz Center for Success,ELOY,Pinal County,42,32.75926,-111.555596,2024-2025,170.0,10,164.0,191.13132926829263,5.215440372693342,True,8948e82d0a7ffff,1.0,True,1.0,1.0,,False,False
40757000274,Aztec Elementary School,SCOTTSDALE,Maricopa County,12,33.609542,-111.866179,2024-2025,667.0,30,237.0,307.4382278481013,7.177920773642015,False,8929b6d93b7ffff,1.0,True,1.0,1.0,,False,False
40757000603,Desert Canyon Middle School,SCOTTSDALE,Maricopa County,12,33.6266,-111.8622,2024-2025,685.0,29,199.0,563.6295175879396,8.618460629128041,False,8929b6d9e5bffff,1.0,True,1.0,1.0,,False,False
40757000604,Desert Mountain High School,Scottsdale,Maricopa County,12,33.5888,-111.8089,2024-2025,827.0,24,171.0,344.38215789473685,4.388605783913893,False,8948eb365abffff,1.0,True,1.0,1.0,,False,False
40757000640,Arcadia High School,PHOENIX,Maricopa County,11,33.4939,-111.9813,2024-2025,595.0,38,410.0,412.62596097560976,10.126288163757131,False,8948eba4b77ffff,1.0,True,1.0,1.0,,False,False
40757000641,Chaparral High School,SCOTTSDALE,Maricopa County,12,33.5775,-111.9317,2024-2025,748.0,30,226.0,346.2464380530974,0.2749159101846533,False,8929b6d8017ffff,1.0,True,1.0,1.0,,False,False
40757000642,Cherokee Elementary School,Paradise Valley,Maricopa County,21,33.5657,-111.9592,2024-2025,803.0,18,39.0,191.47387179487177,2.75372122465644,False,8929b6d85bbffff,1.0,True,1.0,1.0,,False,False
40757000643,Cocopah Middle School,SCOTTSDALE,Maricopa County,12,33.588829,-111.937469,2024-2025,754.0,33,228.0,317.725100877193,1.626034527244976,False,8929b6d8027ffff,1.0,True,1.0,1.0,,False,False
40757000644,Coronado High School,SCOTTSDALE,Maricopa County,12,33.47492,-111.919771,2024-2025,311.0,41,650.0,403.15943846153846,11.185960563100474,False,8948eba58a7ffff,1.0,True,1.0,1.0,,False,False
40757000646,Hohokam Elementary School,SCOTTSDALE,Maricopa County,12,33.4725,-111.8989,2024-2025,289.0,38,264.0,459.5264166666667,11.798257046133262,False,8948eba5857ffff,1.0,True,1.0,1.0,,False,False
40757000647,Hopi Elementary School,PHOENIX,Maricopa County,11,33.497191,-111.968942,2024-2025,780.0,32,312.0,323.5928621794872,9.319125566851271,False,8929b6da4b7ffff,1.0,True,1.0,1.0,,False,False
40757000648,Ingleside Middle School,PHOENIX,Maricopa County,11,33.488314,-111.963747,2024-2025,860.0,35,271.0,369.90858302583024,10.090220679464156,False,8929b6da497ffff,1.0,True,1.0,1.0,,False,False
40757000651,Kiva Elementary School,Paradise Valley,Maricopa County,21,33.523114,-111.932787,2024-2025,646.0,30,223.0,291.3439820627803,5.773482294782492,False,8929b6da293ffff,1.0,True,1.0,1.0,,False,False
40757000654,Mohave Middle School,SCOTTSDALE,Maricopa County,12,33.517543,-111.897393,2024-2025,384.0,37,827.0,204.93324183796864,7.137692919993945,False,8929b6db5cfffff,1.0,True,1.0,1.0,,False,False
40757000655,Navajo Elementary School,SCOTTSDALE,Maricopa County,12,33.5026,-111.8991,2024-2025,337.0,40,265.0,352.46419245283016,8.60063642880926,False,8948eba5b47ffff,1.0,True,1.0,1.0,,False,False
40757000657,Pima Elementary School,SCOTTSDALE,Maricopa County,12,33.488509,-111.900817,2024-2025,300.0,39,391.0,469.44525063938624,10.036408455602698,False,8948eba5bd7ffff,1.0,True,1.0,1.0,,False,False
40757000658,Pueblo Elementary School,SCOTTSDALE,Maricopa County,12,33.5304,-111.9068,2024-2025,482.0,37,841.0,213.56440428061836,5.471304189430224,False,8929b6db52bffff,1.0,True,1.0,1.0,,False,False
40757000659,Saguaro High School,SCOTTSDALE,Maricopa County,12,33.5278,-111.9067,2024-2025,473.0,42,896.0,207.2134631696429,5.738555872946375,False,8929b6db53bffff,1.0,True,1.0,1.0,,False,False
40757000662,Tavan Elementary School,PHOENIX,Maricopa County,11,33.488904,-111.98178,2024-2025,447.0,38,411.0,415.04010948905113,10.643578091833724,False,8948eba4b07ffff,1.0,True,1.0,1.0,,False,False
40757000663,Tonalea Middle School,SCOTTSDALE,Maricopa County,12,33.459052,-111.937445,2024-2025,379.0,33,276.0,383.7145434782609,10.663400887249644,False,8948eba5dbbffff,1.0,True,1.0,1.0,,False,False
40757000666,Yavapai Elementary School,SCOTTSDALE,Maricopa County,12,33.4555,-111.9171,2024-2025,294.0,42,407.0,419.6716216216216,11.21051564343239,False,8948eba5c37ffff,1.0,True,1.0,1.0,,False,False
40757001102,Cochise Elementary School,SCOTTSDALE,Maricopa County,12,33.5712,-111.8987,2024-2025,836.0,36,288.0,449.7405833333333,3.0837275708010603,False,8929b6d860bffff,1.0,True,1.0,1.0,,False,False
40757001194,Cheyenne Traditional School,SCOTTSDALE,Maricopa County,12,33.609542,-111.866179,2024-2025,667.0,30,237.0,307.4382278481013,7.177920773642015,False,8929b6d93b7ffff,1.0,True,1.0,1.0,,False,False
40757001327,Anasazi Elementary,SCOTTSDALE,Maricopa County,12,33.5962,-111.812,2024-2025,838.0,17,96.0,436.037375,4.759564659248029,False,8948eb36523ffff,1.0,True,1.0,0.9763313609467456,,False,False
40757001384,Laguna Elementary School,SCOTTSDALE,Maricopa County,12,33.5784,-111.8565,2024-2025,688.0,31,277.0,201.0651263537906,6.973649942774418,False,8929b6d9093ffff,1.0,True,1.0,1.0,,False,False
40757001434,Sequoya Elementary School,SCOTTSDALE,Maricopa County,12,33.5929,-111.944,2024-2025,820.0,31,217.0,305.2972119815668,2.292298527626303,False,8929b6d8157ffff,1.0,True,1.0,1.0,,False,False
40757001475,Redfield Elementary School,SCOTTSDALE,Maricopa County,12,33.6145,-111.8838,2024-2025,692.0,42,580.0,382.8644793103448,6.238619460267873,False,8929b6d912fffff,1.0,True,1.0,1.0,,False,False
40757001561,Echo Canyon K-8,SCOTTSDALE,Maricopa County,11,33.499814,-111.948008,2024-2025,714.0,32,320.0,439.358684375,8.499425949241873,False,8929b6da457ffff,1.0,True,1.0,1.0,,False,False
40757001562,Mountainside Middle School,SCOTTSDALE,Maricopa County,12,33.5887,-111.8061,2024-2025,836.0,23,177.0,322.88550282485875,4.129107851713198,False,8948eb36517ffff,1.0,True,1.0,1.0,,False,False
40757001671,Desert Canyon Elementary,SCOTTSDALE,Maricopa County,12,33.626789,-111.860638,2024-2025,685.0,27,168.0,610.554851190476,8.740803528083307,False,8929b6d9e5bffff,1.0,True,1.0,1.0,,False,False
40757002115,Copper Ridge School,SCOTTSDALE,Maricopa County,12,33.6672,-111.8649,2024-2025,852.0,13,27.0,284.9295555555556,7.971688737634858,False,8929b6cb4cbffff,1.0,True,1.0,0.9940828402366864,,False,False
40757002116,Copper Ridge Middle School,SCOTTSDALE,Maricopa County,12,33.6666,-111.8648,2024-2025,854.0,13,27.0,284.9295555555556,8.033683056076306,False,8929b6cb4cbffff,1.0,True,1.0,0.9940828402366864,,False,False
40757002640,Copper Ridge Math and Science Academy,SCOTTSDALE,Maricopa County,12,33.6665,-111.8653,2024-2025,855.0,13,27.0,284.9295555555556,8.019654804400906,False,8929b6cb4c3ffff,1.0,True,1.0,1.0,,False,False
40757003250,Scottsdale Online Learning,Scottsdale,Maricopa County,12,33.472233,-111.919006,2024-2025,325.0,44,728.0,392.4492115384615,11.490351989097578,False,8948eba58b7ffff,1.0,True,1.0,1.0,,False,False
40763000667,Seligman Elementary School,Seligman,Yavapai County,43,35.329906,-112.874097,2024-2025,303.0,5,28.0,104.87585714285714,7.243200546287726,True,8929b237427ffff,1.0,True,1.0,0.9940828402366864,,False,False
40763000668,Seligman High School,Seligman,Yavapai County,43,35.329906,-112.874097,2024-2025,303.0,5,28.0,104.87585714285714,7.243200546287726,True,8929b237427ffff,1.0,True,1.0,0.9940828402366864,,False,False
40768000669,Sentinel Elementary School,Sentinel,Maricopa County,43,32.859681,-113.210749,2024-2025,282.0,4,6.0,47.13833333333333,0.3544405536361698,True,8948e9a6a33ffff,1.0,True,1.0,1.0,,False,False
40770000672,Whipple Ranch Elementary School,SHOW LOW,Navajo County,41,34.2615,-110.0453,2024-2025,120.0,23,153.0,165.7802549019608,2.095038968956645,True,8948cc7685bffff,1.0,True,1.0,0.9940828402366864,,False,False
40770000673,Show Low High School,SHOW LOW,Navajo County,41,34.261163,-110.049082,2024-2025,122.0,23,135.0,152.55825925925927,2.043094320965519,True,8948cc76843ffff,1.0,True,1.0,0.9940828402366864,,False,False
40770000674,Show Low Junior High School,SHOW LOW,Navajo County,41,34.257941,-110.048802,2024-2025,121.0,24,157.0,174.44601273885348,1.6840878599218234,True,8948cc76e27ffff,1.0,True,1.0,0.9940828402366864,,False,False
40770001253,Linden Elementary School,SHOW LOW,Navajo County,42,34.286222,-110.137795,2024-2025,171.0,8,15.0,218.2543333333333,9.54931355247508,True,8948cc2b593ffff,1.0,True,1.0,0.9822485207100592,,False,False
40770001435,Nikolaus Homestead Elementary School,SHOW LOW,Navajo County,33,34.249196,-110.034017,2024-2025,120.0,27,196.0,179.9073010204081,1.4798113188889737,False,8948cc76e0bffff,1.0,True,1.0,1.0,,False,False
40770001941,White Mountain Institute,SHOW LOW,Navajo County,41,34.261163,-110.049082,2024-2025,122.0,23,135.0,152.55825925925927,2.043094320965519,True,8948cc76843ffff,1.0,True,1.0,0.9940828402366864,,False,False
40770003276,WMI ON LINE,Show Low,Navajo County,41,34.257283,-110.046749,2024-2025,120.0,25,161.0,175.15458385093166,1.61487918653751,True,8948cc76e27ffff,1.0,True,1.0,0.9940828402366864,,False,False
40770003615,Show Low Preschool,SHOW LOW,Navajo County,41,34.257283,-110.046749,2024-2025,120.0,25,161.0,175.15458385093166,1.61487918653751,True,8948cc76e27ffff,1.0,True,1.0,0.9940828402366864,,False,False
40775000296,Las Brisas Elementary School,GLENDALE,Maricopa County,11,33.7044,-112.1851,2024-2025,567.0,21,115.0,248.4780695652174,7.2179705983563665,False,8929b6c72d3ffff,1.0,True,1.0,1.0,,False,False
40775000622,Desert Mountain School,DESERT HILLS,Maricopa County,21,33.8101,-112.0788,2024-2025,545.0,25,56.0,211.5896607142857,5.586277420976844,False,8929b6cc44bffff,1.0,True,1.0,1.0,,False,False
40775000636,Mountain Ridge High School,GLENDALE,Maricopa County,21,33.6914,-112.205,2024-2025,559.0,34,263.0,410.83599619771854,5.865779080564796,False,8929b6c76afffff,1.0,True,1.0,1.0,,False,False
40775000675,Constitution Elementary School,PHOENIX,Maricopa County,11,33.6536,-112.0924,2024-2025,283.0,43,541.0,271.5103068391867,9.357503922844955,False,8929b6c046fffff,1.0,True,1.0,1.0,,False,False
40775000676,Deer Valley Middle School,PHOENIX,Maricopa County,11,33.6811,-112.1182,2024-2025,287.0,40,611.0,314.93333224222584,8.24224091597733,False,8929b6c0173ffff,1.0,True,1.0,1.0,,False,False
40775000681,New River Elementary School,PHOENIX,Maricopa County,41,33.9263,-112.1405,2024-2025,454.0,12,61.0,279.2759344262295,2.0771381447034023,True,8929b656507ffff,1.0,True,1.0,0.9763313609467456,,False,False
40775000682,Park Meadows Elementary School,GLENDALE,Maricopa County,11,33.6665,-112.1358,2024-2025,300.0,41,438.0,261.19100456621004,6.001144037509733,False,8929b6c2a43ffff,1.0,True,1.0,1.0,,False,False
40775000684,Village Meadows Elementary School,PHOENIX,Maricopa County,11,33.6495,-112.1036,2024-2025,297.0,45,603.0,328.66524046434506,8.26477137827513,False,8929b6c0423ffff,1.0,True,1.0,1.0,,False,False
40775001045,Deer Valley High School,GLENDALE,Maricopa County,21,33.6535,-112.1703,2024-2025,305.0,41,306.0,270.7536764705882,2.532568188112513,False,8929b6c2803ffff,1.0,True,1.0,1.0,,False,False
40775001047,Mirage Elementary School,GLENDALE,Maricopa County,11,33.6496,-112.1443,2024-2025,299.0,44,350.0,313.95329428571426,4.55931929583888,False,8929b6c2e63ffff,1.0,True,1.0,1.0,,False,False
40775001048,Sunrise Elementary School,PHOENIX,Maricopa County,11,33.6463,-112.1266,2024-2025,328.0,49,584.0,328.8116558219178,6.107967545483417,False,8929b6c0583ffff,1.0,True,1.0,1.0,,False,False
40775001146,Traditional Academy at Bellair,GLENDALE,Maricopa County,11,33.646696,-112.161005,2024-2025,292.0,40,274.0,275.9771350364963,2.9812830046449403,False,8929b6c28dbffff,1.0,True,1.0,1.0,,False,False
40775001147,Desert Sky Middle School,GLENDALE,Maricopa County,21,33.6482,-112.1702,2024-2025,307.0,41,335.0,301.11485373134326,2.235359847809636,False,8929b6c288bffff,1.0,True,1.0,1.0,,False,False
40775001250,Copper Creek Elementary School,GLENDALE,Maricopa County,21,33.6847,-112.2109,2024-2025,542.0,37,234.0,409.2487350427351,5.292061862553738,False,8929b6c747bffff,1.0,True,1.0,1.0,,False,False
40775001255,Greenbrier Elementary School,GLENDALE,Maricopa County,21,33.6446,-112.1933,2024-2025,373.0,44,567.0,346.26360846560846,0.5504108143336233,False,8929b6c2d0bffff,1.0,True,1.0,1.0,,False,False
40775001330,Mountain Shadows Elementary School,GLENDALE,Maricopa County,11,33.6639,-112.1589,2024-2025,288.0,36,186.0,223.5384892473118,4.081780710061357,False,8929b6c2ab7ffff,1.0,True,1.0,1.0,,False,False
40775001331,Barry Goldwater High School,PHOENIX,Maricopa County,11,33.677332,-112.118559,2024-2025,303.0,42,661.0,311.9125098335855,7.987850536420542,False,8929b6c011bffff,1.0,True,1.0,1.0,,False,False
40775001436,Arrowhead Elementary School,GLENDALE,Maricopa County,21,33.6534,-112.219,2024-2025,463.0,44,613.0,254.1553034257749,2.9152925382970096,False,8929b6d5a13ffff,1.0,True,1.0,1.0,,False,False
40775001503,Hillcrest Middle School,GLENDALE,Maricopa County,21,33.692,-112.2109,2024-2025,557.0,34,270.0,433.68175925925925,6.064559594258421,False,8929b6c70d3ffff,1.0,True,1.0,1.0,,False,False
40775001504,Esperanza Elementary School,PHOENIX,Maricopa County,11,33.6739,-112.0773,2024-2025,414.0,41,287.0,295.0668327526132,10.302073371059135,False,8929b6c02bbffff,1.0,True,1.0,1.0,,False,False
40775001563,Desert Sage Elementary School,GLENDALE,Maricopa County,11,33.7048,-112.1466,2024-2025,450.0,30,127.0,216.0776535433071,8.369991459334944,False,8929b6c0883ffff,1.0,True,1.0,1.0,,False,False
40775001679,Paseo Hills School,PHOENIX,Maricopa County,11,33.6873,-112.1299,2024-2025,333.0,36,252.0,257.4625238095238,7.816964918770719,False,8929b6c0127ffff,1.0,True,1.0,1.0,,False,False
40775001873,Highland Lakes School,GLENDALE,Maricopa County,21,33.6576,-112.1962,2024-2025,429.0,43,334.0,339.70113473053897,2.0205937084531884,False,8929b6c299bffff,1.0,True,1.0,1.0,,False,False
40775001874,Anthem School,ANTHEM,Maricopa County,21,33.8572,-112.131,2024-2025,503.0,36,221.0,195.83415384615387,0.4724118248571864,False,8929b6ccc47ffff,1.0,True,1.0,1.0,,False,False
40775001997,Legend Springs Elementary,GLENDALE,Maricopa County,21,33.6784,-112.1928,2024-2025,515.0,40,253.0,424.6933992094862,4.298156839783595,False,8929b6c296fffff,1.0,True,1.0,1.0,,False,False
40775002127,Sierra Verde STEAM Academy,GLENDALE,Maricopa County,21,33.6739,-112.2161,2024-2025,450.0,44,259.0,381.3999884169884,4.398782874021492,False,8929b6c74c7ffff,1.0,True,1.0,1.0,,False,False
40775002128,Stetson Hills School,Phoenix,Maricopa County,11,33.717898,-112.150506,2024-2025,500.0,24,113.0,231.93662831858407,9.504270423097804,False,8929b6c0833ffff,1.0,True,1.0,1.0,,False,False
40775002357,Sandra Day O'Connor High School,Glendale,Maricopa County,11,33.718103,-112.138076,2024-2025,483.0,24,128.0,196.8849296875,10.04522385866483,False,8929b6c0847ffff,1.0,True,1.0,1.0,,False,False
40775002358,Gavilan Peak School,ANTHEM,Maricopa County,21,33.8563,-112.1165,2024-2025,500.0,30,110.0,230.23509999999996,1.701773692848878,False,8929b6cce83ffff,1.0,True,1.0,1.0,,False,False
40775002433,Boulder Creek High School,ANTHEM,Maricopa County,21,33.8525,-112.1403,2024-2025,501.0,30,172.0,195.78566860465116,1.0518020559705985,False,8929b6ccc03ffff,1.0,True,1.0,1.0,,False,False
40775002434,Diamond Canyon School,ANTHEM,Maricopa County,21,33.8476,-112.0997,2024-2025,475.0,24,62.0,249.72953225806447,2.7891016309274983,False,8929b6cc3b3ffff,1.0,True,1.0,1.0,,False,False
40775002486,West Wing School,PEORIA,Maricopa County,21,33.7266,-112.2461,2024-2025,553.0,20,84.0,139.33947619047618,10.872785124368766,False,8929b6c4693ffff,1.0,True,1.0,0.9822485207100592,,False,False
40775002591,Aspire Deer Valley's Online Academy,PHOENIX,Maricopa County,11,33.67122,-112.092273,2024-2025,292.0,43,563.0,311.93666607460034,9.881089072119286,False,8929b6c0073ffff,1.0,True,1.0,1.0,,False,False
40775002636,Canyon Springs STEM Academy,Anthem,Maricopa County,11,33.874006,-112.154826,2024-2025,482.0,22,181.0,219.6350110497237,2.4236773368019064,False,8929b6cc8b7ffff,1.0,True,1.0,1.0,,False,False
40775002959,Norterra Canyon School,PHOENIX,Maricopa County,11,33.730315,-112.106837,2024-2025,497.0,37,228.0,240.6830394736842,10.635321902891334,False,8929b6c0a4fffff,1.0,True,1.0,1.0,,False,False
40775003098,Terramar Academy of the Arts,PEORIA,Maricopa County,21,33.7118,-112.2095,2024-2025,560.0,23,167.0,364.2654850299401,8.171584600570368,False,8929b6c72b7ffff,1.0,True,1.0,1.0,,False,False
40775003099,Sunset Ridge School,PHOENIX,Maricopa County,11,33.809017,-112.130738,2024-2025,496.0,26,191.0,446.5403821989528,1.6231230305763904,False,8929b6cee43ffff,1.0,True,1.0,1.0,,False,False
40775003454,Vista Peak,PHOENIX,Maricopa County,11,33.667408,-112.090707,2024-2025,211.0,40,512.0,316.556341796875,9.876879248499252,False,8929b6c0047ffff,1.0,True,1.0,1.0,,False,False
40775003463,Sonoran Foothills School,PHOENIX,Maricopa County,41,33.775573,-112.105507,2024-2025,508.0,23,76.0,141.61747368421052,5.994906638278535,True,8929b6ce04fffff,1.0,True,1.0,1.0,,False,False
40775003688,Union Park School,Phoenix,Maricopa County,11,33.718586,-112.107466,2024-2025,484.0,38,355.0,363.6426394366197,11.75547242140222,False,8929b6c0acbffff,1.0,True,1.0,1.0,,False,False
40775003803,Inspiration Mountain School,Phoenix,Maricopa County,11,33.731417,-112.181514,2024-2025,,20,143.0,262.2479090909091,10.239955380191256,False,8929b6c54cbffff,1.0,True,1.0,1.0,,False,False
40777000390,Skull Valley Elementary School,Skull Valley,Yavapai County,42,34.502052,-112.68717,2024-2025,312.0,1,5.0,27.147,13.772201866538603,True,8929b62d013ffff,1.0,True,0.9585798816568047,0.5266272189349113,,False,False
40782000331,Taylor Intermediate School,Taylor,Navajo County,33,34.4682,-110.099,2024-2025,191.0,11,42.0,63.600285714285725,11.817230364831614,False,8948c893013ffff,1.0,True,1.0,0.9940828402366864,,False,False
40782000692,Highland Primary School,Snowflake,Navajo County,33,34.500171,-110.084778,2024-2025,171.0,14,124.0,171.03345161290324,8.377478485424735,False,8948c89334bffff,1.0,True,1.0,1.0,,False,False
40782000694,Snowflake High School,Snowflake,Navajo County,33,34.506962,-110.082748,2024-2025,156.0,13,126.0,171.2933253968254,7.669736321705241,False,8948c8914a3ffff,1.0,True,1.0,1.0,,False,False
40782000695,Snowflake Junior High School,SNOWFLAKE,Navajo County,33,34.4905,-110.0823,2024-2025,201.0,15,116.0,174.35210344827587,9.475708038021656,False,8948c893223ffff,1.0,True,1.0,1.0,,False,False
40782000696,Taylor Elementary School,Snowflake,Navajo County,41,34.464036,-110.08566,2024-2025,222.0,11,47.0,74.78997872340426,12.349217228780391,True,8948c8936afffff,1.0,True,1.0,0.9940828402366864,,False,False
40782001938,Snowflake Intermediate School,SNOWFLAKE,Navajo County,33,34.5072,-110.081,2024-2025,158.0,13,126.0,171.2933253968254,7.678372436885721,False,8948c8914abffff,1.0,True,1.0,1.0,,False,False
40782002543,Snowflake Preschool,SNOWFLAKE,Navajo County,33,34.50401,-110.090398,2024-2025,155.0,14,124.0,170.9601935483871,7.883402131997809,False,8948c89337bffff,1.0,True,1.0,1.0,,False,False
40786000697,Solomon Elementary School,Solomon,Graham County,33,32.8137,-109.6325,2024-2025,213.0,2,2.0,314.812,9.36428331411888,False,8948ea5534bffff,1.0,True,1.0,0.9940828402366864,,False,False
40789000698,Somerton Middle School,Somerton,Yuma County,31,32.604859,-114.711102,2024-2025,108.0,17,115.0,450.2035130434782,2.558463779359637,False,89485bc4547ffff,1.0,True,1.0,1.0,,False,False
40789001256,Orange Grove Elementary School,Somerton,Yuma County,41,32.588814,-114.659131,2024-2025,178.0,21,150.0,341.2055066666666,2.741224129138893,True,89485bc73a7ffff,1.0,True,1.0,1.0,,False,False
40789001565,Desert Sonora Elementary School,Somerton,Yuma County,31,32.598714,-114.7146,2024-2025,130.0,20,130.0,455.33300769230766,2.094088777980765,False,89485bc451bffff,1.0,True,1.0,1.0,,False,False
40789001566,Tierra Del Sol Elementary School,Somerton,Yuma County,31,32.588184,-114.708783,2024-2025,206.0,20,130.0,455.33300769230766,2.8205606481292413,False,89485bc44a7ffff,1.0,True,1.0,1.0,,False,False
40789002568,Encanto Learning Center,Somerton,Yuma County,31,32.599285,-114.717654,2024-2025,130.0,20,144.0,425.0265833333334,1.8156607301032035,False,89485bc4513ffff,1.0,True,1.0,1.0,,False,False
40789002832,PPEP Youth Build,Somerton,Yuma County,31,32.597732,-114.704801,2024-2025,147.0,21,134.0,457.4339850746268,3.006386956791117,False,89485bc4427ffff,1.0,True,1.0,1.0,,False,False
40789003788,Somerton Virtual Learning Institute,Somerton,Yuma County,31,32.599249,-114.71454,2024-2025,129.0,20,130.0,455.33300769230766,2.1050475384533742,False,89485bc451bffff,1.0,True,1.0,1.0,,False,False
40789003813,Bravie T. Soto Elementary School,Somerton,Yuma County,31,32.595855,-114.721227,2024-2025,,18,138.0,418.77383333333336,1.4757109513636393,False,89485bc458fffff,1.0,True,1.0,1.0,,False,False
40789003814,Sun Valley Elementary School,San Luis,Yuma County,41,32.486709,-114.718732,2024-2025,,6,17.0,66.09294117647059,5.798772002292529,True,89485bd4e0fffff,1.0,True,0.9644970414201184,0.9644970414201184,,False,False
40792000699,Elgin Elementary School,ELGIN,Santa Cruz County,42,31.657589,-110.601413,2024-2025,258.0,1,3.0,124.717,5.48130104321541,True,8948eeaf4a7ffff,1.0,True,1.0,0.8520710059171598,,False,False
40802000700,St David Elementary School,SAINT DAVID,Cochise County,42,31.906165,-110.220325,2024-2025,215.0,13,46.0,211.9259782608696,17.19107934123192,True,8948ee3915bffff,1.0,True,1.0,0.9940828402366864,,False,False
40802000701,St David High School,SAINT DAVID,Cochise County,42,31.906143,-110.21944,2024-2025,216.0,13,46.0,211.9259782608696,17.134881655878136,True,8948ee3902fffff,1.0,True,1.0,0.9940828402366864,,False,False
40808000702,Coronado Elementary School,St Johns,Apache County,43,34.5078,-109.3602,2024-2025,158.0,11,56.0,71.50619642857143,15.184177401026243,True,8948cea504bffff,1.0,True,1.0,0.9940828402366864,,False,False
40808001049,St Johns High School,St Johns,Apache County,43,34.501976,-109.388748,2024-2025,156.0,14,126.0,96.98123809523813,12.623824026030912,True,8948cea554fffff,1.0,True,1.0,1.0,,False,False
40808001105,St Johns Middle School,St Johns,Apache County,43,34.498313,-109.373022,2024-2025,155.0,18,148.0,85.5932364864865,14.10228201784413,True,8948cea508bffff,1.0,True,1.0,0.9940828402366864,,False,False
40808002871,St. Johns Learning Center,St Johns,Apache County,43,34.501723,-109.384559,2024-2025,156.0,18,148.0,85.8551418918919,13.008513965112938,True,8948cea50b3ffff,1.0,True,1.0,0.9940828402366864,,False,False
40813000705,Stanfield Elementary School,STANFIELD,Pinal County,42,32.875382,-111.9633,2024-2025,113.0,3,4.0,48.2915,12.55982213621264,True,8948e9422afffff,1.0,True,1.0,0.9822485207100592,,False,False
40817000153,STAR Academic High School,TUCSON,Pima County,11,32.159256,-110.972316,2024-2025,146.0,40,501.0,1005.1166546906188,3.878746337930117,False,8948e856447ffff,1.0,True,1.0,1.0,,False,False
40817000706,Apollo Middle School,Tucson,Pima County,11,32.1553,-110.9718,2024-2025,144.0,40,469.0,860.642104477612,3.883546133089116,False,8948e856457ffff,1.0,True,1.0,1.0,,False,False
40817000710,Craycroft Elementary School,Tucson,Pima County,11,32.1356,-110.876,2024-2025,175.0,29,121.0,373.4333801652893,5.939527261654968,False,8948e852d7bffff,1.0,True,1.0,1.0,,False,False
40817000715,Drexel Elementary School,TUCSON,Pima County,11,32.1499,-110.9597,2024-2025,131.0,36,420.0,868.4022166666667,2.976028886492293,False,8948e8cd93bffff,1.0,True,1.0,1.0,,False,False
40817000719,Elvira Elementary School,TUCSON,Pima County,11,32.1274,-110.9721,2024-2025,155.0,24,222.0,258.44434234234234,4.707464691606454,False,8948e8ccacbffff,1.0,True,1.0,1.0,,False,False
40817000723,Liberty Elementary School,TUCSON,Pima County,11,32.1527,-110.9722,2024-2025,135.0,42,465.0,864.8950967741937,3.9814640146876656,False,8948e8564cfffff,1.0,True,1.0,1.0,,False,False
40817000727,Los Ninos Elementary School,TUCSON,Pima County,21,32.1528,-110.9084,2024-2025,141.0,38,289.0,298.48713494809687,2.352513091214796,False,8948e857493ffff,1.0,True,1.0,1.0,,False,False
40817000735,Mission Manor Elementary School,TUCSON,Pima County,11,32.1419,-110.9787,2024-2025,147.0,39,326.0,467.7078680981597,4.973704460315672,False,8948e8cca67ffff,1.0,True,1.0,1.0,,False,False
40817000739,Santa Clara Elementary School,TUCSON,Pima County,11,32.1261,-110.9828,2024-2025,158.0,25,239.0,301.19548535564854,4.9538476587237215,False,8948e8cca8fffff,1.0,True,1.0,1.0,,False,False
40817000743,Sunnyside High School,TUCSON,Pima County,11,32.142743,-110.945846,2024-2025,117.0,35,277.0,388.57839350180507,2.497946636995372,False,8948e8cd953ffff,1.0,True,1.0,1.0,,False,False
40817000751,Ocotillo Early Learning Elementary School,TUCSON,Pima County,11,32.1482,-110.9447,2024-2025,137.0,39,268.0,337.60211567164185,1.947936282405846,False,8948e8cd94fffff,1.0,True,1.0,1.0,,False,False
40817001106,Esperanza Elementary School,TUCSON,Pima County,11,32.1556,-110.9361,2024-2025,151.0,39,211.0,318.90434597156394,0.7997527856443623,False,8948e8cdb07ffff,1.0,True,1.0,1.0,,False,False
40817001149,Sierra K-8 School,TUCSON,Pima County,11,32.1471,-110.9471,2024-2025,133.0,39,256.0,343.90518359375,2.189981366563122,False,8948e8cd947ffff,1.0,True,1.0,1.0,,False,False
40817001177,Gallego Primary Fine Arts Magnet,TUCSON,Pima County,11,32.14012,-110.91407,2024-2025,151.0,39,328.0,372.5049664634146,2.869866586040452,False,8948e8cdabbffff,1.0,True,1.0,1.0,,False,False
40817001386,Los Amigos Elementary School,Tucson,Pima County,11,32.148,-110.9387,2024-2025,143.0,40,312.0,378.3453621794872,1.656311788583582,False,8948e8cdb87ffff,1.0,True,1.0,1.0,,False,False
40817001438,Desert View High School,TUCSON,Pima County,11,32.136083,-110.904059,2024-2025,148.0,33,247.0,335.67306072874493,3.807434279215864,False,8948e8cdac7ffff,1.0,True,1.0,1.0,,False,False
40817001612,Summit View Elementary,Tucson,Pima County,21,32.0663,-110.9437,2024-2025,125.0,10,31.0,240.1062258064516,2.6498219081200998,False,8948e8cc623ffff,1.0,True,1.0,1.0,,False,False
40817001613,Challenger Middle School,TUCSON,Pima County,11,32.1258,-110.967,2024-2025,164.0,23,180.0,180.4684444444445,4.421646949157821,False,8948e8cdd37ffff,1.0,True,1.0,1.0,,False,False
40817002549,Billy Lane Lauffer Middle School,TUCSON,Pima County,11,32.1351,-110.8781,2024-2025,174.0,29,123.0,379.909593495935,5.7953007617870425,False,8948e852d73ffff,1.0,True,1.0,1.0,,False,False
40817002849,Rivera Elementary,TUCSON,Pima County,11,32.1589,-110.9485,2024-2025,133.0,38,231.0,1283.8495367965368,1.6539514964474975,False,8948e8566c3ffff,1.0,True,1.0,1.0,,False,False
40817003316,Sunnyside Online Success Academy,TUCSON,Pima County,11,32.137352,-110.938174,2024-2025,125.0,36,648.0,416.4007145061729,2.7613650878508653,False,8948e8cd823ffff,1.0,True,1.0,1.0,,False,False
40817003500,Gallego Intermediate Fine Arts Magnet School,TUCSON,Pima County,21,32.1443,-110.914178,2024-2025,144.0,39,308.0,364.5199870129869,2.492445569775352,False,8948e8cda33ffff,1.0,True,1.0,1.0,,False,False
40823000758,John F Kennedy School,Superior,Pinal County,42,33.277737,-111.109884,2024-2025,228.0,16,113.0,292.7476371681416,21.304477903756908,True,8948eb1a3bbffff,1.0,True,1.0,0.9171597633136095,,False,False
40823000760,Superior Junior/Senior High School,SUPERIOR,Pinal County,42,33.27869,-111.111254,2024-2025,230.0,16,113.0,292.7476371681416,21.187349868600595,True,8948eb1a3a3ffff,1.0,True,1.0,0.9349112426035503,,False,False
40828000761,Tanque Verde Elementary School,TUCSON,Pima County,21,32.2559,-110.7271,2024-2025,394.0,6,22.0,143.02563636363635,9.537425511656274,False,8948e84346fffff,1.0,True,1.0,0.9822485207100592,,False,False
40828000762,Emily Gray Junior High School,TUCSON,Pima County,21,32.25,-110.7544,2024-2025,290.0,11,78.0,255.63765384615385,7.553121610082445,False,8948e84358bffff,1.0,True,1.0,1.0,,False,False
40828001150,Agua Caliente School,TUCSON,Pima County,21,32.2809,-110.7479,2024-2025,473.0,20,113.0,361.9198938053098,8.256227267810665,False,8948e843157ffff,1.0,True,1.0,1.0,,False,False
40828002550,Tanque Verde High School,TUCSON,Pima County,21,32.28574,-110.756335,2024-2025,479.0,25,131.0,362.9070152671756,7.309552596495786,False,8948e84313bffff,1.0,True,1.0,1.0,,False,False
40831000763,Aguilar School,TEMPE,Maricopa County,12,33.3696,-111.9348,2024-2025,357.0,41,748.0,383.0377820855615,4.395659178459918,False,8948eba6203ffff,1.0,True,1.0,1.0,,False,False
40831000764,Arredondo Elementary School,TEMPE,Maricopa County,12,33.384,-111.9163,2024-2025,244.0,46,412.0,371.5441310679613,4.432127603425147,False,8948eba7133ffff,1.0,True,1.0,1.0,,False,False
40831000765,Broadmor Elementary School,TEMPE,Maricopa County,12,33.4047,-111.9342,2024-2025,230.0,48,636.0,332.7918270440251,6.574708039255489,False,8948eba409bffff,1.0,True,1.0,1.0,,False,False
40831000767,Carminati School,TEMPE,Maricopa County,12,33.3869,-111.9302,2024-2025,280.0,46,367.0,296.6303760217984,5.3951393510370655,False,8948eba44c7ffff,1.0,True,1.0,1.0,,False,False
40831000768,Connolly Middle School,TEMPE,Maricopa County,12,33.4046,-111.8997,2024-2025,205.0,48,632.0,262.55439715189874,5.605459035383123,False,8948eba4643ffff,1.0,True,1.0,1.0,,False,False
40831000769,Curry Elementary School,TEMPE,Maricopa County,12,33.4032,-111.9013,2024-2025,230.0,49,640.0,265.09985312500004,5.590648296890591,False,8948eba4657ffff,1.0,True,1.0,1.0,,False,False
40831000772,Evans Elementary School,TEMPE,Maricopa County,12,33.3836,-111.9342,2024-2025,333.0,43,648.0,340.477762345679,5.355005425081209,False,8948eba449bffff,1.0,True,1.0,1.0,,False,False
40831000773,Fuller Elementary School,TEMPE,Maricopa County,12,33.3723,-111.9007,2024-2025,337.0,45,490.0,391.18192653061226,2.7135309752042174,False,8948eba71dbffff,1.0,True,1.0,1.0,,False,False
40831000775,Geneva Epps Mosley Middle School,TEMPE,Maricopa County,12,33.4178,-111.9556,2024-2025,161.0,50,860.0,376.7571360465116,5.937020712609378,False,8948eba456fffff,1.0,True,1.0,1.0,,False,False
40831000776,Holdeman Elementary School,TEMPE,Maricopa County,12,33.410414,-111.96011,2024-2025,172.0,47,460.0,394.5221043478261,5.043042677830033,False,8948eba453bffff,1.0,True,1.0,1.0,,False,False
40831000777,Joseph P. Spracale Elementary School,TEMPE,Maricopa County,12,33.391,-111.9169,2024-2025,205.0,47,479.0,350.4625866388308,5.161254104298761,False,8948eba712fffff,1.0,True,1.0,1.0,,False,False
40831000778,Cecil Shamley School,TEMPE,Maricopa County,12,33.4467,-111.9216,2024-2025,254.0,38,443.0,352.664237020316,10.432706252900372,False,8948eba5cb7ffff,1.0,True,1.0,1.0,,False,False
40831000782,Nevitt Elementary School,PHOENIX,Maricopa County,11,33.387343,-111.984675,2024-2025,213.0,41,268.0,278.2711865671642,1.6114412585715543,False,8948eba6e8bffff,1.0,True,1.0,1.0,,False,False
40831000783,Rover Elementary School,TEMPE,Maricopa County,12,33.3698,-111.918,2024-2025,392.0,43,507.0,362.3881518737673,3.2072573387043684,False,8948eba7197ffff,1.0,True,1.0,1.0,,False,False
40831000785,Scales Technology Academy,TEMPE,Maricopa County,12,33.4249,-111.9552,2024-2025,147.0,47,799.0,356.0318548185232,6.583151692606316,False,8948eba411bffff,1.0,True,1.0,1.0,,False,False
40831000786,Flora Thew Elementary School,TEMPE,Maricopa County,12,33.4173,-111.8954,2024-2025,182.0,50,926.0,302.25409179265665,6.520382172479155,False,8948eba55afffff,1.0,True,1.0,1.0,,False,False
40831000787,Frank Elementary School,GUADALUPE,Maricopa County,21,33.370993,-111.96194,2024-2025,152.0,45,1729.0,596.1865211104684,3.2931679927182342,False,8948eba6393ffff,1.0,True,1.0,1.0,,False,False
40831000789,Wood School,TEMPE,Maricopa County,12,33.369913,-111.952174,2024-2025,194.0,44,1727.0,601.380342790967,4.2062760603052975,False,8948eba63d3ffff,1.0,True,1.0,1.0,,False,False
40831001107,Fees College Preparatory Middle School,TEMPE,Maricopa County,12,33.370166,-111.914226,2024-2025,366.0,43,499.0,363.0383326653307,3.016337001737229,False,8948eba7193ffff,1.0,True,1.0,1.0,,False,False
40831001258,Getz School,TEMPE,Maricopa County,12,33.3713,-111.9505,2024-2025,213.0,47,1798.0,585.0790873192435,4.334330867708991,False,8948eba63d3ffff,1.0,True,1.0,1.0,,False,False
40831002130,Intervention Learning Program,Tempe,Maricopa County,12,33.4043,-111.9017,2024-2025,214.0,51,672.0,263.6480044642857,5.705219363417458,False,8948eba4657ffff,1.0,True,1.0,1.0,,False,False
40831003112,Ward Traditional Academy,TEMPE,Maricopa County,12,33.3872,-111.9012,2024-2025,397.0,45,318.0,417.8467452830188,4.355561405615941,False,8948eba717bffff,1.0,True,1.0,1.0,,False,False
40831003397,McKemy Academy of International  Studies,TEMPE,Maricopa County,12,33.4032,-111.9356,2024-2025,207.0,47,640.0,318.7965796875,6.382178292581767,False,8948eba4467ffff,1.0,True,1.0,1.0,,False,False
40831003600,Meyer Montessori,TEMPE,Maricopa County,12,33.401922,-111.914693,2024-2025,250.0,44,629.0,272.5167344992051,6.230957311560814,False,8948eba4617ffff,1.0,True,1.0,1.0,,False,False
40831003775,Tempe Elementary Online Community,TEMPE,Maricopa County,12,33.370166,-111.914226,2024-2025,366.0,43,499.0,363.0383326653307,3.016337001737229,False,8948eba7193ffff,1.0,True,1.0,1.0,,False,False
40834000680,Desert Vista High School,PHOENIX,Maricopa County,11,33.2964,-112.0153,2024-2025,459.0,29,272.0,323.0037132352942,3.981766804209541,False,8948ebb4d2bffff,1.0,True,1.0,1.0,,False,False
40834000790,Corona Del Sol High School,TEMPE,Maricopa County,12,33.326164,-111.92684,2024-2025,645.0,41,235.0,387.0621106382979,3.8642933787517246,False,8948ebb594fffff,1.0,True,1.0,1.0,,False,False
40834000793,Marcos De Niza High School,TEMPE,Maricopa County,12,33.3664,-111.9213,2024-2025,345.0,45,734.0,374.581295640327,3.168705744293577,False,8948eba7527ffff,1.0,True,1.0,1.0,,False,False
40834000794,Mcclintock High School,TEMPE,Maricopa County,12,33.3976,-111.9075,2024-2025,272.0,48,523.0,289.14958699808795,5.596472610833517,False,8948eba468bffff,1.0,True,1.0,1.0,,False,False
40834000795,Tempe High School,TEMPE,Maricopa County,12,33.4088,-111.9413,2024-2025,166.0,48,768.0,382.9316588541666,6.248083781107709,False,8948eba4087ffff,1.0,True,1.0,1.0,,False,False
40834001567,Mountain Pointe High School,PHOENIX,Maricopa County,11,33.326,-111.9906,2024-2025,355.0,43,435.0,386.7607126436782,1.7751156075936654,False,8948ebb4b07ffff,1.0,True,1.0,1.0,,False,False
40834001576,Compadre High School,TEMPE,Maricopa County,12,33.365,-111.9486,2024-2025,261.0,43,1649.0,618.3970024257125,4.657687256627296,False,8948eba62b7ffff,1.0,True,1.0,1.0,,False,False
40834002583,TAPBI,TEMPE,Maricopa County,12,33.364215,-111.950294,2024-2025,240.0,45,1668.0,616.6806001199039,4.53345900683787,False,8948eba604fffff,1.0,True,1.0,1.0,,False,False
40841000796,Jack Daley Primary School,Thatcher,Graham County,33,32.8506,-109.7604,2024-2025,332.0,13,147.0,299.58227891156474,4.281235452689786,False,8948ea54b57ffff,1.0,True,1.0,1.0,,False,False
40841000797,Thatcher Elementary School,Thatcher,Graham County,33,32.852346,-109.757639,2024-2025,327.0,12,146.0,296.95247945205483,4.289597280456186,False,8948ea54b43ffff,1.0,True,1.0,1.0,,False,False
40841000798,Thatcher Middle School,Thatcher,Graham County,33,32.849814,-109.757926,2024-2025,332.0,13,147.0,299.58227891156474,4.072941017708185,False,8948ea54b53ffff,1.0,True,1.0,1.0,,False,False
40841001110,Thatcher High School,Thatcher,Graham County,33,32.8434,-109.7539,2024-2025,331.0,12,143.0,301.58513986013986,3.2764541472300843,False,8948ea54a37ffff,1.0,True,1.0,1.0,,False,False
40841003773,Eagle Online Academy,THATCHER,Graham County,33,32.849463,-109.758652,2024-2025,333.0,13,147.0,299.58227891156474,4.081728442260541,False,8948ea54b53ffff,1.0,True,1.0,1.0,,False,False
40843000799,Kiser Elementary School,GILA BEND,Maricopa County,43,32.92055,-112.889912,2024-2025,227.0,2,2.0,69.9565,0.3781000796909595,True,8948e9a8923ffff,1.0,True,1.0,1.0,,False,False
40846000800,Hillside Elementary School,BAGDAD,Yavapai County,42,34.421427,-112.915782,2024-2025,292.0,1,2.0,64.005,4.384470393423275,True,8929b62428fffff,1.0,True,1.0,0.9112426035502958,,False,False
40849001477,Porfirio H. Gonzales Elementary School,TOLLESON,Maricopa County,21,33.4555,-112.2609,2024-2025,205.0,42,518.0,217.7003706563707,2.7092675400624406,False,8948e96dca3ffff,1.0,True,1.0,1.0,,False,False
40849001705,Arizona Desert Elementary School,TOLLESON,Maricopa County,21,33.4498,-112.2498,2024-2025,208.0,37,280.0,253.2118714285714,1.9511957746672584,False,8948e96dcd7ffff,1.0,True,1.0,1.0,,False,False
40849002132,Sheely Farms Elementary School,PHOENIX,Maricopa County,11,33.473701,-112.262747,2024-2025,186.0,40,473.0,174.30624524312898,4.086226571756766,False,8948e96d8b3ffff,1.0,True,1.0,1.0,,False,False
40849002488,Desert Oasis Elementary School,PHOENIX,Maricopa County,11,33.4662,-112.2498,2024-2025,212.0,42,461.0,198.3534338394794,2.631904828463643,False,8948e96dc67ffff,1.0,True,1.0,1.0,,False,False
40849003750,Tolleson Virtual Academy,Tolleson,Maricopa County,21,33.449609,-112.259262,2024-2025,213.0,41,406.0,243.21630541871923,2.0711168015569617,False,8948e96dc87ffff,1.0,True,1.0,1.0,,False,False
40852000805,Tolleson Union High School,TOLLESON,Maricopa County,21,33.4489,-112.2639,2024-2025,218.0,39,374.0,257.5943689839572,1.9768354829973789,False,8948e96c34bffff,1.0,True,1.0,1.0,,False,False
40852001478,Westview High School,AVONDALE,Maricopa County,21,33.489963,-112.292896,2024-2025,300.0,36,476.0,280.46360714285714,6.122797951200493,False,8948e96ca6bffff,1.0,True,1.0,1.0,,False,False
40852002339,La Joya Community High School,AVONDALE,Maricopa County,21,33.4258,-112.3092,2024-2025,249.0,43,306.0,309.5997352941177,1.2254965136989255,False,8948e96c187ffff,1.0,True,1.0,1.0,,False,False
40852002416,Copper Canyon High School,GLENDALE,Maricopa County,21,33.5114,-112.2567,2024-2025,244.0,40,874.0,494.7963661327231,7.270237669045734,False,8948e96db23ffff,1.0,True,1.0,1.0,,False,False
40852002912,Sierra Linda High School,TOLLESON,Maricopa County,11,33.418401,-112.206298,2024-2025,211.0,31,234.0,232.41025641025644,3.2145936639606267,False,8948e96d42bffff,1.0,True,1.0,1.0,,False,False
40852002975,West Point High School,AVONDALE,Maricopa County,21,33.472311,-112.310146,2024-2025,349.0,35,224.0,242.52096875,4.139616977201312,False,8948e96c84bffff,1.0,True,1.0,1.0,,False,False
40852003206,University High School,TOLLESON,Maricopa County,21,33.4498,-112.263,2024-2025,215.0,41,458.0,229.87968777292576,2.072707899504848,False,8948e96c34bffff,1.0,True,1.0,1.0,,False,False
40852003662,Tolleson Virtual High School,TOLLESON,Maricopa County,21,33.449865,-112.268305,2024-2025,221.0,40,460.0,245.56558695652177,2.150405103356363,False,8948e96c34fffff,1.0,True,1.0,1.0,,False,False
40855000806,Toltec Elementary School,ELOY,Pinal County,41,32.7839,-111.621305,2024-2025,161.0,16,135.0,120.29651111111112,3.980614530256652,True,8948e82c32fffff,1.0,True,1.0,1.0,,False,False
40855003405,Arizona City Elementary School,ARIZONA CITY,Pinal County,31,32.75608,-111.697891,2024-2025,144.0,15,66.0,190.3261212121212,7.444146542126024,False,8948e82e94bffff,1.0,True,1.0,1.0,,False,False
40855003423,ECambridge,ELOY,Pinal County,41,32.7839,-111.621305,2024-2025,161.0,16,135.0,120.29651111111112,3.980614530256652,True,8948e82c32fffff,1.0,True,1.0,1.0,,False,False
40860000807,Huachuca City School,HUACHUCA CITY,Cochise County,41,31.631735,-110.333304,2024-2025,195.0,16,195.0,391.472641025641,7.4802405957629245,True,8948ee064b3ffff,1.0,True,1.0,1.0,,False,False
40860000809,Tombstone High School,Tombstone,Cochise County,42,31.727668,-110.069974,2024-2025,242.0,10,79.0,282.69606329113924,2.467551361948913,True,8948ee0f40bffff,1.0,True,1.0,1.0,,False,False
40860000810,Walter J Meyer School,Tombstone,Cochise County,42,31.716304,-110.060611,2024-2025,243.0,14,79.0,364.9092151898734,1.2212716319940315,True,8948ee0a937ffff,1.0,True,1.0,0.9763313609467456,,False,False
40864001259,Topock Elementary School,Topock,Mohave County,42,34.7724,-114.4807,2024-2025,230.0,8,74.0,152.76244594594593,17.789150879635063,True,8929b1c22cbffff,1.0,True,1.0,1.0,,False,False
40868000812,Tuba City High School,Tuba City,Coconino County,33,36.126896,-111.222859,2024-2025,182.0,24,422.0,262.4630260663507,2.260855092524156,False,8948c929313ffff,1.0,True,1.0,1.0,Navajo Nation,True,False
40868000814,Tuba City Junior High School,Tuba City,Coconino County,33,36.139238,-111.236002,2024-2025,180.0,20,431.0,271.9345266821345,1.3762331490958823,False,8948c929ecbffff,1.0,True,1.0,1.0,Navajo Nation,True,False
40868000815,Tuba City Elementary School,Tuba City,Coconino County,33,36.139717,-111.241509,2024-2025,176.0,19,400.0,277.2879525,1.103194728236811,False,8948c929ec7ffff,1.0,True,1.0,1.0,Navajo Nation,True,False
40868001152,Dzil Libei Elementary School,Tuba City,Coconino County,43,35.824635,-111.442612,2024-2025,167.0,1,1.0,314.6,9.65143914175044,True,8948c933397ffff,1.0,True,1.0,0.9763313609467456,Navajo Nation,True,False
40868001153,Tsinaabaas Habitiin Elementary School,Tuba City,Coconino County,43,36.306205,-111.435836,2024-2025,145.0,2,2.0,91.966,21.7033556505909,True,892996971cfffff,1.0,True,1.0,0.9526627218934911,Navajo Nation,True,False
40868001822,Nizhoni Accelerated Academy,Tuba City,Coconino County,33,36.142114,-111.235946,2024-2025,176.0,17,397.0,276.6063576826196,1.6089097389614315,False,8948c929e53ffff,1.0,True,1.0,0.9940828402366864,Navajo Nation,True,False
40880000817,Alice Vail Middle School,TUCSON,Pima County,11,32.2134,-110.8774,2024-2025,232.0,40,463.0,473.8510388768899,7.679039079308053,False,8948e85549bffff,1.0,True,1.0,1.0,,False,False
40880000818,Rogers Elementary School,TUCSON,Pima County,11,32.21514,-110.864811,2024-2025,283.0,42,543.0,429.5760313075506,7.408751095545276,False,8948e850937ffff,1.0,True,1.0,1.0,,False,False
40880000819,Annie Kellond Elementary School,TUCSON,Pima County,11,32.215,-110.8501,2024-2025,241.0,40,433.0,422.2178799076213,6.142620615613603,False,8948e850973ffff,1.0,True,1.0,1.0,,False,False
40880000824,Borman K-8 School,TUCSON,Pima County,11,32.1889,-110.8631,2024-2025,280.0,33,1145.0,181.1489807860262,6.699594854399426,False,8948e850dabffff,1.0,True,1.0,1.0,,False,False
40880000827,Sabino High School,TUCSON,Pima County,21,32.298645,-110.787639,2024-2025,530.0,10,21.0,302.0587619047618,4.037475113953049,False,8948e840437ffff,1.0,True,1.0,0.9940828402366864,,False,False
40880000828,C E Rose Elementary School,TUCSON,Pima County,11,32.1719,-110.9792,2024-2025,150.0,41,452.0,981.5203650442478,4.665009915246378,False,8948e85608bffff,1.0,True,1.0,1.0,,False,False
40880000836,Dietz K-8 School,TUCSON,Pima County,11,32.1997,-110.8309,2024-2025,213.0,39,375.0,293.5993973333333,3.8252755476914895,False,8948e850803ffff,1.0,True,1.0,1.0,,False,False
40880000837,Doolen Middle School,TUCSON,Pima County,11,32.2516,-110.9255,2024-2025,196.0,42,487.0,311.3730657084189,4.459720207270338,False,8948e85420fffff,1.0,True,1.0,1.0,,False,False
40880000838,Drachman Primary Magnet School,TUCSON,Pima County,11,32.2084,-110.9735,2024-2025,198.0,39,470.0,259.81930425531914,3.3067719456116635,False,8948e856373ffff,1.0,True,1.0,1.0,,False,False
40880000839,Duffy Elementary School,TUCSON,Pima County,11,32.2294,-110.8829,2024-2025,231.0,42,498.0,526.027845381526,8.258413005887343,False,8948e85543bffff,1.0,True,1.0,1.0,,False,False
40880000840,Dunham Elementary School,TUCSON,Pima County,11,32.1986,-110.7827,2024-2025,357.0,29,194.0,318.8878453608247,1.295561476079218,False,8948e851d03ffff,1.0,True,1.0,1.0,,False,False
40880000841,Irene Erickson Elementary School,TUCSON,Pima County,11,32.1839,-110.8486,2024-2025,215.0,31,1047.0,158.3592683858644,5.376412666481512,False,8948e850dcfffff,1.0,True,1.0,1.0,,False,False
40880000842,Booth-Fickett Math/Science Magnet School,TUCSON,Pima County,11,32.2153,-110.8379,2024-2025,231.0,39,454.0,290.68815638766523,5.164122506814442,False,8948e850b87ffff,1.0,True,1.0,1.0,,False,False
40880000843,Ford Elementary,TUCSON,Pima County,11,32.1849,-110.8207,2024-2025,250.0,37,182.0,280.5550659340659,2.7661351133680885,False,8948e850eb7ffff,1.0,True,1.0,1.0,,False,False
40880000845,Fruchthendler Elementary School,TUCSON,Pima County,21,32.2684,-110.8331,2024-2025,687.0,18,86.0,218.24654651162788,4.6171358377479335,False,8948e842117ffff,1.0,True,1.0,1.0,,False,False
40880000846,Gale Elementary School,TUCSON,Pima County,11,32.2131,-110.7988,2024-2025,312.0,33,335.0,286.8056029850746,2.654986819556491,False,8948e850a47ffff,1.0,True,1.0,1.0,,False,False
40880000848,Gridley Middle School,TUCSON,Pima County,11,32.217,-110.7909,2024-2025,307.0,34,304.0,315.3617960526315,3.0099609001286414,False,8948e8519b3ffff,1.0,True,1.0,1.0,,False,False
40880000850,Anna Henry Elementary School,TUCSON,Pima County,11,32.2289,-110.7978,2024-2025,315.0,34,370.0,287.10223783783783,4.366882578509833,False,8948e8424cfffff,1.0,True,1.0,1.0,,False,False
40880000851,Holladay Intermediate Magnet School,TUCSON,Pima County,11,32.1952,-110.9541,2024-2025,190.0,38,355.0,266.90223098591554,4.325788658735148,False,8948e85620fffff,1.0,True,1.0,1.0,,False,False
40880000852,Hollinger K-8 School,TUCSON,Pima County,11,32.1785,-110.971,2024-2025,154.0,35,289.0,853.3086505190311,4.197885775987918,False,8948e856057ffff,1.0,True,1.0,1.0,,False,False
40880000853,Howell Peter Elementary,TUCSON,Pima County,11,32.2276,-110.9061,2024-2025,240.0,42,509.0,559.8742829076621,6.130838944284939,False,8948e855583ffff,1.0,True,1.0,1.0,,False,False
40880000854,Hudlow Elementary School,TUCSON,Pima County,11,32.2276,-110.8446,2024-2025,223.0,38,442.0,399.2823619909502,6.488448788101992,False,8948e8556dbffff,1.0,True,1.0,1.0,,False,False
40880000857,Julia Keen Elementary School,Tucson,Pima County,11,32.197221,-110.917176,2024-2025,180.0,31,244.0,305.2690163934426,4.188306271505169,False,8948e8571cbffff,1.0,True,1.0,1.0,,False,False
40880000858,Anna Lawrence Intermediate School,TUCSON,Pima County,21,32.1269,-111.0688,2024-2025,124.0,13,51.0,345.7307843137255,11.338907410571643,False,8948e81b3dbffff,1.0,True,1.0,1.0,,False,False
40880000859,Lineweaver Elementary School,TUCSON,Pima County,11,32.2144,-110.9021,2024-2025,196.0,38,329.0,414.7314832826749,6.490994707449233,False,8948e85730bffff,1.0,True,1.0,1.0,,False,False
40880000860,Lowell H Smith Elementary School,TUCSON,Pima County,11,32.18176,-110.869466,2024-2025,245.0,26,1061.0,170.71257775683316,6.232578366490476,False,8948e85764fffff,1.0,True,1.0,1.0,,False,False
40880000861,Lynn Urquides,TUCSON,Pima County,11,32.1773,-110.9974,2024-2025,164.0,30,247.0,642.274287449393,6.475299465671345,False,8948e85656bffff,1.0,True,1.0,1.0,,False,False
40880000863,Magee Middle School,TUCSON,Pima County,11,32.2343,-110.8139,2024-2025,260.0,36,460.0,226.87361956521735,5.348190344258117,False,8948e8424abffff,1.0,True,1.0,1.0,,False,False
40880000864,Mansfeld Middle Magnet School,TUCSON,Pima County,11,32.227459,-110.9521,2024-2025,300.0,44,489.0,283.7694478527607,2.06004892792484,False,8948e85409bffff,1.0,True,1.0,1.0,,False,False
40880000865,Manzo Elementary School,TUCSON,Pima County,11,32.2328,-110.9934,2024-2025,146.0,38,269.0,313.34905204460966,2.2654845702204343,False,8948e856ac3ffff,1.0,True,1.0,1.0,,False,False
40880000866,Marshall Elementary School,TUCSON,Pima County,11,32.19862,-110.799134,2024-2025,394.0,34,330.0,268.2840303030303,1.1797595751287429,False,8948e850ad3ffff,1.0,True,1.0,1.0,,False,False
40880000869,Miles-Exploratory Learning Center,TUCSON,Pima County,11,32.2206,-110.9502,2024-2025,288.0,43,483.0,270.62195652173915,2.692786643380276,False,8948e854477ffff,1.0,True,1.0,1.0,,False,False
40880000870,Mission View Elementary School,TUCSON,Pima County,21,32.191815,-110.972089,2024-2025,160.0,36,284.0,307.5782992957746,5.11832990580572,False,8948e8563d3ffff,1.0,True,1.0,1.0,,False,False
40880000871,Myers-Ganoung Elementary School,TUCSON,Pima County,11,32.2027,-110.8846,2024-2025,187.0,34,338.0,401.5986834319527,6.343863871874091,False,8948e857207ffff,1.0,True,1.0,1.0,,False,False
40880000872,Roberts Naylor,TUCSON,Pima County,11,32.2024,-110.8997,2024-2025,199.0,32,242.0,354.73215702479337,5.4310587240567125,False,8948e85706fffff,1.0,True,1.0,1.0,,False,False
40880000873,Ochoa Elementary School,TUCSON,Pima County,11,32.203393,-110.970548,2024-2025,199.0,36,344.0,301.58961918604655,3.8483422898359607,False,8948e856357ffff,1.0,True,1.0,1.0,,False,False
40880000874,Pistor Middle School,TUCSON,Pima County,21,32.1528,-111.0273,2024-2025,197.0,19,113.0,304.3024778761062,9.098305110116891,False,8948e819613ffff,1.0,True,1.0,0.9881656804733728,,False,False
40880000875,Pueblo Gardens Elementary,TUCSON,Pima County,11,32.1957,-110.9379,2024-2025,198.0,32,281.0,263.48172953736656,3.857923035292216,False,8948e857187ffff,1.0,True,1.0,1.0,,False,False
40880000876,Reynolds Elementary School,TUCSON,Pima County,11,32.184,-110.8335,2024-2025,227.0,36,1088.0,165.9964852941176,3.9686672911513914,False,8948e850c2bffff,1.0,True,1.0,1.0,,False,False
40880000878,Davidson Elementary School,TUCSON,Pima County,11,32.2692,-110.9083,2024-2025,286.0,37,680.0,211.87493382352943,6.769148645366812,False,8948e85512fffff,1.0,True,1.0,1.0,,False,False
40880000880,Robison Elementary School,TUCSON,Pima County,11,32.212651,-110.931501,2024-2025,257.0,37,221.0,397.9420814479637,4.597357730186388,False,8948e854693ffff,1.0,True,1.0,1.0,,False,False
40880000882,Roskruge Bilingual Elementary School - Closed,TUCSON,Pima County,11,32.2285,-110.9633,2024-2025,240.0,42,586.0,266.88885324232086,1.2354343134136383,False,8948e85454bffff,1.0,True,1.0,1.0,,False,False
40880000885,Safford Elementary School,TUCSON,Pima County,11,32.218121,-110.966688,2024-2025,237.0,43,500.0,264.893412,2.233772494186338,False,8948e8545dbffff,1.0,True,1.0,1.0,,False,False
40880000886,Safford K-8 School,TUCSON,Pima County,11,32.2181,-110.9666,2024-2025,237.0,42,499.0,265.398132264529,2.237290173350295,False,8948e8545dbffff,1.0,True,1.0,1.0,,False,False
40880000887,Sam Hughes Elementary,TUCSON,Pima County,11,32.2311,-110.9374,2024-2025,358.0,40,313.0,385.690159744409,3.17091947438681,False,8948e854637ffff,1.0,True,1.0,1.0,,False,False
40880000889,Secrist Middle School,TUCSON,Pima County,11,32.1821,-110.7739,2024-2025,392.0,18,145.0,371.95750344827576,1.9067074879139765,False,8948e851cb7ffff,1.0,True,1.0,1.0,,False,False
40880000890,Harold Steele Elementary School,TUCSON,Pima County,11,32.2122,-110.8142,2024-2025,241.0,39,497.0,236.1739476861167,3.2434823519572173,False,8948e850a33ffff,1.0,True,1.0,1.0,,False,False
40880000891,Tolson Elementary School,TUCSON,Pima County,11,32.2103,-111.0208,2024-2025,267.0,18,164.0,351.5083902439025,5.676484590160076,False,8948e856c7bffff,1.0,True,1.0,0.9940828402366864,,False,False
40880000896,Utterback Middle School,TUCSON,Pima County,11,32.1875,-110.9361,2024-2025,171.0,31,342.0,434.6311286549709,2.930753351270812,False,8948e85752fffff,1.0,True,1.0,1.0,,False,False
40880000897,Van Buskirk Elementary School,TUCSON,Pima County,11,32.1714,-110.9599,2024-2025,144.0,40,350.0,926.2753085714286,2.9187803994333645,False,8948e85663bffff,1.0,True,1.0,1.0,,False,False
40880000898,Van Horne Elementary School - Closed,TUCSON,Pima County,11,32.242585,-110.830651,2024-2025,363.0,35,290.0,366.8196689655172,6.894944161330517,False,8948e842513ffff,1.0,True,1.0,1.0,,False,False
40880000899,Vesey Elementary School,TUCSON,Pima County,41,32.1598,-111.0744,2024-2025,220.0,10,59.0,316.93689830508475,10.64875022468721,True,8948e81950bffff,1.0,True,1.0,1.0,,False,False
40880000900,W Arthur Sewel Elementary School,TUCSON,Pima County,11,32.227,-110.867,2024-2025,232.0,46,687.0,504.0793886462882,8.177975658828768,False,8948e85544bffff,1.0,True,1.0,1.0,,False,False
40880000901,Wakefield Middle School,TUCSON,Pima County,11,32.184711,-110.971169,2024-2025,156.0,36,234.0,285.10620085470083,4.564316657020689,False,8948e85607bffff,1.0,True,1.0,1.0,,False,False
40880000902,Frances J Warren Elementary School,TUCSON,Pima County,21,32.1459,-111.0406,2024-2025,269.0,16,75.0,372.7605066666667,10.177005311624978,False,8948e81945bffff,1.0,True,1.0,1.0,,False,False
40880000903,Wheeler Elementary School,TUCSON,Pima County,11,32.1989,-110.8502,2024-2025,254.0,37,215.0,351.1099069767442,5.574027379821722,False,8948e850d6fffff,1.0,True,1.0,1.0,,False,False
40880000904,John E White Elementary School,TUCSON,Pima County,21,32.1517,-111.0171,2024-2025,138.0,27,117.0,255.88052991452992,8.15959012210381,False,8948e8196cbffff,1.0,True,1.0,0.9940828402366864,,False,False
40880000905,W V Whitmore Elementary School,TUCSON,Pima County,11,32.2573,-110.8791,2024-2025,234.0,33,379.0,381.17898153034304,6.4545023147126415,False,8948e855067ffff,1.0,True,1.0,1.0,,False,False
40880000906,John B Wright Elementary School,TUCSON,Pima County,11,32.2459,-110.9003,2024-2025,180.0,47,879.0,275.45431740614333,6.624167475442585,False,8948e855563ffff,1.0,True,1.0,1.0,,False,False
40880000907,Wrightstown Elementary - Closed,TUCSON,Pima County,11,32.2421,-110.8013,2024-2025,369.0,29,238.0,242.33837394957987,5.866230754402263,False,8948e842463ffff,1.0,True,1.0,1.0,,False,False
40880000966,Robins Elementary School,TUCSON,Pima County,21,32.2783,-111.0529,2024-2025,375.0,18,48.0,323.83385416666664,6.826325856947618,False,8948e80b297ffff,1.0,True,1.0,1.0,,False,False
40880000972,Valencia Middle School,TUCSON,Pima County,21,32.1643,-111.0576,2024-2025,261.0,11,41.0,373.0535853658537,10.89833354407122,False,8948e81908fffff,1.0,True,1.0,0.9822485207100592,,False,False
40880001111,Jefferson Park Elementary School,TUCSON,Pima County,11,32.2474,-110.9457,2024-2025,275.0,40,466.0,281.27788841201715,2.522559230166289,False,8948e85406bffff,1.0,True,1.0,1.0,,False,False
40880001112,Miller Elementary School,TUCSON,Pima County,21,32.1256,-111.0364,2024-2025,203.0,25,118.0,368.88326271186446,8.543924979775332,False,8948e8cc987ffff,1.0,True,1.0,1.0,,False,False
40880001113,Tully Elementary Accelerated Magnet School,TUCSON,Pima County,11,32.242436,-111.001225,2024-2025,173.0,38,232.0,352.8970301724138,2.9675666075770573,False,8948e856a0fffff,1.0,True,1.0,1.0,,False,False
40880001260,Blenman Elementary School,TUCSON,Pima County,11,32.242885,-110.927197,2024-2025,254.0,44,446.0,379.2254282511211,4.07248294204995,False,8948e85428bffff,1.0,True,1.0,1.0,,False,False
40880001261,Catalina High School,TUCSON,Pima County,11,32.244424,-110.915247,2024-2025,189.0,44,458.0,393.4295021834061,5.209163854345306,False,8948e8542cbffff,1.0,True,1.0,1.0,,False,False
40880001262,Bonillas Elementary Basic Curriculum Magnet School,TUCSON,Pima County,11,32.2148,-110.8909,2024-2025,192.0,38,474.0,499.0887531645569,7.038517904255559,False,8948e85734bffff,1.0,True,1.0,1.0,,False,False
40880001263,Palo Verde High Magnet School,TUCSON,Pima County,11,32.205538,-110.845164,2024-2025,225.0,39,324.0,392.4258672839506,5.301842030156885,False,8948e8509cbffff,1.0,True,1.0,1.0,,False,False
40880001264,Borton Primary Magnet School,TUCSON,Pima County,11,32.2066,-110.9586,2024-2025,206.0,39,389.0,272.2941542416453,3.655579884367977,False,8948e854487ffff,1.0,True,1.0,1.0,,False,False
40880001266,Carrillo Intermediate Magnet School,TUCSON,Pima County,11,32.215214,-110.974687,2024-2025,218.0,37,459.0,250.03459694989107,2.569988937412426,False,8948e85636fffff,1.0,True,1.0,1.0,,False,False
40880001267,Cavett Elementary School,TUCSON,Pima County,11,32.18842,-110.940156,2024-2025,171.0,33,285.0,326.9599684210527,3.112900778469406,False,8948e85625bffff,1.0,True,1.0,1.0,,False,False
40880001268,Tucson Magnet High School,TUCSON,Pima County,11,32.22693,-110.961637,2024-2025,248.0,47,536.0,267.0817201492537,1.4664567716901695,False,8948e85455bffff,1.0,True,1.0,1.0,,False,False
40880001269,Cragin Elementary School,TUCSON,Pima County,11,32.2607,-110.9363,2024-2025,272.0,41,485.0,279.0528680412371,4.059719833084404,False,8948e85435bffff,1.0,True,1.0,1.0,,False,False
40880001441,University High School,TUCSON,Pima County,11,32.227392,-110.890358,2024-2025,207.0,42,469.0,532.5548784648188,7.593634912517407,False,8948e8554afffff,1.0,True,1.0,1.0,,False,False
40880001442,Bloom Elementary,TUCSON,Pima County,11,32.2424,-110.8146,2024-2025,351.0,28,271.0,290.63202952029513,6.210893513018796,False,8948e842427ffff,1.0,True,1.0,1.0,,False,False
40880001443,Cholla High School,TUCSON,Pima County,11,32.205427,-111.009607,2024-2025,199.0,18,63.0,210.43652380952383,5.188694591204555,False,8948e856e97ffff,1.0,True,1.0,1.0,,False,False
40880001445,Pueblo High School,TUCSON,Pima County,11,32.182884,-110.979514,2024-2025,149.0,35,218.0,287.1830458715596,5.133411757279816,False,8948e85600fffff,1.0,True,1.0,1.0,,False,False
40880001446,Rincon High School,TUCSON,Pima County,11,32.227392,-110.890358,2024-2025,207.0,42,469.0,532.5548784648188,7.593634912517407,False,8948e8554afffff,1.0,True,1.0,1.0,,False,False
40880001447,Sahuaro High School,TUCSON,Pima County,11,32.22638,-110.808094,2024-2025,250.0,38,563.0,245.34329840142092,4.327910050199438,False,8948e842483ffff,1.0,True,1.0,1.0,,False,False
40880001448,Santa Rita High School,TUCSON,Pima County,11,32.175946,-110.822525,2024-2025,228.0,30,110.0,264.7733454545455,3.2742082350635746,False,8948e850c43ffff,1.0,True,1.0,1.0,,False,False
40880001449,Collier Elementary School,TUCSON,Pima County,21,32.2765,-110.7991,2024-2025,637.0,8,69.0,889.1002753623189,4.846528200707439,False,8948e8423c7ffff,1.0,True,1.0,1.0,,False,False
40880001452,Davis Bilingual Magnet School,TUCSON,Pima County,11,32.2289,-110.9792,2024-2025,183.0,42,576.0,242.3550954861111,1.3246545478010892,False,8948e854507ffff,1.0,True,1.0,1.0,,False,False
40880001454,Maldonado Amelia Elementary School,TUCSON,Pima County,21,32.1166,-111.042,2024-2025,227.0,20,77.0,326.0099090909091,8.568217898980215,False,8948e81b2cbffff,1.0,True,1.0,1.0,,False,False
40880001455,Ida Flood Dodge Traditional Middle Magnet School,TUCSON,Pima County,11,32.244,-110.8678,2024-2025,204.0,41,399.0,412.45072681704255,7.432916089114118,False,8948e855053ffff,1.0,True,1.0,1.0,,False,False
40880001479,Soleng Tom Elementary School,Tucson,Pima County,11,32.212783,-110.767467,2024-2025,398.0,24,137.0,299.9932408759124,3.4265855309897635,False,8948e851837ffff,1.0,True,1.0,1.0,,False,False
40880001481,Raul Grijalva Elementary School,TUCSON,Pima County,11,32.1476,-111.0046,2024-2025,137.0,36,285.0,467.2595157894737,7.080420053023785,False,8948e8ccb0fffff,1.0,True,1.0,1.0,,False,False
40880001506,Roskruge Bilingual Magnet Middle School,TUCSON,Pima County,11,32.2284,-110.9633,2024-2025,240.0,42,586.0,266.88885324232086,1.2449555131620862,False,8948e85454bffff,1.0,True,1.0,1.0,,False,False
40880001508,Project More High School,Tucson,Pima County,11,32.217324,-110.956857,2024-2025,247.0,46,561.0,265.6597700534759,2.615348084115868,False,8948e854407ffff,1.0,True,1.0,1.0,,False,False
40880001509,Teenage Parent Program - TAPP,TUCSON,Pima County,11,32.222633,-110.938967,2024-2025,325.0,43,321.0,398.6070498442367,3.391375165173332,False,8948e8546a3ffff,1.0,True,1.0,1.0,,False,False
40880001569,Harriet Johnson Primary School,TUCSON,Pima County,41,32.1414,-111.073,2024-2025,156.0,7,29.0,318.0331034482759,12.407708421485795,True,8948e81b37bffff,1.0,True,1.0,1.0,,False,False
40880001606,Mary Meredith K-12 School,TUCSON,Pima County,11,32.2312,-110.8829,2024-2025,227.0,43,476.0,491.5584579831933,8.237555088123486,False,8948e85542bffff,1.0,True,1.0,1.0,,False,False
40880001609,Downtown Alternative High School,TUCSON,Pima County,11,32.222559,-110.968856,2024-2025,234.0,43,516.0,247.1651686046512,1.721014838568662,False,8948e8545cfffff,1.0,True,1.0,1.0,,False,False
40880002063,Mary Meredith High School,TUCSON,Pima County,11,32.2312,-110.8827,2024-2025,227.0,43,476.0,491.5584579831933,8.25628717051112,False,8948e85542bffff,1.0,True,1.0,1.0,,False,False
40880002335,Laura N. Banks Elementary,TUCSON,Pima County,41,32.1851,-111.141,2024-2025,245.0,9,50.0,245.94234,7.437517967154989,True,8948e818ed3ffff,1.0,True,1.0,1.0,,False,False
40880002336,Henry Hank Oyama,TUCSON,Pima County,41,32.191,-111.013,2024-2025,185.0,22,67.0,310.25868656716415,6.602497712040811,True,8948e8561a3ffff,1.0,True,1.0,0.9881656804733728,,False,False
40880002547,Tucson Unified Virtual Academy,TUCSON,Pima County,11,32.2448,-110.915415,2024-2025,183.0,43,455.0,391.9468395604395,5.199418047327957,False,8948e8542cbffff,1.0,True,1.0,1.0,,False,False
40880003282,McCorkle PK-8,TUCSON,Pima County,11,32.1709,-111.002,2024-2025,167.0,32,236.0,696.1545508474576,6.7466818604700025,False,8948e85650fffff,1.0,True,1.0,1.0,,False,False
40880003414,Morgan Maxwell School,TUCSON,Pima County,11,32.225617,-111.027561,2024-2025,343.0,18,164.0,355.5158231707318,5.576376127927715,False,8948e856817ffff,1.0,True,1.0,1.0,,False,False
40880003617,Wings on Words Preschool,TUCSON,Pima County,11,32.235514,-110.968386,2024-2025,216.0,46,653.0,265.08804900459427,0.3205312714136277,False,8948e85456bffff,1.0,True,1.0,1.0,,False,False
40880003621,Booth Magnet Elementary School,Tucson,Pima County,11,32.215313,-110.83787,2024-2025,231.0,39,454.0,290.68815638766523,5.162547306911551,False,8948e850b87ffff,1.0,True,1.0,1.0,,False,False
40880003705,Innovation Tech High School,Tucson,Pima County,11,32.186559,-110.960275,2024-2025,175.0,40,323.0,253.36688854489165,3.908046000102223,False,8948e8562bbffff,1.0,True,1.0,1.0,,False,False
40882000908,Union Elementary School,TOLLESON,Maricopa County,11,33.4108,-112.2565,2024-2025,228.0,19,218.0,191.3353990825688,2.3296855115823583,False,8948e96c607ffff,1.0,True,1.0,1.0,,False,False
40882002496,Hurley Ranch Elementary,TOLLESON,Maricopa County,11,33.4127,-112.2521,2024-2025,228.0,21,266.0,181.59445488721803,2.2645652327579486,False,8948e96c60fffff,1.0,True,1.0,1.0,,False,False
40882002794,Dos Rios Elementary,TOLLESON,Maricopa County,11,33.4282,-112.2479,2024-2025,228.0,32,315.0,234.90633333333335,1.3844316638222167,False,8948e96c2c7ffff,1.0,True,1.0,1.0,,False,False
40882003875,Union Connects,Tolleson,Maricopa County,11,33.41113,-112.25598,2024-2025,,20,222.0,196.7117252252252,2.306005205728858,False,8948e96c607ffff,1.0,True,1.0,1.0,,False,False
40885000909,Old Vail Middle School,VAIL,Pima County,31,32.0496,-110.7112,2024-2025,435.0,16,52.0,447.4527307692308,0.6845754399246271,False,8948ee26d63ffff,1.0,True,1.0,1.0,,False,False
40885001003,Desert Willow Elementary School,TUCSON,Pima County,41,32.1034,-110.7923,2024-2025,325.0,19,89.0,220.8865280898877,8.040934427127038,True,8948e8522abffff,1.0,True,1.0,1.0,,False,False
40885001510,Acacia Elementary School,VAIL,Pima County,41,32.042,-110.717,2024-2025,446.0,13,30.0,493.4100666666666,0.976034385189205,True,8948ee26d03ffff,1.0,True,1.0,1.0,,False,False
40885001954,Mesquite Elementary School,TUCSON,Pima County,11,32.1155,-110.7914,2024-2025,317.0,20,95.0,270.0926947368421,8.277987433487002,False,8948e850493ffff,1.0,True,1.0,1.0,,False,False
40885001955,Vail Academy & High School,TUCSON,Pima County,11,32.096805,-110.82746,2024-2025,343.0,18,165.0,251.1975515151515,5.199941888693478,False,8948e8521c3ffff,1.0,True,1.0,1.0,,False,False
40885001956,Civano Community K-8 School,TUCSON,Pima County,11,32.14855,-110.765101,2024-2025,476.0,17,68.0,139.56810294117645,5.249460624998563,False,8948e850293ffff,1.0,True,1.0,1.0,,False,False
40885002193,Cottonwood Elementary School,TUCSON,Pima County,11,32.0944,-110.7799,2024-2025,474.0,17,76.0,363.21725,8.474126833807588,False,8948e8522c3ffff,1.0,True,1.0,1.0,,False,False
40885002194,Desert Sky Middle School,TUCSON,Pima County,11,32.106469,-110.782711,2024-2025,430.0,25,94.0,288.7800106382979,8.966228246208807,False,8948e852273ffff,1.0,True,1.0,1.0,,False,False
40885002195,Cienega High School,VAIL,Pima County,31,32.057584,-110.721561,2024-2025,429.0,15,50.0,419.15538,1.9923460342956647,False,8948ee26987ffff,1.0,True,1.0,1.0,,False,False
40885002439,Pantano Middle School,VAIL,Pima County,31,32.057584,-110.721561,2024-2025,429.0,15,50.0,419.15538,1.9923460342956647,False,8948ee26987ffff,1.0,True,1.0,1.0,,False,False
40885002551,Corona Foothills Middle School,Corona de Tucson,Pima County,31,31.9538,-110.7716,2024-2025,333.0,21,148.0,396.7261756756757,0.4763682698479306,False,8948e8cb13bffff,1.0,True,1.0,1.0,,False,False
40885002552,Empire High School,TUCSON,Pima County,41,32.088384,-110.764728,2024-2025,502.0,15,64.0,408.90353125,7.299749269988124,True,8948e853517ffff,1.0,True,1.0,1.0,,False,False
40885002765,Ocotillo Ridge Elementary,Vail,Pima County,31,32.067,-110.7036,2024-2025,452.0,21,74.0,274.52700000000004,2.5202679496067253,False,8948ee26943ffff,1.0,True,1.0,1.0,,False,False
40885002798,Senita Valley Elementary School,TUCSON,Pima County,41,32.14,-110.7621,2024-2025,472.0,14,59.0,132.5552542372881,6.222470124500095,True,8948e85060fffff,1.0,True,1.0,1.0,,False,False
40885002991,Rincon Vista Middle School,TUCSON,Pima County,41,32.1393,-110.7623,2024-2025,469.0,14,59.0,132.5552542372881,6.283667293716718,True,8948e850607ffff,1.0,True,1.0,1.0,,False,False
40885003083,Sycamore Elementary School,Corona de Tucson,Pima County,31,31.953652,-110.770701,2024-2025,332.0,21,148.0,396.7261756756757,0.5015764443798436,False,8948e8cb177ffff,1.0,True,1.0,1.0,,False,False
40885003175,Pantano High School,VAIL,Pima County,41,32.017567,-110.774679,2024-2025,412.0,1,2.0,124.986,6.620268502317438,True,8948e8c9cbbffff,1.0,True,1.0,1.0,,False,False
40885003214,Vail Innovation Center,TUCSON,Pima County,41,32.088243,-110.76431,2024-2025,502.0,15,64.0,408.90353125,7.259983668126448,True,8948e853513ffff,1.0,True,1.0,1.0,,False,False
40885003272,Andrada Polytechnic High School,TUCSON,Pima County,41,32.01856,-110.776,2024-2025,412.0,1,2.0,124.986,6.736946985124054,True,8948e8c9ca3ffff,1.0,True,1.0,1.0,,False,False
40885003432,Esmond Station School,TUCSON,Pima County,41,32.082076,-110.754657,2024-2025,461.0,11,48.0,452.7856875,6.126143853370559,True,8948e8535dbffff,1.0,True,1.0,1.0,,False,False
40885003489,Copper Ridge Elementary,Corona de Tucson,Pima County,41,31.935013,-110.800448,2024-2025,448.0,7,59.0,113.8647118644068,3.733786007605152,True,8948e8ca2bbffff,1.0,True,1.0,0.9704142011834319,,False,False
40885003652,Mica Mountain High,Tucson,Pima County,41,32.116744,-110.763171,2024-2025,437.0,9,23.0,405.31382608695657,8.577582159543688,True,8948e85310fffff,1.0,True,1.0,1.0,,False,False
40885003664,Vail Blended Learning,TUCSON,Pima County,41,32.087746,-110.761769,2024-2025,502.0,14,63.0,411.6842698412698,7.046153682164095,True,8948e853513ffff,1.0,True,1.0,1.0,,False,False
40885003665,Vail Inclusive Preschool,VAIL,Pima County,31,32.057237,-110.723356,2024-2025,427.0,14,49.0,409.5077551020409,2.085469648709052,False,8948ee26987ffff,1.0,True,1.0,1.0,,False,False
40885003872,Vail Inclusive Preschool Mica Mountain,TUCSON,Pima County,41,32.117142,-110.761552,2024-2025,,9,23.0,405.31382608695657,8.58513445926713,True,8948e85310fffff,1.0,True,1.0,1.0,,False,False
40888000910,Valentine Elementary School,Peach Springs,Mohave County,43,35.487341,-113.568388,2024-2025,261.0,2,3.0,256.04,29.728926137739,True,8929b3134afffff,1.0,True,1.0,1.0,,False,False
40891000911,Valley Union High School,ELFRIDA,Cochise County,43,31.685904,-109.681695,2024-2025,209.0,5,10.0,208.19169999999997,32.12261404575144,True,8948ee4281bffff,1.0,True,1.0,1.0,,False,False
40906000652,Abraham Lincoln Traditional School,PHOENIX,Maricopa County,11,33.5813,-112.144,2024-2025,235.0,46,593.0,333.12149747048903,6.239637611630255,False,8929b6d0b63ffff,1.0,True,1.0,1.0,,False,False
40906000915,Acacia Elementary School,PHOENIX,Maricopa County,11,33.6162,-112.1238,2024-2025,214.0,43,365.0,270.8694520547945,6.845362625630271,False,8929b6c2067ffff,1.0,True,1.0,1.0,,False,False
40906000916,Alta Vista Elementary School,PHOENIX,Maricopa County,11,33.5648,-112.1264,2024-2025,213.0,49,774.0,290.9349392764858,3.919288879791921,False,8929b6d0a0fffff,1.0,True,1.0,1.0,,False,False
40906000917,Arroyo Elementary School,GLENDALE,Maricopa County,11,33.5887,-112.1567,2024-2025,223.0,44,310.0,319.1772677419354,6.55555221905494,False,8929b6c2587ffff,1.0,True,1.0,1.0,,False,False
40906000919,Cactus Wren Elementary School,PHOENIX,Maricopa County,11,33.5743,-112.1436,2024-2025,234.0,45,710.0,322.2671690140846,5.536698511619366,False,8929b6d0b47ffff,1.0,True,1.0,1.0,,False,False
40906000920,Chaparral Elementary School,PHOENIX,Maricopa County,11,33.6081,-112.1403,2024-2025,240.0,43,373.0,283.2775576407507,5.949714333711154,False,8929b6c21d3ffff,1.0,True,1.0,1.0,,False,False
40906000921,Cholla Middle School,PHOENIX,Maricopa County,11,33.5907,-112.1264,2024-2025,235.0,46,702.0,317.79620655270656,6.722774974709815,False,8929b6c242bffff,1.0,True,1.0,1.0,,False,False
40906000922,Desert Foothills Middle School,PHOENIX,Maricopa County,11,33.6193,-112.1303,2024-2025,221.0,45,378.0,264.06269047619054,6.157998082588827,False,8929b6c2397ffff,1.0,True,1.0,1.0,,False,False
40906000923,Desert View Elementary School,PHOENIX,Maricopa County,11,33.563146,-112.068748,2024-2025,237.0,37,404.0,259.22193811881186,5.480661633233954,False,8929b6d1847ffff,1.0,True,1.0,1.0,,False,False
40906000926,Ironwood Elementary School,PHOENIX,Maricopa County,11,33.6193,-112.1434,2024-2025,278.0,45,384.0,277.1465625,5.050752542831973,False,8929b6c210bffff,1.0,True,1.0,1.0,,False,False
40906000927,Lakeview Elementary School,PHOENIX,Maricopa County,11,33.5898,-112.1247,2024-2025,235.0,42,651.0,340.13389708141324,6.598205442287788,False,8929b6c2477ffff,1.0,True,1.0,1.0,,False,False
40906000928,Lookout Mountain School,PHOENIX,Maricopa County,11,33.625151,-112.076268,2024-2025,487.0,37,370.0,274.0050405405406,10.847116015715091,False,8929b6c318fffff,1.0,True,1.0,1.0,,False,False
40906000929,Manzanita Elementary School,PHOENIX,Maricopa County,11,33.5597,-112.1438,2024-2025,208.0,48,516.0,272.0369050387597,4.2216140149711165,False,8929b6d086bffff,1.0,True,1.0,1.0,,False,False
40906000930,Maryland Elementary School,PHOENIX,Maricopa County,11,33.53204,-112.103247,2024-2025,186.0,45,466.0,229.778678111588,0.9783545884697936,False,8929b6d0377ffff,1.0,True,1.0,1.0,,False,False
40906000931,Moon Mountain School,PHOENIX,Maricopa County,11,33.6078,-112.0976,2024-2025,321.0,27,220.0,361.5633863636364,8.651610847343525,False,8929b6c229bffff,1.0,True,1.0,1.0,,False,False
40906000932,Mountain View Elementary School,PHOENIX,Maricopa County,11,33.581,-112.0832,2024-2025,243.0,27,358.0,290.9764888268156,6.222452744365154,False,8929b6d1bbbffff,1.0,True,1.0,1.0,,False,False
40906000933,Ocotillo School,PHOENIX,Maricopa County,11,33.5339,-112.1279,2024-2025,197.0,45,495.0,258.21830909090903,1.346305016387395,False,8929b6d0e13ffff,1.0,True,1.0,1.0,,False,False
40906000934,Orangewood School,PHOENIX,Maricopa County,11,33.5449,-112.0969,2024-2025,227.0,40,393.0,235.17459796437657,2.1842398291693783,False,8929b6d1d1bffff,1.0,True,1.0,1.0,,False,False
40906000935,Palo Verde Middle School,PHOENIX,Maricopa County,11,33.5464,-112.1438,2024-2025,205.0,46,440.0,307.62871590909094,3.25975369056115,False,8929b6d08cfffff,1.0,True,1.0,1.0,,False,False
40906000936,Richard E Miller School,PHOENIX,Maricopa County,11,33.5634,-112.1022,2024-2025,192.0,43,642.0,328.0673520249222,3.740597828726831,False,8929b6d1983ffff,1.0,True,1.0,1.0,,False,False
40906000937,Roadrunner Elementary School,PHOENIX,Maricopa County,11,33.5504,-112.1439,2024-2025,209.0,47,588.0,312.4804421768708,3.5188024957391946,False,8929b6d0857ffff,1.0,True,1.0,1.0,,False,False
40906000938,Royal Palm Middle School,PHOENIX,Maricopa County,11,33.5612,-112.1007,2024-2025,211.0,43,614.0,319.013342019544,3.5517984934785622,False,8929b6d199bffff,1.0,True,1.0,1.0,,False,False
40906000939,Sahuaro School,PHOENIX,Maricopa County,11,33.6024,-112.129,2024-2025,218.0,45,480.0,274.2803645833334,7.169199429159155,False,8929b6c208fffff,1.0,True,1.0,1.0,,False,False
40906000941,Shaw Butte School,PHOENIX,Maricopa County,11,33.5977,-112.1048,2024-2025,244.0,38,388.0,338.84074484536086,7.444499911936378,False,8929b6c2633ffff,1.0,True,1.0,1.0,,False,False
40906000942,Sunburst School,GLENDALE,Maricopa County,11,33.6151,-112.1613,2024-2025,239.0,40,336.0,371.9238541666667,3.9561098534708057,False,8929b6c21b7ffff,1.0,True,1.0,1.0,,False,False
40906000944,Sunnyslope Elementary School,PHOENIX,Maricopa County,11,33.57409,-112.070641,2024-2025,308.0,34,483.0,247.9462795031056,6.224034103609252,False,8929b6d1bd7ffff,1.0,True,1.0,1.0,,False,False
40906000945,Sunset School,GLENDALE,Maricopa County,21,33.5756,-112.1591,2024-2025,205.0,43,317.0,311.9177066246057,6.486259256633669,False,8929b6d0bafffff,1.0,True,1.0,1.0,,False,False
40906000946,Tumbleweed Elementary School,PHOENIX,Maricopa County,11,33.593975,-112.144511,2024-2025,233.0,45,400.0,336.353965,6.733154973864011,False,8929b6c251bffff,1.0,True,1.0,1.0,,False,False
40906000947,Washington Elementary School,PHOENIX,Maricopa County,11,33.5547,-112.115817,2024-2025,195.0,49,653.0,242.53001071975496,2.6237897811478725,False,8929b6d0acbffff,1.0,True,1.0,1.0,,False,False
40906001116,John Jacobs Elementary School,PHOENIX,Maricopa County,11,33.6174,-112.1094,2024-2025,256.0,41,405.0,280.6727358024691,8.051051722911703,False,8929b6c22a3ffff,1.0,True,1.0,1.0,,False,False
40906001117,Sweetwater School,GLENDALE,Maricopa County,11,33.6043,-112.1572,2024-2025,233.0,45,425.0,368.082214117647,5.097790214820426,False,8929b6c2527ffff,1.0,True,1.0,1.0,,False,False
40906001272,Mountain Sky Middle School,PHOENIX,Maricopa County,11,33.6323,-112.0815,2024-2025,525.0,42,568.0,269.33374119718303,10.27359794110398,False,8929b6c3133ffff,1.0,True,1.0,1.0,,False,False
40906003805,Washington Elementary School District Online Learning Academ,PHOENIX,Maricopa County,11,33.5612,-112.1007,2024-2025,,43,614.0,319.013342019544,3.5517984934785622,False,8929b6d199bffff,1.0,True,1.0,1.0,,False,False
40909000948,Wellton Elementary School,WELLTON,Yuma County,42,32.672384,-114.141427,2024-2025,263.0,19,60.0,313.9123666666666,18.19788302486236,True,89485a273abffff,1.0,True,1.0,1.0,,False,False
40912000949,Wenden Elementary School,Wenden,La Paz County,43,33.824568,-113.540635,2024-2025,268.0,3,29.0,26.973965517241385,7.536366014816484,True,8929b4628d3ffff,1.0,True,1.0,1.0,,False,False
40916000005,Alchesay High School,Whiteriver,Navajo County,43,33.832438,-109.970594,2024-2025,72.0,11,64.0,24.7218125,7.772497933730054,True,8948cc11e27ffff,1.0,True,0.9585798816568047,0.8224852071005917,Fort Apache,True,False
40916000951,Whiteriver Elementary,Whiteriver,Navajo County,43,33.8347,-109.9685,2024-2025,73.0,11,64.0,24.7218125,8.022122482852895,True,8948cc11e2fffff,1.0,True,0.9704142011834319,0.8106508875739645,Fort Apache,True,False
40916000952,Canyon Day Junior High School,Whiteriver,Gila County,43,33.777638,-110.030472,2024-2025,55.0,3,48.0,30.39022916666666,5.491119529292285,True,8948cc1056bffff,1.0,True,0.9940828402366864,0.8757396449704142,Fort Apache,True,False
40916001768,Cradleboard School,WHITERIVER,Navajo County,43,33.920006,-109.948401,2024-2025,85.0,3,31.0,28.607064516129032,15.199841403179027,True,8948cc03347ffff,1.0,True,0.6863905325443787,0.46745562130177515,Fort Apache,True,False
40916002190,Seven Mile School,Whiteriver,Navajo County,43,33.7889,-109.9672,2024-2025,61.0,8,39.0,21.739128205128207,2.9327453497427856,True,8948cc11193ffff,1.0,True,1.0,0.9171597633136095,Fort Apache,True,False
40919000953,Vulture Peak Middle School,Wickenburg,Maricopa County,41,33.9554,-112.7746,2024-2025,295.0,9,43.0,171.09704651162792,3.766437867893647,True,8929b6aa21bffff,1.0,True,1.0,0.8757396449704142,,False,False
40919000955,Wickenburg High School,WICKENBURG,Maricopa County,41,33.9547,-112.777836,2024-2025,296.0,9,43.0,171.09704651162792,3.555560068483921,True,8929b6aa203ffff,1.0,True,1.0,0.9053254437869822,,False,False
40919001834,Hassayampa Elementary School,WICKENBURG,Maricopa County,32,33.967792,-112.727531,2024-2025,297.0,18,87.0,370.17971264367816,0.7964428845428629,False,8929b6ab39bffff,1.0,True,1.0,0.9408284023668639,,False,False
40919002827,Festival Foothills Elementary School,Buckeye,Maricopa County,31,33.666686,-112.613294,2024-2025,314.0,16,80.0,177.2303625,3.9278397657771817,False,8929b681977ffff,1.0,True,1.0,1.0,,False,False
40919003248,Wickenburg Virtual Academy,Wickenburg,Maricopa County,41,33.9547,-112.777836,2024-2025,296.0,9,43.0,171.09704651162792,3.555560068483921,True,8929b6aa203ffff,1.0,True,1.0,0.9053254437869822,,False,False
40925000956,Willcox Elementary School,WILLCOX,Cochise County,43,32.2567,-109.8359,2024-2025,194.0,18,53.0,210.2870754716981,10.85015565368032,True,8948ead2c37ffff,1.0,True,1.0,1.0,,False,False
40925000957,Willcox High School,WILLCOX,Cochise County,43,32.2556,-109.8423,2024-2025,196.0,18,64.0,196.300140625,10.9892872121762,True,8948ead2dc3ffff,1.0,True,1.0,1.0,,False,False
40925000958,Willcox Middle School,WILLCOX,Cochise County,43,32.2574,-109.8423,2024-2025,195.0,18,64.0,196.300140625,10.789448010820594,True,8948ead2dcfffff,1.0,True,1.0,1.0,,False,False
40931000960,Williams High School,WILLIAMS,Coconino County,43,35.245296,-112.192687,2024-2025,224.0,19,215.0,318.3384139534884,5.1270383167922455,True,8929b209c93ffff,1.0,True,1.0,0.9644970414201184,,False,False
40931001118,Williams Elementary/Middle School,WILLIAMS,Coconino County,43,35.253617,-112.196339,2024-2025,209.0,22,250.0,318.529384,5.981678735485783,True,8929b209cbbffff,1.0,True,1.0,0.9822485207100592,,False,False
40939000964,Wilson Elementary School,PHOENIX,Maricopa County,11,33.4543,-112.018,2024-2025,122.0,46,892.0,540.0005964125561,7.551362502656115,False,8948eba4dafffff,1.0,True,1.0,1.0,,False,False
40939001483,Wilson Primary School,PHOENIX,Maricopa County,11,33.4533,-112.0167,2024-2025,122.0,46,917.0,538.5612181025082,7.558310396966864,False,8948eba4dafffff,1.0,True,1.0,1.0,,False,False
40943000155,Integrated Preschool,FORT DEFIANCE,Apache County,43,35.760347,-109.053464,2024-2025,102.0,5,35.0,27.966142857142856,10.322509450463098,True,8948ca32327ffff,1.0,True,0.6745562130177515,0.6745562130177515,Navajo Nation,True,False
40943000967,Tsehootsooi Intermediate Learning Center,Fort Defiance,Apache County,43,35.739288,-109.064699,2024-2025,98.0,10,31.0,31.329967741935484,9.621464053361638,True,8948ca3211bffff,1.0,True,0.8994082840236687,0.8994082840236687,Navajo Nation,True,False
40943000968,Tsehootsooi Middle School,FORT DEFIANCE,Apache County,43,35.739288,-109.064699,2024-2025,98.0,10,31.0,31.329967741935484,9.621464053361638,True,8948ca3211bffff,1.0,True,0.8994082840236687,0.8994082840236687,Navajo Nation,True,False
40943000970,Window Rock High School,FORT DEFIANCE,Apache County,43,35.749799,-109.048775,2024-2025,102.0,10,41.0,28.1319512195122,10.8196648081847,True,8948ca323bbffff,1.0,True,0.6153846153846154,0.6153846153846154,Navajo Nation,True,False
40943001648,Tsehootsooi Primary Learning Center,Fort Defiance,Apache County,43,35.760347,-109.053464,2024-2025,102.0,5,35.0,27.966142857142856,10.322509450463098,True,8948ca32327ffff,1.0,True,0.6745562130177515,0.6745562130177515,Navajo Nation,True,False
40943002447,Tsehootsooi Dine Bi'Olta,Window Rock,Apache County,43,35.683443,-109.058566,2024-2025,92.0,7,54.0,46.53064814814815,13.114405430430336,True,8948caa8aa3ffff,1.0,True,0.7751479289940828,0.7751479289940828,Navajo Nation,True,False
40943003871,Window Rock Pre School,Window Rock,Apache County,43,35.683443,-109.058566,2024-2025,,7,54.0,46.53064814814815,13.114405430430336,True,8948caa8aa3ffff,1.0,True,0.7751479289940828,0.7751479289940828,Navajo Nation,True,False
40946000971,Bonnie Brennan School,WINSLOW,Navajo County,33,35.0395,-110.7257,2024-2025,174.0,8,24.0,97.25545833333337,9.064415326762434,False,8948cd6962fffff,1.0,True,1.0,1.0,,False,False
40946000973,Jefferson Elementary School,WINSLOW,Navajo County,33,35.0329,-110.6934,2024-2025,155.0,23,165.0,244.00986060606056,6.038865049384198,False,8948c8a658bffff,1.0,True,1.0,1.0,,False,False
40946000974,Washington School,Winslow,Navajo County,33,35.0281,-110.6978,2024-2025,153.0,25,173.0,238.87647398843924,6.370288182890855,False,8948c8a6593ffff,1.0,True,1.0,1.0,,False,False
40946000975,Winslow High School,WINSLOW,Navajo County,33,35.028392,-110.689272,2024-2025,156.0,21,175.0,247.81297714285716,5.599453674283336,False,8948c8a65d3ffff,1.0,True,1.0,1.0,,False,False
40946000976,Winslow Junior High School,WINSLOW,Navajo County,33,35.0311,-110.6894,2024-2025,157.0,22,176.0,249.30877272727272,5.647454610414768,False,8948c8a65c3ffff,1.0,True,1.0,1.0,,False,False
40951000977,Yarnell Elementary School,Peeples Valley,Yavapai County,42,34.274358,-112.749703,2024-2025,255.0,3,4.0,57.749500000000005,6.467961961128558,True,8929b623533ffff,0.0,True,1.0,0.7514792899408284,,False,False
40954000978,Young Elementary School,YOUNG,Gila County,43,34.100728,-110.965402,2024-2025,305.0,1,6.0,75.376,23.001484592703456,True,8948cdd7203ffff,1.0,True,1.0,0.8875739644970414,,False,False
40954001119,Young High School,YOUNG,Gila County,43,34.100728,-110.965402,2024-2025,305.0,1,6.0,75.376,23.001484592703456,True,8948cdd7203ffff,1.0,True,1.0,0.8875739644970414,,False,False
40957000323,Yucca Elementary School,Yucca,Mohave County,42,34.873186,-114.150907,2024-2025,190.0,4,16.0,64.2070625,26.91376434574838,True,8929b035dabffff,1.0,True,1.0,1.0,,False,False
40960000981,Alice Byrne Elementary School,YUMA,Yuma County,12,32.698,-114.6298,2024-2025,199.0,41,557.0,354.0106912028725,1.5635965625095365,False,89485bce9afffff,1.0,True,1.0,1.0,,False,False
40960000982,C W Mcgraw Elementary School,YUMA,Yuma County,12,32.6852,-114.6152,2024-2025,191.0,48,562.0,313.8124982206406,1.0788253260163876,False,89485bce9d3ffff,1.0,True,1.0,1.0,,False,False
40960000983,George Washington Carver Elementary School,YUMA,Yuma County,12,32.717589,-114.635767,2024-2025,190.0,35,293.0,374.4925187713311,0.9094619417388564,False,89485b1b46bffff,1.0,True,0.8579881656804734,0.8579881656804734,,False,False
40960000985,Fourth Avenue Junior High School,YUMA,Yuma County,12,32.7188,-114.6252,2024-2025,186.0,31,248.0,399.125116935484,0.81888506047106,False,89485b1b6abffff,1.0,True,0.8224852071005917,0.8224852071005917,,False,False
40960000986,Gila Vista Jr High School,YUMA,Yuma County,12,32.686824,-114.614931,2024-2025,197.0,45,588.0,335.9126683673469,0.8966633729147867,False,89485bce9d3ffff,1.0,True,1.0,1.0,,False,False
40960000988,James B Rolle School,YUMA,Yuma County,12,32.678,-114.5934,2024-2025,375.0,28,167.0,376.2124550898203,2.625077379552684,False,89485bce8c7ffff,1.0,True,1.0,1.0,,False,False
40960000989,James D Price School,Yuma,Yuma County,42,32.860687,-114.435768,2024-2025,330.0,6,50.0,61.16835999999999,20.715850502452096,True,89485b556a7ffff,1.0,True,1.0,1.0,,False,False
40960000990,Mary E  Post Elementary School,YUMA,Yuma County,12,32.7173,-114.6253,2024-2025,207.0,32,254.0,398.5859133858268,0.664274143863023,False,89485b1b617ffff,1.0,True,0.863905325443787,0.863905325443787,,False,False
40960000991,O C Johnson School,YUMA,Yuma County,12,32.705205,-114.634193,2024-2025,226.0,38,350.0,364.3614828571429,0.9195685908850793,False,89485b1b453ffff,1.0,True,1.0,1.0,,False,False
40960000992,Palmcroft Elementary School,YUMA,Yuma County,12,32.674,-114.6298,2024-2025,232.0,39,311.0,242.95831511254016,2.783319650195126,False,89485bcedafffff,1.0,True,1.0,1.0,,False,False
40960000993,Pecan Grove Elementary School,YUMA,Yuma County,12,32.716,-114.6466,2024-2025,192.0,33,269.0,369.3324089219331,1.7374681680685404,False,89485b1b42bffff,1.0,True,0.9171597633136095,0.9171597633136095,,False,False
40960000994,R Pete Woodard Jr High School,YUMA,Yuma County,12,32.6866,-114.6301,2024-2025,162.0,45,446.0,284.35518161434976,1.8254790968043424,False,89485bc5a4bffff,1.0,True,1.0,1.0,,False,False
40960000995,Roosevelt School,YUMA,Yuma County,12,32.7183,-114.6264,2024-2025,197.0,32,254.0,396.47434251968514,0.7282139230169028,False,89485b1b6abffff,1.0,True,0.8224852071005917,0.8224852071005917,,False,False
40960001572,Mary A Otondo Elementary School,YUMA,Yuma County,12,32.6879,-114.4895,2024-2025,369.0,17,75.0,193.79868,2.2050732182588173,False,89485bcc64fffff,1.0,True,1.0,1.0,,False,False
40960001804,Desert Mesa Elementary School,YUMA,Yuma County,41,32.6857,-114.5059,2024-2025,244.0,25,123.0,190.5655772357724,0.6544458928543974,True,89485bcc6abffff,1.0,True,1.0,1.0,,False,False
40960001805,Castle Dome Middle School,YUMA,Yuma County,12,32.6856,-114.4891,2024-2025,411.0,21,142.0,254.7022464788733,2.2263555888446707,False,89485bcc643ffff,1.0,True,1.0,1.0,,False,False
40960002427,Ron Watson Middle School,YUMA,Yuma County,41,32.6767,-114.4648,2024-2025,313.0,27,533.0,292.0143020637899,2.003414080112138,True,89485bcf34fffff,1.0,True,1.0,1.0,,False,False
40960002567,Sunrise Elementary School,Yuma,Yuma County,41,32.6768,-114.4617,2024-2025,334.0,28,290.0,234.9600827586207,1.7174191298899786,True,89485bcf34bffff,1.0,True,1.0,1.0,,False,False
40960003430,Yuma District One Digital Learning Academy,YUMA,Yuma County,12,32.716311,-114.625427,2024-2025,220.0,32,254.0,398.5859133858268,0.5631450822953775,False,89485b1b6bbffff,1.0,True,0.893491124260355,0.893491124260355,,False,False
40960003667,Dorothy Hall Elementary,Yuma,Yuma County,41,32.644782,-114.534392,2024-2025,284.0,9,23.0,345.1566521739131,3.843916261352169,True,89485bce2b3ffff,1.0,True,1.0,1.0,,False,False
40963000157,Vista High School,YUMA,Yuma County,12,32.670152,-114.633814,2024-2025,267.0,37,260.0,233.4304538461538,3.348923349155161,False,89485bcedb7ffff,1.0,True,1.0,1.0,,False,False
40963000996,Kofa High School,YUMA,Yuma County,12,32.6743,-114.636,2024-2025,235.0,39,309.0,241.1018220064725,3.120454095923208,False,89485bc5ad3ffff,1.0,True,1.0,1.0,,False,False
40963000997,Yuma High School,YUMA,Yuma County,12,32.7193,-114.6296,2024-2025,186.0,30,249.0,384.68808835341366,0.8136180704896316,False,89485b1b6a3ffff,1.0,True,0.8579881656804734,0.8579881656804734,,False,False
40963001388,Cibola High School,YUMA,Yuma County,12,32.6917,-114.6686,2024-2025,320.0,32,172.0,343.14361627906976,2.8067343606305686,False,89485bc5b13ffff,1.0,True,1.0,1.0,,False,False
40963002775,Gila Ridge High School,YUMA,Yuma County,41,32.6857,-114.5107,2024-2025,241.0,25,142.0,171.47488028169013,0.206054785327123,True,89485bcc6afffff,1.0,True,1.0,1.0,,False,False
40963003076,San Luis High School,San Luis,Yuma County,41,32.501131,-114.762882,2024-2025,222.0,20,75.0,224.19814666666667,1.941433793285738,True,89485bd49c3ffff,1.0,True,0.9763313609467456,0.9763313609467456,,False,False
40963003280,Yuma Online Distance Academy,YUMA,Yuma County,12,32.670152,-114.633814,2024-2025,267.0,37,260.0,233.4304538461538,3.348923349155161,False,89485bcedb7ffff,1.0,True,1.0,1.0,,False,False
40963003815,Somerton High School,Somerton,Yuma County,41,32.602797,-114.720557,2024-2025,,17,127.0,420.2035354330709,1.6484148394112268,True,89485bc4507ffff,1.0,True,1.0,1.0,,False,False
40973100305,EVIT - Scottsdale Vocational Center,SCOTTSDALE,Maricopa County,12,33.474838,-111.91997,2024-2025,311.0,41,650.0,403.15943846153846,11.193232301146304,False,8948eba58a7ffff,1.0,True,1.0,1.0,,False,False
40973101514,EVIT - East Valley Institute of Technology,MESA,Maricopa County,11,33.412538,-111.864586,2024-2025,161.0,47,746.0,351.29468900804284,5.113333235382868,False,8948eba542fffff,1.0,True,1.0,1.0,,False,False
40973101515,EVIT - Chandler High School,CHANDLER,Maricopa County,11,33.30843,-111.842777,2024-2025,261.0,45,451.0,298.62335920177384,1.836892846789343,False,8948eba2893ffff,1.0,True,1.0,1.0,,False,False
40973102189,EVIT - Tempe Auto,MESA,Maricopa County,11,33.412538,-111.864586,2024-2025,161.0,47,746.0,351.29468900804284,5.113333235382868,False,8948eba542fffff,1.0,True,1.0,1.0,,False,False
40973102233,EVIT - Apache Junction High School,Apache Junction,Pinal County,21,33.391553,-111.562502,2024-2025,274.0,32,511.0,233.0902544031311,2.7027987754149017,False,8948eba86c7ffff,1.0,True,1.0,1.0,,False,False
40973102234,EVIT - Gilbert High School,GILBERT,Maricopa County,11,33.348693,-111.766805,2024-2025,478.0,41,304.0,347.2994802631579,2.4302270396115184,False,8948eba038fffff,1.0,True,1.0,1.0,,False,False
40973102235,EVIT - Fountain Hills Vocational Center,FOUNTAIN HILLS,Maricopa County,21,33.618709,-111.710397,2024-2025,473.0,20,203.0,249.57535467980296,5.827313901933511,False,8948eb37023ffff,1.0,True,1.0,1.0,,False,False
40973102272,EVIT - Higley High School,GILBERT,Maricopa County,11,33.294099,-111.701353,2024-2025,426.0,39,357.0,242.5972829131652,0.4404904637979317,False,8948eba32afffff,1.0,True,1.0,1.0,,False,False
40973102377,EVIT - Queen Creek High School,QUEEN CREEK,Maricopa County,21,33.246529,-111.60569,2024-2025,420.0,40,170.0,202.4228647058824,3.473146785746619,False,8948ebb80afffff,1.0,True,1.0,1.0,,False,False
40973102456,EVIT - Mesa High School,MESA,Maricopa County,11,33.395857,-111.796019,2024-2025,214.0,43,392.0,376.68170663265306,2.8110839373693035,False,8948eba0a37ffff,1.0,True,1.0,1.0,,False,False
40973102457,EVIT - Westwood High School,MESA,Maricopa County,11,33.428502,-111.850295,2024-2025,204.0,41,623.0,335.6441990369181,6.926760826100616,False,8948eba5047ffff,1.0,True,1.0,1.0,,False,False
40973102458,EVIT - Mountain View High School,MESA,Maricopa County,11,33.438737,-111.77346,2024-2025,284.0,36,317.0,518.6773753943218,4.182238472666193,False,8948ebae043ffff,1.0,True,1.0,1.0,,False,False
40973102459,EVIT - Dobson High School,MESA,Maricopa County,11,33.362409,-111.868207,2024-2025,324.0,46,511.0,323.1749295499022,0.9114606049503314,False,8948eba7623ffff,1.0,True,1.0,1.0,,False,False
40973102460,EVIT - Red Mountain High School,MESA,Maricopa County,11,33.435358,-111.673827,2024-2025,302.0,33,434.0,280.69606682027654,3.155346177990184,False,8948ebaf643ffff,1.0,True,1.0,1.0,,False,False
40973102461,EVIT - Skyline High School,Mesa,Maricopa County,11,33.399705,-111.613693,2024-2025,253.0,46,434.0,336.5725967741936,1.8374328678347056,False,8948eba8503ffff,1.0,True,1.0,1.0,,False,False
40973102462,EVIT - Tempe High School,TEMPE,Maricopa County,12,33.408751,-111.941335,2024-2025,166.0,48,768.0,382.9316588541666,6.242316736004174,False,8948eba4087ffff,1.0,True,1.0,1.0,,False,False
40973102463,EVIT - McClintock High School,TEMPE,Maricopa County,12,33.397572,-111.907502,2024-2025,272.0,48,523.0,289.14958699808795,5.593467435074759,False,8948eba468bffff,1.0,True,1.0,1.0,,False,False
40973102464,EVIT - Marcos De Niza High School,TEMPE,Maricopa County,12,33.366446,-111.921338,2024-2025,348.0,45,734.0,374.581295640327,3.174673555566809,False,8948eba7527ffff,1.0,True,1.0,1.0,,False,False
40973102465,EVIT - Corona Del Sol High School,TEMPE,Maricopa County,12,33.326164,-111.92684,2024-2025,645.0,41,235.0,387.0621106382979,3.8642933787517246,False,8948ebb594fffff,1.0,True,1.0,1.0,,False,False
40973102466,EVIT - Mountain Pointe High School,PHOENIX,Maricopa County,11,33.325956,-111.990552,2024-2025,354.0,44,442.0,385.3790904977376,1.770380748112168,False,8948ebb4b07ffff,1.0,True,1.0,1.0,,False,False
40973102467,EVIT - Desert Vista High School,PHOENIX,Maricopa County,11,33.296385,-112.015252,2024-2025,459.0,29,272.0,323.0037132352942,3.9865199872787054,False,8948ebb4d2bffff,1.0,True,1.0,1.0,,False,False
40973102501,EVIT - Arcadia High School,PHOENIX,Maricopa County,11,33.493558,-111.981903,2024-2025,583.0,38,420.0,411.7133071428572,10.185612933001828,False,8948eba4b3bffff,1.0,True,1.0,1.0,,False,False
40973102502,EVIT - Coronado High School,SCOTTSDALE,Maricopa County,12,33.475395,-111.918034,2024-2025,315.0,41,626.0,407.3596980830672,11.150499761650869,False,8948eba58afffff,1.0,True,1.0,1.0,,False,False
40973102503,EVIT - Saguaro High School,SCOTTSDALE,Maricopa County,12,33.526633,-111.905461,2024-2025,451.0,39,884.0,205.0986583710408,5.903839814360995,False,8929b6db577ffff,1.0,True,1.0,1.0,,False,False
40973102504,EVIT - Chaparral High School,SCOTTSDALE,Maricopa County,12,33.577489,-111.931685,2024-2025,748.0,30,226.0,346.2464380530974,0.2736806920251852,False,8929b6d8017ffff,1.0,True,1.0,1.0,,False,False
40973102505,EVIT - Desert Mountain High School,Scottsdale,Maricopa County,12,33.588809,-111.808928,2024-2025,827.0,24,171.0,344.38215789473685,4.391214996145871,False,8948eb365abffff,1.0,True,1.0,1.0,,False,False
40973102785,EVIT - Williams Field High School,GILBERT,Maricopa County,11,33.313946,-111.723438,2024-2025,423.0,39,300.0,329.19280666666657,3.2074724465437123,False,8948eba3323ffff,1.0,True,1.0,1.0,,False,False
40973102821,EVIT - Perry High School,GILBERT,Maricopa County,11,33.261689,-111.749077,2024-2025,567.0,36,324.0,388.3704382716049,1.8472841184183533,False,8948eba3597ffff,1.0,True,1.0,1.0,,False,False
40973102825,EVIT - Compadre High School,TEMPE,Maricopa County,12,33.364968,-111.948639,2024-2025,260.0,43,1649.0,618.3970024257125,4.655227415108373,False,8948eba62b7ffff,1.0,True,1.0,1.0,,False,False
40973102887,EVIT - Desert Ridge High School,MESA,Maricopa County,11,33.370465,-111.617725,2024-2025,380.0,43,412.0,277.1285,4.324734814968965,False,8948ebaa38fffff,1.0,True,1.0,1.0,,False,False
40973102890,EVIT - Highland High School,GILBERT,Maricopa County,11,33.362733,-111.698136,2024-2025,350.0,39,290.0,298.9827379310345,3.1392558399788757,False,8948eba13a3ffff,1.0,True,1.0,1.0,,False,False
40973102935,EVIT - Mesquite High School,GILBERT,Maricopa County,11,33.340599,-111.825526,2024-2025,311.0,46,508.0,272.64527755905505,2.083859090454473,False,8948eba2b53ffff,1.0,True,1.0,1.0,,False,False
40973102969,EVIT - Campo Verde High School,GILBERT,Maricopa County,11,33.279548,-111.761049,2024-2025,552.0,35,507.0,309.8932071005917,3.661603639910767,False,8948eba22c7ffff,1.0,True,1.0,1.0,,False,False
40973103017,EVIT - Combs High School,San Tan Valley,Pinal County,41,33.277378,-111.538499,2024-2025,323.0,11,22.0,168.7214090909091,3.2452463057398577,True,8948ebb916bffff,1.0,True,1.0,1.0,,False,False
40973103081,EVIT - Basha High School,CHANDLER,Maricopa County,11,33.220108,-111.757705,2024-2025,531.0,30,150.0,210.77128666666667,5.167873913757431,False,8948ebb18b7ffff,1.0,True,1.0,1.0,,False,False
40973103087,EVIT - Hamilton High School,CHANDLER,Maricopa County,11,33.252807,-111.842773,2024-2025,688.0,36,175.0,372.48908571428575,2.4372079377152622,False,8948ebb560fffff,1.0,True,1.0,1.0,,False,False
40973103224,EVIT - East Campus,MESA,Maricopa County,41,33.296045,-111.68576,2024-2025,423.0,38,337.0,321.38378635014834,1.7458500345864612,True,8948eba3247ffff,1.0,True,1.0,1.0,,False,False
40973103468,EVIT - Arizona College Prep Erie Campus,CHANDLER,Maricopa County,11,33.310392,-111.861505,2024-2025,220.0,46,748.0,324.6108770053476,2.8602310119652548,False,8948eba2d0bffff,1.0,True,1.0,1.0,,False,False
40973103487,EVIT - Casteel High School,QUEEN CREEK,Maricopa County,21,33.222208,-111.683798,2024-2025,530.0,29,153.0,542.3702875816994,5.968477479097951,False,8948ebbad53ffff,1.0,True,1.0,1.0,,False,False
40973103544,EVIT North Fountain Hills,FOUNTAIN HILLS,Maricopa County,21,33.619086,-111.708757,2024-2025,466.0,20,203.0,249.57535467980296,5.975408884341243,False,8948eb37023ffff,1.0,True,1.0,1.0,,False,False
40973103548,EVIT - East Valley Academy,MESA,Maricopa County,11,33.399511,-111.849545,2024-2025,156.0,45,784.0,357.58386479591843,3.769665306003154,False,8948eba5453ffff,1.0,True,1.0,1.0,,False,False
40973103549,EVIT East Apache Junction,APACHE JCT,Pinal County,21,33.391553,-111.562502,2024-2025,274.0,32,511.0,233.0902544031311,2.7027987754149017,False,8948eba86c7ffff,1.0,True,1.0,1.0,,False,False
40973103668,EVIT Cactus Shadows High School,CAVE CREEK,Maricopa County,12,33.785465,-111.955952,2024-2025,540.0,25,99.0,343.5347373737373,3.039391299922043,False,8929b6c8e37ffff,1.0,True,1.0,1.0,,False,False
40973103669,EVIT Eastmark High School,MESA,Maricopa County,11,33.322169,-111.626469,2024-2025,387.0,31,141.0,223.65549645390067,7.9639078840768756,False,8948ebaa4b3ffff,1.0,True,1.0,1.0,,False,False
40973103816,EVIT - Heritage Academy Gateway,QUEEN CREEK,Maricopa County,21,33.277389,-111.658482,2024-2025,,29,79.0,353.64015189873413,4.416687547342362,False,8948ebb8dcbffff,1.0,True,1.0,1.0,,False,False
40973103817,EVIT - Crismon High School,QUEEN CREEK,Maricopa County,41,33.220295,-111.610661,2024-2025,,30,111.0,258.47531531531536,2.3638133215531707,True,8948ebb84a7ffff,1.0,True,1.0,1.0,,False,False
40973103847,EVIT - American Leadership Academy Gilbert North,GILBERT,Maricopa County,11,33.331584,-111.723786,2024-2025,,39,175.0,288.8082,4.947915119487545,False,8948eba15afffff,1.0,True,1.0,1.0,,False,False
40973103849,EVIT - American Leadership Academy West Foothills,WADDELL,Maricopa County,41,33.567604,-112.43692,2024-2025,,30,117.0,156.59340170940175,3.886741841985549,True,8929b6999d3ffff,1.0,True,1.0,1.0,,False,False
40973103855,EVIT American Leadership Academy Ironwood K-12,QUEEN CREEK,Pinal County,41,33.221907,-111.572937,2024-2025,,34,306.0,275.702522875817,1.15774591186634,True,8948ebb869bffff,1.0,True,1.0,1.0,,False,False
40973103857,EVIT - American Leadership Academy Queen Creek,QUEEN CREEK,Maricopa County,21,33.231271,-111.65278,2024-2025,,30,128.0,352.8504296875,6.396890950517361,False,8948ebbae2fffff,1.0,True,1.0,1.0,,False,False
40973103858,EVIT - American Leadership Academy Anthem South,FLORENCE,Pinal County,41,33.072358,-111.487777,2024-2025,,15,63.0,266.77847619047617,11.582211400731532,True,8948eb80b23ffff,1.0,True,1.0,1.0,,False,False
40973103863,EVIT - American Leadership Academy of Applied Technologies,MESA,Maricopa County,41,33.28311,-111.66672,2024-2025,,28,192.0,314.18938541666665,3.501067254330607,True,8948ebb8d03ffff,1.0,True,1.0,1.0,,False,False
40973301040,Sedona Red Rock Junior/Senior High School,SEDONA,Yavapai County,41,34.84663,-111.831097,2024-2025,312.0,5,28.0,151.3409642857143,28.00728128343593,True,8929b2cb03bffff,1.0,True,1.0,0.8520710059171598,,False,False
40973301512,West Sedona Elementary School,SEDONA,Yavapai County,32,34.8727,-111.7859,2024-2025,238.0,28,228.0,456.050048245614,27.381419821486062,False,8948cd34923ffff,1.0,True,1.0,0.9940828402366864,,False,False
40973303188,Red Rock Academy,SEDONA,Yavapai County,41,34.84663,-111.831097,2024-2025,312.0,5,28.0,151.3409642857143,28.00728128343593,True,8929b2cb03bffff,1.0,True,1.0,0.8520710059171598,,False,False
40973503834,Desert Sage High School,TUCSON,Pima County,11,32.221132,-110.919342,2024-2025,,41,337.0,417.4199465875371,5.130572922579297,False,8948e8546cfffff,1.0,True,1.0,1.0,,False,False
40973603835,Legacy Traditional-San Tan,San Tan Valley,Pinal County,21,33.204552,-111.584413,2024-2025,,37,162.0,391.6512716049383,1.762702404623433,False,8948ebbb1b3ffff,1.0,True,1.0,1.0,,False,False
40973703762,Great Hearts Online - Arizona,PHOENIX,Maricopa County,11,33.456048,-111.986737,2024-2025,,43,590.0,296.51810847457625,8.850476207553056,False,8948eba4887ffff,1.0,True,1.0,1.0,,False,False
40973803836,The Excel Center - Papago,PHOENIX,Maricopa County,11,33.465276,-111.977159,2024-2025,,42,580.0,357.56565,9.994030090049286,False,8948eba480bffff,1.0,True,1.0,1.0,,False,False
40973903837,Explore Academy - Peoria,PEORIA,Maricopa County,21,33.643843,-112.254606,2024-2025,,46,352.0,338.5889517045455,5.8031325741535,False,8929b6d58a3ffff,1.0,True,1.0,1.0,,False,False
40974003838,Sun Valley Academy-Glendale,Glendale,Maricopa County,21,33.52182,-112.235596,2024-2025,,35,281.0,312.4652241992883,7.977143269399256,False,8929b6d7427ffff,1.0,True,1.0,1.0,,False,False
40974103839,Heartwood AZ,MESA,Maricopa County,11,33.419995,-111.822326,2024-2025,,43,594.0,292.33932828282826,6.234939933903511,False,8948eba564fffff,1.0,True,1.0,1.0,,False,False
40974203840,BASIS Phoenix North,Phoenix,Maricopa County,11,33.864725,-112.149114,2024-2025,,28,257.0,231.07724513618675,1.4530545172098066,False,8929b6ccd5bffff,1.0,True,1.0,1.0,,False,False
40974303841,Paul Revere Academy,MESA,Maricopa County,11,33.412538,-111.864586,2024-2025,,47,746.0,351.29468900804284,5.113333235382868,False,8948eba542fffff,1.0,True,1.0,1.0,,False,False
40974403844,Premier Prep Online Academy,GILBERT,Maricopa County,11,33.358698,-111.788064,2024-2025,,45,359.0,406.40038718662953,2.4747729925372464,False,8948eba0e8bffff,1.0,True,1.0,1.0,,False,False
40974503850,Virtual Preparation Academy of Arizona,MESA,Maricopa County,11,33.42362,-111.793099,2024-2025,,44,489.0,477.5329263803681,4.644062937527812,False,8948ebae42fffff,1.0,True,1.0,1.0,,False,False
40974603602,Heritage Academy Maricopa,MARICOPA,Pinal County,23,33.048324,-112.008219,2024-2025,,32,259.0,285.9696023166023,0.7816241204947251,False,8948e94e127ffff,1.0,True,1.0,1.0,,False,False
40974703852,Heritage Academy Pointe,PHOENIX,Maricopa County,11,33.578947,-112.151106,2024-2025,,45,435.0,355.860967816092,6.341121692126015,False,8929b6d0b77ffff,1.0,True,1.0,1.0,,False,False
40974803864,Albert Einstein Academy,SCOTTSDALE,Maricopa County,12,33.527942,-111.902678,2024-2025,,39,878.0,209.7703553530752,5.8846394283024654,False,8929b6db577ffff,1.0,True,1.0,1.0,,False,False
40974903878,San Tan Charter School,Mesa,Maricopa County,41,33.277374,-111.583224,2024-2025,,18,92.0,384.3568478260869,4.472317443787858,True,8948ebb9cb7ffff,1.0,True,1.0,1.0,,False,False
120048010753,GREAT HEARTS JACKSONVILLE,PHOENIX,Maricopa County,11,33.446648,-111.977644,2024-2025,,45,602.0,353.213646179402,7.955846859605733,False,8948eba4c73ffff,1.0,True,1.0,1.0,,False,False
490090000491,Navajo Mountain High,NAVAJO MT,San Juan County,43,37.05971,-110.779917,2024-2025,128.0,0,0.0,,52.29323545198989,True,8929967a587ffff,,False,0.0,0.0,Navajo Nation,True,False
590002900073,Hopi Day School,Kykotsmovi,Navajo County,43,35.876227,-110.614947,2024-2025,128.0,2,3.0,65.679,6.253106496077253,True,8948c94e2afffff,1.0,True,1.0,0.9467455621301775,Hopi,True,False
590003000106,Santa Rosa Day School,Sells,Pima County,43,32.351509,-112.062505,2024-2025,146.0,1,1.0,47.074,0.4325082586077385,True,8948e9d10c3ffff,1.0,True,1.0,0.8875739644970414,Tohono O'odham Nation,True,False
590003200010,Cottonwood Day School,Chinle,Apache County,43,36.073654,-109.891073,2024-2025,112.0,2,15.0,45.28746666666667,25.28148373404216,True,8948cb10397ffff,1.0,True,1.0,0.9940828402366864,Navajo Nation,True,False
590003500146,Red Rock Day School,Red Valley,Apache County,43,36.596501,-109.056995,2024-2025,142.0,0,0.0,,1.4601217985071917,True,89269b45633ffff,1.0,True,0.757396449704142,0.757396449704142,Navajo Nation,True,True
590003700188,Tuba City Boarding School,Tuba City,Coconino County,33,36.133449,-111.240929,2024-2025,180.0,23,458.0,259.9279694323144,0.6473618587662089,False,8948c929ed3ffff,1.0,True,1.0,1.0,Navajo Nation,True,False
590004000077,Moencopi Day School,Tuba City,Coconino County,41,36.115429,-111.227551,2024-2025,182.0,15,300.0,278.0860666666667,1.3856355176592947,True,8948c929023ffff,1.0,True,1.0,1.0,Hopi,True,False
590004300014,Nazlini Community School,Ganado,Apache County,43,35.896311,-109.451817,2024-2025,110.0,2,3.0,20.09733333333333,22.119286671382056,True,8948cbc105bffff,1.0,True,0.9940828402366864,0.9408284023668639,Navajo Nation,True,False
590004900066,Hunters Point Boarding School,St. Michaels,Apache County,43,35.592278,-109.103742,2024-2025,125.0,1,2.0,31.0515,3.6192085799842775,True,8948caaac03ffff,1.0,True,1.0,0.9408284023668639,Navajo Nation,True,False
590005200175,Chilchinbeto Community School,Kayenta,Navajo County,43,36.52701,-110.081214,2024-2025,102.0,5,29.0,59.36468965517242,27.17811892357028,True,8948cb38863ffff,1.0,True,1.0,0.9763313609467456,Navajo Nation,True,False
590006200070,Wide Ruins Community School,Chambers,Apache County,43,35.41958,-109.497425,2024-2025,108.0,1,1.0,56.665,18.930408300920625,True,8948c87902bffff,1.0,True,1.0,0.9467455621301775,Navajo Nation,True,False
590006300180,Kayenta Community School,Kayenta,Navajo County,43,36.730999,-110.249765,2024-2025,105.0,13,110.0,50.02124545454546,1.6960166888152934,True,8948cb2ea6fffff,1.0,True,1.0,0.9526627218934911,Navajo Nation,True,False
590006500143,Cove Day School,Red Valley,Apache County,43,36.558631,-109.219096,2024-2025,116.0,0,0.0,,13.649646374467132,True,89269b4f203ffff,0.0,True,0.9585798816568047,0.2781065088757396,Navajo Nation,True,True
590007200074,Hopi Jr/Sr High School,Keams Canyon,Navajo County,43,35.8162,-110.30779,2024-2025,115.0,2,4.0,42.787,3.0895160403077893,True,8948cb94bbbffff,1.0,True,1.0,0.9822485207100592,Hopi,True,False
590007600059,John F. Kennedy Day School,Whiteriver,Gila County,43,33.898733,-110.171652,2024-2025,76.0,0,0.0,,22.353746181252813,True,8948cc1436bffff,1.0,True,0.9881656804733728,0.8520710059171598,Fort Apache,True,True
590007900011,Jeehdeez'a Elementary School,Pinon,Navajo County,43,35.940224,-110.113005,2024-2025,108.0,1,1.0,17.99,2.328464836881234,True,8948cb8e157ffff,1.0,True,0.8579881656804734,0.6863905325443787,Navajo Nation,True,False
590008200079,Second Mesa Day School,Second Mesa,Navajo County,43,35.791995,-110.505282,2024-2025,120.0,3,6.0,51.646,3.864033433863556,True,8948c94ac9bffff,1.0,True,0.9289940828402367,0.44970414201183434,Hopi,True,False
590008600107,Santa Rosa Ranch School,Sells,Pima County,43,32.118927,-111.682206,2024-2025,213.0,0,0.0,,12.140285752473376,True,8948e8b8c7bffff,0.0,True,1.0,0.5739644970414202,Tohono O'odham Nation,True,True
590008800015,Pinon Community School,Pinon,Navajo County,43,36.101059,-110.22463,2024-2025,111.0,4,4.0,39.023,9.797515237522196,True,8948cbb834fffff,1.0,True,1.0,1.0,Navajo Nation,True,False
590008900185,Rocky Ridge Boarding School,KYKOTSMOVI,Navajo County,43,36.071684,-110.59344,2024-2025,119.0,1,1.0,43.389,7.150379969790226,True,8948cbb409bffff,1.0,True,1.0,0.8757396449704142,Navajo Nation,True,False
590009900176,Dennehotso Boarding School,Dennehotso,Apache County,43,36.846153,-109.84482,2024-2025,124.0,5,10.0,70.4943,3.821822554169979,True,89269a64357ffff,1.0,True,1.0,0.9289940828402367,Navajo Nation,True,False
590010200008,Black Mesa Community School,Pinon,Navajo County,43,36.344104,-110.055536,2024-2025,101.0,0,0.0,,20.083575057278583,True,8948cb04e5bffff,1.0,True,1.0,0.7869822485207101,Navajo Nation,True,True
590010900067,Kin Dah Lichi'i Olta,Ganado,Apache County,43,35.733116,-109.418342,2024-2025,97.0,0,0.0,,10.629052830780736,True,8948cbda557ffff,1.0,True,1.0,0.9644970414201184,Navajo Nation,True,True
590011000181,Leupp School Inc.,Leupp,Coconino County,43,35.29832,-111.009347,2024-2025,217.0,1,1.0,59.354,20.009115653851826,True,8948c9d4177ffff,1.0,True,1.0,1.0,Navajo Nation,True,False
590011200012,Lukachukai Community School,Lukachukai,Apache County,43,36.41716,-109.229681,2024-2025,86.0,1,3.0,17.139,12.900125777190196,True,8948cb48913ffff,1.0,True,1.0,0.9881656804733728,Navajo Nation,True,False
590012000112,Salt River Elementary School,Scottsdale,Maricopa County,41,33.506624,-111.831773,2024-2025,208.0,8,15.0,205.49786666666665,11.016711723647324,True,8948ebaeb03ffff,1.0,True,1.0,1.0,Salt River,True,False
590012100078,First Mesa Elementary School,Polacca,Navajo County,43,35.811347,-110.398995,2024-2025,116.0,0,0.0,,11.22324284389368,True,8948c94b16fffff,0.0,True,0.9053254437869822,0.2485207100591716,Hopi,True,True
590012200016,Rock Point Community School,Rock Point,Apache County,43,36.717144,-109.617902,2024-2025,115.0,1,2.0,68.697,1.2271328441595688,True,8948cb6f477ffff,1.0,True,1.0,0.9526627218934911,Navajo Nation,True,False
590012800186,Shonto Preparatory School,Shonto,Navajo County,43,36.600444,-110.656636,2024-2025,123.0,8,17.0,96.7269411764706,0.1335932115504901,True,892996c8db7ffff,1.0,True,1.0,0.9822485207100592,Navajo Nation,True,False
590013100075,Hotevilla Bacavi Community School,Hotevilla,Navajo County,43,35.921712,-110.667368,2024-2025,130.0,0,0.0,,0.902200596017621,True,8948c94e86bffff,1.0,True,0.9881656804733728,0.8816568047337278,Hopi,True,True
590013200060,Theodore Roosevelt School,Ft. Apache,Navajo County,43,33.790127,-109.987971,2024-2025,61.0,7,34.0,20.33705882352941,3.528432006999159,True,8948cc10203ffff,1.0,True,1.0,0.9526627218934911,Fort Apache,True,False
590013300178,Greyhills Academy High School,Tuba City,Coconino County,33,36.126956,-111.221233,2024-2025,182.0,25,424.0,262.668733490566,2.4027096465491784,False,8948c929313ffff,1.0,True,1.0,1.0,Navajo Nation,True,False
590013900063,Dilcon Community School,Winslow,Navajo County,43,35.370698,-110.330029,2024-2025,124.0,3,14.0,80.827,2.451895781335827,True,8948c822183ffff,1.0,True,1.0,1.0,Navajo Nation,True,False
590014200109,Blackwater Community School,Coolidge,Pinal County,42,33.031406,-111.579468,2024-2025,222.0,2,3.0,122.53533333333333,9.41699959651437,True,8948eb87567ffff,1.0,True,1.0,1.0,Gila River,True,False
590014500058,Dishchii'bikoh Community School,Cibecue,Navajo County,43,34.034736,-110.494237,2024-2025,134.0,3,13.0,28.753,1.591119979933033,True,8948ccac677ffff,1.0,True,0.9053254437869822,0.7218934911242604,Fort Apache,True,False
590014800009,Many Farms Community School,Many Farms,Apache County,43,36.348377,-109.618387,2024-2025,95.0,5,26.0,80.64753846153846,0.4977439547757416,True,8948cb46d8fffff,1.0,True,1.0,0.9822485207100592,Navajo Nation,True,False
590015200068,Pine Springs Day School,Houck,Apache County,43,35.405395,-109.279571,2024-2025,122.0,0,0.0,,19.66239076365864,True,8948cab2b4bffff,1.0,True,1.0,0.9763313609467456,Navajo Nation,True,True
590015600105,San Simon School,Sells,Cochise County,43,32.266465,-109.223201,2024-2025,198.0,7,45.0,193.54246666666663,34.64834127553976,True,8948c5a9b37ffff,1.0,True,1.0,1.0,,False,False
590015900182,Little Singer Community School,Winslow,Navajo County,43,35.244016,-110.734884,2024-2025,205.0,0,0.0,,26.36304920989057,True,8948c9dad8bffff,0.0,True,1.0,0.23076923076923078,Navajo Nation,True,True
590016100013,Many Farms High School,Many Farms,Apache County,43,36.348377,-109.618387,2024-2025,95.0,5,26.0,80.64753846153846,0.4977439547757416,True,8948cb46d8fffff,1.0,True,1.0,0.9822485207100592,Navajo Nation,True,False
590016500072,Havasupai Elementary School,Supai,Coconino County,43,36.237018,-112.689056,2024-2025,253.0,0,0.0,,2.893281467871021,True,892994ab197ffff,,False,0.0,0.0,Havasupai,True,False
590016800150,T'iis Nazbas Community School,Teec Nos Pos,Apache County,43,36.90391,-109.108204,2024-2025,146.0,1,1.0,0.445,28.662289802963382,True,89269b52627ffff,1.0,True,0.9349112426035503,0.7633136094674556,Navajo Nation,True,False
590016900108,Tohono O'odham High School,SELLS,Pima County,43,32.18663,-112.40684,2024-2025,182.0,3,4.0,26.15175,21.08160241535339,True,8948ed656a7ffff,0.0,True,1.0,0.650887573964497,Tohono O'odham Nation,True,False
590017000187,Tonalea Day School,Tonalea,Coconino County,43,36.323965,-110.949793,2024-2025,141.0,13,76.0,240.86510526315797,22.9390221539058,True,892996d64dbffff,1.0,True,1.0,1.0,Navajo Nation,True,False
590017100017,Rough Rock Community School,Chinle,Apache County,43,36.413631,-109.872572,2024-2025,97.0,0,0.0,,7.782521564312789,True,8948cb0c323ffff,1.0,True,1.0,0.9585798816568047,Navajo Nation,True,True
590017500076,Keams Canyon Elementary School,Keams Canyon,Navajo County,43,35.810265,-110.190495,2024-2025,112.0,3,33.0,56.08915151515152,7.580708935145538,True,8948cb95acbffff,1.0,True,0.9704142011834319,0.8698224852071006,Hopi,True,False
590018000179,Kaibeto Boarding School,Kaibeto,Coconino County,43,36.582379,-111.094362,2024-2025,144.0,14,76.0,60.667263157894745,26.72387145165809,True,892996126d7ffff,1.0,True,1.0,1.0,Navajo Nation,True,False
590018200064,Greasewood Springs Community School Inc.,Ganado,Navajo County,43,35.524506,-109.854766,2024-2025,128.0,1,3.0,141.91266666666667,1.0155319434413643,True,8948c867053ffff,1.0,True,1.0,1.0,Navajo Nation,True,False
590018600110,Casa Blanca Community School,Bapchule,Pinal County,41,33.131653,-111.967171,2024-2025,209.0,0,0.0,,7.665195218512136,True,8948e94ce67ffff,1.0,True,1.0,1.0,Gila River,True,True
590019200111,Gila Crossing Community School,Laveen,Maricopa County,41,33.289335,-112.158999,2024-2025,359.0,10,75.0,479.9617466666666,0.3426924306799715,True,8948e96a103ffff,1.0,True,1.0,1.0,Gila River,True,False
590019300069,Seba Dalkai Boarding School,Winslow,Navajo County,43,35.498954,-110.447983,2024-2025,133.0,0,0.0,,2.103357643536349,True,8948c824093ffff,1.0,True,1.0,0.9526627218934911,Navajo Nation,True,True
